date,open,high,low,close,volume
2024-01-01 09:15:00+05:30,5209.95,5225.0,5178.05,5194.65,12432
2024-01-01 09:30:00+05:30,5189.35,5198.65,5180.0,5189.2,1802
2024-01-01 09:45:00+05:30,5189.2,5198.6,5188.05,5190.1,745
2024-01-01 10:00:00+05:30,5190.1,5192.55,5172.6,5179.7,1550
2024-01-01 10:15:00+05:30,5179.7,5182.85,5166.0,5172.6,887
2024-01-01 10:30:00+05:30,5172.6,5185.0,5160.05,5164.75,3444
2024-01-01 10:45:00+05:30,5164.75,5170.0,5160.35,5165.3,1247
2024-01-01 11:00:00+05:30,5165.2,5167.6,5144.05,5145.0,2451
2024-01-01 11:15:00+05:30,5145.0,5146.3,5128.95,5146.15,2231
2024-01-01 11:30:00+05:30,5146.15,5159.3,5133.95,5148.45,4877
2024-01-01 11:45:00+05:30,5148.45,5180.9,5147.85,5173.6,5847
2024-01-01 12:00:00+05:30,5173.6,5178.3,5166.0,5170.15,1883
2024-01-01 12:15:00+05:30,5170.15,5175.0,5166.75,5168.35,1119
2024-01-01 12:30:00+05:30,5168.35,5176.35,5163.1,5176.3,2133
2024-01-01 12:45:00+05:30,5176.3,5176.45,5160.7,5165.15,2210
2024-01-01 13:00:00+05:30,5165.15,5169.45,5161.2,5162.25,1263
2024-01-01 13:15:00+05:30,5162.25,5167.4,5143.05,5144.65,4647
2024-01-01 13:30:00+05:30,5144.65,5148.3,5125.25,5133.75,8649
2024-01-01 13:45:00+05:30,5133.75,5152.55,5132.55,5143.75,4466
2024-01-01 14:00:00+05:30,5143.75,5153.0,5142.45,5151.35,1961
2024-01-01 14:15:00+05:30,5151.35,5163.85,5147.5,5157.8,2475
2024-01-01 14:30:00+05:30,5157.9,5167.4,5147.85,5148.85,3148
2024-01-01 14:45:00+05:30,5148.85,5157.65,5146.65,5149.95,2361
2024-01-01 15:00:00+05:30,5149.95,5150.0,5108.45,5119.9,10667
2024-01-01 15:15:00+05:30,5118.4,5136.35,5093.2,5111.0,15260
2024-01-02 09:15:00+05:30,5135.0,5173.6,5113.85,5161.4,9441
2024-01-02 09:30:00+05:30,5161.4,5169.7,5136.75,5150.9,4069
2024-01-02 09:45:00+05:30,5150.9,5169.4,5142.0,5147.0,3328
2024-01-02 10:00:00+05:30,5147.0,5169.1,5138.55,5156.25,4222
2024-01-02 10:15:00+05:30,5152.35,5179.0,5147.9,5147.9,4332
2024-01-02 10:30:00+05:30,5147.75,5168.5,5135.55,5141.8,3258
2024-01-02 10:45:00+05:30,5141.8,5152.5,5133.85,5149.3,4341
2024-01-02 11:00:00+05:30,5151.45,5168.0,5143.8,5148.45,2970
2024-01-02 11:15:00+05:30,5148.45,5160.9,5132.4,5153.4,2884
2024-01-02 11:30:00+05:30,5153.4,5159.9,5147.8,5151.1,2040
2024-01-02 11:45:00+05:30,5151.1,5156.9,5150.0,5153.25,2084
2024-01-02 12:00:00+05:30,5153.25,5179.8,5150.0,5170.7,3153
2024-01-02 12:15:00+05:30,5170.7,5179.0,5164.05,5176.5,1902
2024-01-02 12:30:00+05:30,5176.5,5184.0,5173.75,5176.55,2325
2024-01-02 12:45:00+05:30,5176.55,5182.0,5170.05,5182.0,2187
2024-01-02 13:00:00+05:30,5182.0,5185.1,5172.05,5176.55,2226
2024-01-02 13:15:00+05:30,5176.55,5191.15,5175.05,5189.7,3993
2024-01-02 13:30:00+05:30,5189.7,5195.25,5184.1,5189.9,4157
2024-01-02 13:45:00+05:30,5189.9,5195.0,5175.05,5183.05,5504
2024-01-02 14:00:00+05:30,5183.05,5197.2,5178.05,5179.95,4325
2024-01-02 14:15:00+05:30,5180.5,5193.25,5179.75,5190.65,3960
2024-01-02 14:30:00+05:30,5190.65,5199.9,5189.1,5195.3,3992
2024-01-02 14:45:00+05:30,5194.95,5196.6,5177.9,5181.85,5066
2024-01-02 15:00:00+05:30,5181.85,5194.75,5173.7,5187.1,5550
2024-01-02 15:15:00+05:30,5187.9,5195.0,5177.2,5180.0,8817
2024-01-03 09:15:00+05:30,5201.95,5208.05,5165.85,5194.9,12429
2024-01-03 09:30:00+05:30,5193.05,5204.35,5163.9,5192.35,7119
2024-01-03 09:45:00+05:30,5192.35,5205.0,5191.3,5193.9,6828
2024-01-03 10:00:00+05:30,5196.95,5208.9,5188.1,5188.2,7251
2024-01-03 10:15:00+05:30,5188.2,5195.8,5178.0,5180.0,3846
2024-01-03 10:30:00+05:30,5180.0,5193.35,5175.5,5181.9,5909
2024-01-03 10:45:00+05:30,5182.6,5189.65,5178.8,5183.25,5892
2024-01-03 11:00:00+05:30,5183.25,5194.95,5182.1,5188.45,6176
2024-01-03 11:15:00+05:30,5189.75,5208.0,5188.5,5203.45,5508
2024-01-03 11:30:00+05:30,5203.45,5207.4,5186.05,5190.0,7639
2024-01-03 11:45:00+05:30,5190.0,5195.4,5156.2,5164.2,17203
2024-01-03 12:00:00+05:30,5164.2,5192.75,5162.5,5192.1,4899
2024-01-03 12:15:00+05:30,5192.6,5194.4,5175.55,5186.25,4712
2024-01-03 12:30:00+05:30,5186.3,5193.4,5182.05,5192.95,4135
2024-01-03 12:45:00+05:30,5193.0,5210.95,5190.15,5208.1,5545
2024-01-03 13:00:00+05:30,5210.55,5214.9,5174.95,5214.9,16843
2024-01-03 13:15:00+05:30,5214.85,5214.95,5201.6,5210.0,5828
2024-01-03 13:30:00+05:30,5210.0,5214.0,5192.75,5207.3,5741
2024-01-03 13:45:00+05:30,5207.3,5219.15,5205.15,5210.0,6380
2024-01-03 14:00:00+05:30,5211.9,5216.95,5201.05,5214.2,8916
2024-01-03 14:15:00+05:30,5215.05,5239.7,5208.75,5235.0,19310
2024-01-03 14:30:00+05:30,5235.0,5250.0,5229.45,5243.85,11939
2024-01-03 14:45:00+05:30,5246.8,5266.95,5239.95,5244.9,38831
2024-01-03 15:00:00+05:30,5245.0,5245.0,5231.45,5241.9,16486
2024-01-03 15:15:00+05:30,5244.35,5258.6,5207.1,5250.0,34825
2024-01-04 09:15:00+05:30,5240.5,5252.0,5228.6,5238.75,22597
2024-01-04 09:30:00+05:30,5238.55,5300.0,5238.45,5281.4,24348
2024-01-04 09:45:00+05:30,5281.4,5289.4,5265.35,5279.0,13262
2024-01-04 10:00:00+05:30,5279.0,5288.9,5269.0,5280.0,14039
2024-01-04 10:15:00+05:30,5280.0,5286.6,5274.05,5280.75,11708
2024-01-04 10:30:00+05:30,5280.75,5301.0,5276.0,5286.8,27130
2024-01-04 10:45:00+05:30,5286.8,5300.0,5281.05,5297.75,8828
2024-01-04 11:00:00+05:30,5298.05,5298.65,5288.95,5297.4,5846
2024-01-04 11:15:00+05:30,5297.6,5298.0,5281.1,5286.2,6711
2024-01-04 11:30:00+05:30,5286.4,5298.0,5283.55,5296.55,12791
2024-01-04 11:45:00+05:30,5294.25,5301.0,5287.05,5289.85,6839
2024-01-04 12:00:00+05:30,5289.85,5294.95,5280.4,5286.65,22687
2024-01-04 12:15:00+05:30,5285.55,5293.15,5280.05,5286.8,37440
2024-01-04 12:30:00+05:30,5286.8,5292.7,5284.25,5286.0,64381
2024-01-04 12:45:00+05:30,5286.0,5288.2,5283.85,5286.0,6191
2024-01-04 13:00:00+05:30,5286.0,5286.0,5271.05,5280.0,8921
2024-01-04 13:15:00+05:30,5282.1,5285.0,5272.25,5277.25,9994
2024-01-04 13:30:00+05:30,5277.25,5279.95,5268.25,5273.0,10555
2024-01-04 13:45:00+05:30,5273.0,5276.3,5265.4,5271.7,8395
2024-01-04 14:00:00+05:30,5271.7,5274.0,5260.0,5265.15,18686
2024-01-04 14:15:00+05:30,5265.15,5267.9,5247.55,5262.1,12319
2024-01-04 14:30:00+05:30,5262.1,5264.4,5246.0,5250.3,11604
2024-01-04 14:45:00+05:30,5250.3,5272.95,5250.3,5263.0,14135
2024-01-04 15:00:00+05:30,5262.95,5269.65,5246.75,5268.45,24457
2024-01-04 15:15:00+05:30,5268.45,5288.0,5241.5,5288.0,34167
2024-01-05 09:15:00+05:30,5275.0,5305.0,5263.6,5282.45,19543
2024-01-05 09:30:00+05:30,5282.45,5307.9,5271.3,5304.0,13045
2024-01-05 09:45:00+05:30,5304.0,5315.5,5300.0,5310.05,9019
2024-01-05 10:00:00+05:30,5312.95,5312.95,5290.0,5297.9,9563
2024-01-05 10:15:00+05:30,5292.75,5299.0,5274.45,5282.95,7767
2024-01-05 10:30:00+05:30,5282.95,5284.7,5255.05,5255.1,7305
2024-01-05 10:45:00+05:30,5255.1,5258.7,5235.7,5253.0,10096
2024-01-05 11:00:00+05:30,5253.0,5256.25,5233.25,5243.45,6823
2024-01-05 11:15:00+05:30,5243.45,5243.45,5202.95,5205.0,13619
2024-01-05 11:30:00+05:30,5205.0,5230.0,5205.0,5229.45,5869
2024-01-05 11:45:00+05:30,5229.45,5238.2,5218.85,5229.0,5273
2024-01-05 12:00:00+05:30,5229.0,5241.9,5226.1,5236.85,4933
2024-01-05 12:15:00+05:30,5239.0,5260.05,5236.85,5254.35,6342
2024-01-05 12:30:00+05:30,5254.35,5257.65,5237.15,5247.5,5729
2024-01-05 12:45:00+05:30,5247.5,5253.0,5243.25,5246.85,5087
2024-01-05 13:00:00+05:30,5246.85,5258.45,5243.3,5250.4,5492
2024-01-05 13:15:00+05:30,5250.4,5265.0,5247.0,5261.6,6479
2024-01-05 13:30:00+05:30,5261.6,5268.85,5244.05,5255.2,8518
2024-01-05 13:45:00+05:30,5255.2,5261.8,5246.45,5249.95,6097
2024-01-05 14:00:00+05:30,5249.95,5253.0,5232.2,5238.8,6028
2024-01-05 14:15:00+05:30,5238.8,5240.15,5214.45,5227.3,8067
2024-01-05 14:30:00+05:30,5224.55,5232.4,5216.65,5228.2,7675
2024-01-05 14:45:00+05:30,5227.9,5240.0,5223.7,5239.55,8985
2024-01-05 15:00:00+05:30,5239.55,5245.0,5232.15,5240.75,15453
2024-01-05 15:15:00+05:30,5239.4,5274.0,5227.9,5274.0,16662
2024-01-08 09:15:00+05:30,5230.0,5235.35,5187.0,5205.85,6699
2024-01-08 09:30:00+05:30,5205.85,5209.4,5181.1,5190.0,3460
2024-01-08 09:45:00+05:30,5190.0,5204.85,5186.2,5196.55,820
2024-01-08 10:00:00+05:30,5196.55,5203.45,5182.05,5187.65,1867
2024-01-08 10:15:00+05:30,5183.8,5196.55,5175.0,5195.0,3012
2024-01-08 10:30:00+05:30,5195.0,5199.5,5186.15,5189.1,839
2024-01-08 10:45:00+05:30,5189.1,5192.9,5179.5,5184.05,900
2024-01-08 11:00:00+05:30,5184.05,5186.0,5150.55,5174.95,3211
2024-01-08 11:15:00+05:30,5174.95,5180.4,5166.65,5178.55,1061
2024-01-08 11:30:00+05:30,5178.55,5186.0,5171.3,5185.85,873
2024-01-08 11:45:00+05:30,5183.2,5186.0,5167.05,5168.35,1271
2024-01-08 12:00:00+05:30,5168.35,5182.15,5168.35,5179.45,784
2024-01-08 12:15:00+05:30,5179.45,5186.0,5174.4,5181.2,618
2024-01-08 12:30:00+05:30,5181.2,5186.0,5178.6,5182.45,192
2024-01-08 12:45:00+05:30,5182.45,5186.0,5179.6,5180.25,311
2024-01-08 13:00:00+05:30,5180.25,5185.8,5180.25,5185.8,307
2024-01-08 13:15:00+05:30,5185.8,5190.0,5183.05,5187.5,1213
2024-01-08 13:30:00+05:30,5187.5,5192.15,5182.65,5182.65,455
2024-01-08 13:45:00+05:30,5183.75,5189.95,5179.6,5181.75,709
2024-01-08 14:00:00+05:30,5181.75,5186.2,5175.1,5180.35,1149
2024-01-08 14:15:00+05:30,5180.35,5189.3,5175.7,5177.55,1241
2024-01-08 14:30:00+05:30,5180.7,5192.75,5175.55,5183.25,3194
2024-01-08 14:45:00+05:30,5179.75,5196.9,5179.55,5194.5,1715
2024-01-08 15:00:00+05:30,5194.6,5198.95,5189.0,5194.95,4157
2024-01-08 15:15:00+05:30,5194.95,5228.7,5188.6,5223.0,8923
2024-01-09 09:15:00+05:30,5230.0,5257.45,5225.0,5252.7,9306
2024-01-09 09:30:00+05:30,5255.35,5268.7,5240.1,5253.0,9553
2024-01-09 09:45:00+05:30,5253.8,5257.45,5227.55,5244.8,13401
2024-01-09 10:00:00+05:30,5246.2,5250.0,5230.3,5234.4,4948
2024-01-09 10:15:00+05:30,5234.7,5237.0,5221.55,5230.0,5616
2024-01-09 10:30:00+05:30,5230.0,5237.0,5230.0,5234.9,4588
2024-01-09 10:45:00+05:30,5232.75,5246.55,5227.2,5239.65,5999
2024-01-09 11:00:00+05:30,5239.65,5252.05,5231.0,5231.5,6796
2024-01-09 11:15:00+05:30,5231.5,5249.9,5231.3,5242.65,3107
2024-01-09 11:30:00+05:30,5242.65,5256.15,5240.45,5249.1,3162
2024-01-09 11:45:00+05:30,5249.1,5252.7,5245.9,5252.5,2470
2024-01-09 12:00:00+05:30,5252.5,5252.5,5247.05,5250.0,2145
2024-01-09 12:15:00+05:30,5250.0,5250.0,5242.25,5244.95,4848
2024-01-09 12:30:00+05:30,5244.95,5247.3,5216.15,5223.4,5130
2024-01-09 12:45:00+05:30,5223.4,5224.0,5211.0,5216.8,6908
2024-01-09 13:00:00+05:30,5216.8,5227.3,5194.9,5196.4,6662
2024-01-09 13:15:00+05:30,5196.4,5200.0,5184.0,5188.0,6208
2024-01-09 13:30:00+05:30,5188.0,5188.0,5179.4,5186.05,5705
2024-01-09 13:45:00+05:30,5186.05,5188.0,5182.1,5186.2,3360
2024-01-09 14:00:00+05:30,5186.2,5188.0,5182.0,5187.95,6232
2024-01-09 14:15:00+05:30,5187.95,5187.95,5165.55,5167.3,4216
2024-01-09 14:30:00+05:30,5167.85,5186.9,5166.5,5178.95,5098
2024-01-09 14:45:00+05:30,5176.75,5186.5,5174.0,5186.4,7484
2024-01-09 15:00:00+05:30,5187.6,5188.0,5167.25,5170.35,13128
2024-01-09 15:15:00+05:30,5170.3,5188.0,5168.9,5188.0,12450
2024-01-10 09:15:00+05:30,5222.9,5225.0,5170.05,5170.05,9002
2024-01-10 09:30:00+05:30,5173.8,5189.85,5158.05,5182.95,5947
2024-01-10 09:45:00+05:30,5182.95,5184.9,5151.85,5163.8,2610
2024-01-10 10:00:00+05:30,5163.8,5163.8,5135.05,5143.5,3842
2024-01-10 10:15:00+05:30,5143.5,5152.45,5126.55,5142.7,4009
2024-01-10 10:30:00+05:30,5142.7,5151.9,5135.65,5137.75,2336
2024-01-10 10:45:00+05:30,5138.2,5144.95,5107.05,5118.0,6310
2024-01-10 11:00:00+05:30,5118.0,5134.4,5107.55,5130.0,5217
2024-01-10 11:15:00+05:30,5130.0,5130.95,5112.1,5117.8,3082
2024-01-10 11:30:00+05:30,5117.0,5118.55,5082.0,5088.0,20465
2024-01-10 11:45:00+05:30,5088.0,5096.5,5080.85,5084.8,10393
2024-01-10 12:00:00+05:30,5084.8,5093.95,5073.0,5081.8,46222
2024-01-10 12:15:00+05:30,5081.8,5094.6,5081.25,5091.75,11750
2024-01-10 12:30:00+05:30,5092.0,5094.55,5078.0,5084.0,8241
2024-01-10 12:45:00+05:30,5084.0,5093.9,5084.0,5086.65,9081
2024-01-10 13:00:00+05:30,5086.65,5100.7,5085.0,5097.75,4130
2024-01-10 13:15:00+05:30,5097.75,5100.0,5095.25,5098.15,13812
2024-01-10 13:30:00+05:30,5099.0,5100.25,5097.9,5098.2,3278
2024-01-10 13:45:00+05:30,5098.2,5115.5,5097.6,5113.85,2017
2024-01-10 14:00:00+05:30,5113.85,5120.0,5105.05,5115.0,2460
2024-01-10 14:15:00+05:30,5115.0,5120.95,5109.95,5114.05,2366
2024-01-10 14:30:00+05:30,5114.05,5120.0,5112.55,5116.35,3077
2024-01-10 14:45:00+05:30,5120.0,5125.0,5115.95,5118.3,8561
2024-01-10 15:00:00+05:30,5118.3,5120.3,5103.9,5112.2,7270
2024-01-10 15:15:00+05:30,5112.2,5140.25,5112.2,5126.2,17159
2024-01-11 09:15:00+05:30,5128.05,5156.05,5090.6,5091.85,4767
2024-01-11 09:30:00+05:30,5098.35,5115.8,5084.75,5094.95,4936
2024-01-11 09:45:00+05:30,5094.95,5096.75,5075.0,5085.15,4593
2024-01-11 10:00:00+05:30,5085.15,5093.1,5065.0,5068.75,6982
2024-01-11 10:15:00+05:30,5068.35,5080.45,5059.2,5064.1,6381
2024-01-11 10:30:00+05:30,5065.65,5066.0,5050.75,5054.8,3493
2024-01-11 10:45:00+05:30,5054.8,5066.95,5047.3,5058.55,5017
2024-01-11 11:00:00+05:30,5058.55,5069.95,5051.1,5053.4,3632
2024-01-11 11:15:00+05:30,5053.4,5059.95,5037.4,5042.35,6405
2024-01-11 11:30:00+05:30,5042.35,5051.15,5030.5,5044.85,8093
2024-01-11 11:45:00+05:30,5044.85,5085.85,5044.85,5069.75,13140
2024-01-11 12:00:00+05:30,5069.75,5092.45,5063.35,5074.75,7664
2024-01-11 12:15:00+05:30,5074.75,5098.45,5064.9,5064.9,7111
2024-01-11 12:30:00+05:30,5064.9,5082.9,5060.55,5071.05,4612
2024-01-11 12:45:00+05:30,5071.05,5076.85,5063.35,5074.8,4660
2024-01-11 13:00:00+05:30,5074.8,5079.65,5067.1,5070.75,2971
2024-01-11 13:15:00+05:30,5070.8,5074.2,5053.05,5053.55,3236
2024-01-11 13:30:00+05:30,5056.4,5056.4,5040.35,5047.0,3357
2024-01-11 13:45:00+05:30,5047.0,5055.2,5043.9,5050.1,4347
2024-01-11 14:00:00+05:30,5050.1,5062.95,5032.5,5038.1,6896
2024-01-11 14:15:00+05:30,5037.65,5050.25,5035.2,5045.85,5297
2024-01-11 14:30:00+05:30,5045.85,5055.0,5042.8,5048.7,4223
2024-01-11 14:45:00+05:30,5048.7,5056.9,5043.8,5056.6,3874
2024-01-11 15:00:00+05:30,5057.9,5072.6,5055.35,5057.85,7742
2024-01-11 15:15:00+05:30,5057.85,5065.05,5044.2,5044.2,11924
2024-01-12 09:15:00+05:30,5072.25,5230.0,5012.0,5025.9,5449
2024-01-12 09:30:00+05:30,5025.9,5045.4,5021.6,5042.95,4149
2024-01-12 09:45:00+05:30,5042.95,5054.1,5032.3,5034.95,2199
2024-01-12 10:00:00+05:30,5034.95,5035.25,5012.5,5017.85,2920
2024-01-12 10:15:00+05:30,5017.85,5023.4,5016.35,5020.9,1601
2024-01-12 10:30:00+05:30,5020.9,5043.5,5017.95,5027.1,1964
2024-01-12 10:45:00+05:30,5027.1,5035.35,5020.25,5024.25,1909
2024-01-12 11:00:00+05:30,5021.05,5026.45,5013.2,5019.65,2259
2024-01-12 11:15:00+05:30,5019.65,5032.05,5016.6,5031.85,1236
2024-01-12 11:30:00+05:30,5031.85,5056.45,5029.25,5037.4,5049
2024-01-12 11:45:00+05:30,5037.4,5054.4,5037.4,5051.7,2086
2024-01-12 12:00:00+05:30,5051.7,5058.45,5038.6,5052.55,5373
2024-01-12 12:15:00+05:30,5052.05,5079.0,5049.05,5076.8,33388
2024-01-12 12:30:00+05:30,5076.8,5083.75,5065.4,5066.65,3777
2024-01-12 12:45:00+05:30,5066.65,5069.7,5065.4,5065.8,721
2024-01-12 13:00:00+05:30,5065.8,5075.75,5064.8,5072.7,2710
2024-01-12 13:15:00+05:30,5072.7,5083.5,5064.75,5064.85,29615
2024-01-12 13:30:00+05:30,5064.85,5067.25,5051.1,5057.95,1577
2024-01-12 13:45:00+05:30,5057.95,5063.95,5052.05,5060.95,1462
2024-01-12 14:00:00+05:30,5060.95,5068.45,5055.0,5058.45,1952
2024-01-12 14:15:00+05:30,5058.45,5074.3,5058.45,5071.85,2113
2024-01-12 14:30:00+05:30,5071.85,5074.3,5057.55,5059.65,5022
2024-01-12 14:45:00+05:30,5059.65,5066.15,5042.6,5046.75,8031
2024-01-12 15:00:00+05:30,5048.9,5052.05,5041.45,5048.2,3629
2024-01-12 15:15:00+05:30,5048.4,5061.55,5040.25,5046.3,7117
2024-01-15 09:15:00+05:30,5048.1,5048.1,4968.0,4988.0,15774
2024-01-15 09:30:00+05:30,4988.0,5029.0,4985.45,5029.0,12567
2024-01-15 09:45:00+05:30,5029.0,5036.3,5010.0,5014.25,8118
2024-01-15 10:00:00+05:30,5014.25,5029.95,4995.55,5007.3,9862
2024-01-15 10:15:00+05:30,5010.0,5026.7,5004.6,5017.55,6320
2024-01-15 10:30:00+05:30,5017.55,5052.3,5015.85,5043.35,10826
2024-01-15 10:45:00+05:30,5043.35,5054.35,5027.65,5031.5,10230
2024-01-15 11:00:00+05:30,5031.5,5031.55,5009.6,5009.95,5677
2024-01-15 11:15:00+05:30,5009.95,5018.3,5006.0,5015.5,4463
2024-01-15 11:30:00+05:30,5015.5,5019.95,5006.45,5010.35,3894
2024-01-15 11:45:00+05:30,5010.35,5013.35,4997.5,5005.25,3576
2024-01-15 12:00:00+05:30,5005.25,5014.65,5003.05,5004.8,2851
2024-01-15 12:15:00+05:30,5004.8,5031.0,5003.2,5019.4,6304
2024-01-15 12:30:00+05:30,5019.4,5043.65,5017.95,5035.75,6371
2024-01-15 12:45:00+05:30,5035.75,5037.95,5028.0,5030.8,4058
2024-01-15 13:00:00+05:30,5030.8,5038.95,5026.1,5026.2,4416
2024-01-15 13:15:00+05:30,5026.2,5029.7,5018.5,5019.1,3103
2024-01-15 13:30:00+05:30,5019.1,5022.15,5012.45,5012.5,3341
2024-01-15 13:45:00+05:30,5012.5,5042.65,5012.0,5040.45,11973
2024-01-15 14:00:00+05:30,5037.3,5044.35,5036.25,5039.95,3443
2024-01-15 14:15:00+05:30,5039.95,5045.95,5030.35,5037.5,58045
2024-01-15 14:30:00+05:30,5037.5,5042.95,5032.3,5036.95,4458
2024-01-15 14:45:00+05:30,5036.95,5043.85,5032.0,5037.0,6712
2024-01-15 15:00:00+05:30,5037.0,5040.0,5028.8,5036.9,9833
2024-01-15 15:15:00+05:30,5037.65,5043.45,5033.25,5034.8,10662
2024-01-16 09:15:00+05:30,5037.95,5050.35,5023.65,5039.25,8216
2024-01-16 09:30:00+05:30,5041.0,5060.95,5036.8,5060.55,4079
2024-01-16 09:45:00+05:30,5056.85,5061.45,5045.6,5049.5,5419
2024-01-16 10:00:00+05:30,5049.5,5060.65,5049.05,5051.1,4117
2024-01-16 10:15:00+05:30,5050.3,5058.7,5046.0,5050.05,2030
2024-01-16 10:30:00+05:30,5050.05,5056.25,5050.05,5052.1,1589
2024-01-16 10:45:00+05:30,5052.1,5058.1,5052.1,5054.05,1772
2024-01-16 11:00:00+05:30,5054.05,5057.3,5053.05,5053.45,1852
2024-01-16 11:15:00+05:30,5053.45,5060.55,5053.15,5054.3,3172
2024-01-16 11:30:00+05:30,5054.3,5074.7,5054.0,5067.25,2729
2024-01-16 11:45:00+05:30,5067.25,5080.35,5063.0,5065.0,5979
2024-01-16 12:00:00+05:30,5065.0,5072.35,5046.1,5047.55,3549
2024-01-16 12:15:00+05:30,5047.55,5050.6,5041.0,5047.2,2022
2024-01-16 12:30:00+05:30,5047.15,5048.6,5042.25,5042.5,1526
2024-01-16 12:45:00+05:30,5042.5,5053.4,5042.0,5051.35,1788
2024-01-16 13:00:00+05:30,5051.35,5051.4,5032.0,5040.0,12082
2024-01-16 13:15:00+05:30,5040.0,5041.95,5032.55,5040.0,6240
2024-01-16 13:30:00+05:30,5040.0,5048.95,5031.05,5044.5,9813
2024-01-16 13:45:00+05:30,5044.5,5045.0,5037.8,5042.1,2700
2024-01-16 14:00:00+05:30,5042.1,5048.55,5038.0,5045.05,2353
2024-01-16 14:15:00+05:30,5045.05,5056.75,5044.65,5053.2,2821
2024-01-16 14:30:00+05:30,5053.25,5059.0,5047.05,5053.2,3044
2024-01-16 14:45:00+05:30,5053.2,5059.1,5051.9,5051.95,2872
2024-01-16 15:00:00+05:30,5054.75,5065.0,5052.05,5062.0,3174
2024-01-16 15:15:00+05:30,5061.85,5068.4,5055.0,5055.0,5193
2024-01-17 09:15:00+05:30,5060.6,5060.6,5014.0,5048.65,11216
2024-01-17 09:30:00+05:30,5048.65,5096.25,5044.6,5086.95,7492
2024-01-17 09:45:00+05:30,5087.5,5104.45,5067.55,5069.85,4609
2024-01-17 10:00:00+05:30,5069.85,5073.75,5052.0,5068.7,3519
2024-01-17 10:15:00+05:30,5068.7,5077.25,5061.9,5065.55,3041
2024-01-17 10:30:00+05:30,5065.55,5070.3,5046.1,5061.1,2973
2024-01-17 10:45:00+05:30,5061.1,5070.4,5056.9,5065.55,2029
2024-01-17 11:00:00+05:30,5065.55,5068.4,5051.15,5062.4,1496
2024-01-17 11:15:00+05:30,5062.4,5070.65,5060.05,5063.15,1459
2024-01-17 11:30:00+05:30,5063.15,5064.7,5045.5,5049.6,1723
2024-01-17 11:45:00+05:30,5049.8,5062.85,5046.0,5053.7,2131
2024-01-17 12:00:00+05:30,5053.7,5069.0,5050.85,5060.0,3067
2024-01-17 12:15:00+05:30,5060.0,5062.6,5040.2,5045.45,4760
2024-01-17 12:30:00+05:30,5045.45,5055.85,5036.25,5039.35,3503
2024-01-17 12:45:00+05:30,5039.35,5059.5,5037.0,5050.0,2808
2024-01-17 13:00:00+05:30,5048.6,5057.05,5048.6,5053.05,2305
2024-01-17 13:15:00+05:30,5053.05,5062.3,5049.9,5060.45,2184
2024-01-17 13:30:00+05:30,5055.3,5068.45,5053.75,5064.95,2806
2024-01-17 13:45:00+05:30,5062.65,5080.45,5062.55,5073.95,4596
2024-01-17 14:00:00+05:30,5074.4,5077.8,5060.1,5065.85,2650
2024-01-17 14:15:00+05:30,5066.85,5080.7,5063.5,5069.9,7003
2024-01-17 14:30:00+05:30,5069.9,5074.95,5057.8,5060.5,4774
2024-01-17 14:45:00+05:30,5060.5,5065.15,5056.25,5062.35,4427
2024-01-17 15:00:00+05:30,5062.35,5062.35,5046.9,5057.1,7903
2024-01-17 15:15:00+05:30,5057.1,5065.4,5040.1,5046.35,13995
2024-01-18 09:15:00+05:30,5056.15,5072.6,5020.7,5021.0,5402
2024-01-18 09:30:00+05:30,5021.0,5023.35,4950.1,4959.9,8148
2024-01-18 09:45:00+05:30,4956.0,4957.65,4908.35,4921.4,6116
2024-01-18 10:00:00+05:30,4927.05,4958.85,4923.55,4941.3,16214
2024-01-18 10:15:00+05:30,4944.6,4959.95,4935.0,4956.6,9719
2024-01-18 10:30:00+05:30,4956.6,4975.0,4954.1,4966.7,7132
2024-01-18 10:45:00+05:30,4966.7,4975.0,4933.75,4944.85,11453
2024-01-18 11:00:00+05:30,4944.85,4951.25,4930.0,4949.15,3630
2024-01-18 11:15:00+05:30,4949.15,4952.9,4941.1,4944.7,2524
2024-01-18 11:30:00+05:30,4946.55,4962.2,4941.25,4949.35,6052
2024-01-18 11:45:00+05:30,4949.4,4959.75,4943.35,4957.2,3625
2024-01-18 12:00:00+05:30,4957.2,4957.5,4949.8,4956.3,2938
2024-01-18 12:15:00+05:30,4956.3,4959.55,4943.0,4946.4,6276
2024-01-18 12:30:00+05:30,4946.4,4947.7,4933.0,4933.0,2328
2024-01-18 12:45:00+05:30,4935.6,4945.45,4926.0,4926.0,3044
2024-01-18 13:00:00+05:30,4926.0,4942.1,4922.6,4925.8,5741
2024-01-18 13:15:00+05:30,4925.8,4938.85,4925.8,4934.6,2908
2024-01-18 13:30:00+05:30,4934.6,4939.15,4926.5,4933.95,1564
2024-01-18 13:45:00+05:30,4933.95,4938.55,4929.85,4933.8,1693
2024-01-18 14:00:00+05:30,4933.8,4937.75,4925.25,4935.0,2366
2024-01-18 14:15:00+05:30,4935.0,4938.5,4923.8,4928.25,2529
2024-01-18 14:30:00+05:30,4928.25,4939.45,4923.45,4935.0,3368
2024-01-18 14:45:00+05:30,4935.0,4939.05,4930.4,4936.45,2927
2024-01-18 15:00:00+05:30,4936.45,4946.9,4920.5,4933.85,16260
2024-01-18 15:15:00+05:30,4935.0,4939.85,4923.8,4935.0,17588
2024-01-19 09:15:00+05:30,4974.95,4974.95,4913.25,4913.3,7103
2024-01-19 09:30:00+05:30,4916.05,4926.0,4904.25,4920.0,6760
2024-01-19 09:45:00+05:30,4920.0,4950.2,4919.15,4936.15,5138
2024-01-19 10:00:00+05:30,4936.15,4940.9,4930.0,4930.9,3659
2024-01-19 10:15:00+05:30,4931.1,4936.4,4926.0,4933.55,3330
2024-01-19 10:30:00+05:30,4933.55,4947.75,4932.35,4944.1,3186
2024-01-19 10:45:00+05:30,4944.1,4951.4,4940.0,4940.9,4648
2024-01-19 11:00:00+05:30,4940.9,4959.8,4940.9,4945.35,6436
2024-01-19 11:15:00+05:30,4945.35,4947.8,4941.0,4943.7,2684
2024-01-19 11:30:00+05:30,4943.7,4948.25,4930.1,4945.15,3845
2024-01-19 11:45:00+05:30,4943.2,4945.1,4930.35,4934.15,3780
2024-01-19 12:00:00+05:30,4934.15,4936.4,4925.0,4926.35,2439
2024-01-19 12:15:00+05:30,4926.4,4946.05,4926.35,4943.55,2711
2024-01-19 12:30:00+05:30,4943.55,4948.25,4938.1,4944.25,2483
2024-01-19 12:45:00+05:30,4944.25,4949.95,4936.15,4940.5,3184
2024-01-19 13:00:00+05:30,4941.65,4950.0,4938.05,4941.1,3727
2024-01-19 13:15:00+05:30,4943.9,4946.8,4940.0,4943.5,3250
2024-01-19 13:30:00+05:30,4943.5,4952.85,4931.0,4945.25,4698
2024-01-19 13:45:00+05:30,4942.5,4948.0,4935.05,4940.85,3517
2024-01-19 14:00:00+05:30,4940.85,4943.95,4927.95,4935.0,5872
2024-01-19 14:15:00+05:30,4935.0,4949.95,4930.6,4940.85,4906
2024-01-19 14:30:00+05:30,4940.85,4965.0,4936.9,4961.7,5626
2024-01-19 14:45:00+05:30,4961.0,4965.1,4955.2,4962.35,5956
2024-01-19 15:00:00+05:30,4962.35,4970.65,4958.8,4965.5,6255
2024-01-19 15:15:00+05:30,4965.5,4969.95,4944.6,4944.6,9258
2024-01-20 09:15:00+05:30,4966.0,4979.0,4934.0,4941.75,1789
2024-01-20 09:30:00+05:30,4941.7,4955.85,4937.1,4950.0,1022
2024-01-20 09:45:00+05:30,4950.0,4950.0,4932.05,4935.0,706
2024-01-20 10:00:00+05:30,4935.0,4935.8,4922.0,4924.0,1342
2024-01-20 10:15:00+05:30,4924.0,4929.95,4917.0,4926.7,509
2024-01-20 10:30:00+05:30,4926.7,4926.7,4920.3,4920.65,291
2024-01-20 10:45:00+05:30,4920.65,4923.85,4915.45,4920.0,1218
2024-01-20 11:00:00+05:30,4920.0,4920.0,4885.0,4887.9,2189
2024-01-20 11:15:00+05:30,4887.9,4893.0,4872.95,4893.0,977
2024-01-20 11:30:00+05:30,4893.0,4915.0,4892.45,4906.8,1764
2024-01-20 11:45:00+05:30,4906.8,4908.8,4902.45,4908.8,176
2024-01-20 12:00:00+05:30,4907.95,4907.95,4903.05,4905.0,99
2024-01-20 12:15:00+05:30,4905.0,4905.75,4900.1,4903.15,161
2024-01-20 12:30:00+05:30,4903.15,4904.6,4875.25,4879.4,781
2024-01-20 12:45:00+05:30,4879.4,4900.0,4875.05,4900.0,1132
2024-01-20 13:00:00+05:30,4900.0,4906.8,4896.3,4904.0,522
2024-01-20 13:15:00+05:30,4904.0,4904.6,4899.05,4900.2,101
2024-01-20 13:30:00+05:30,4903.0,4904.95,4898.4,4904.9,415
2024-01-20 13:45:00+05:30,4904.9,4905.95,4888.5,4893.75,580
2024-01-20 14:00:00+05:30,4893.75,4893.75,4849.0,4870.95,2849
2024-01-20 14:15:00+05:30,4870.95,4892.95,4867.15,4880.25,869
2024-01-20 14:30:00+05:30,4880.25,4886.85,4877.9,4883.95,764
2024-01-20 14:45:00+05:30,4883.95,4884.0,4877.95,4880.0,293
2024-01-20 15:00:00+05:30,4880.0,4894.0,4873.55,4884.05,1378
2024-01-20 15:15:00+05:30,4884.05,4888.0,4853.0,4853.25,2512
2024-01-23 09:15:00+05:30,4878.7,4916.95,4872.0,4909.2,7413
2024-01-23 09:30:00+05:30,4909.2,4949.0,4909.2,4946.0,8801
2024-01-23 09:45:00+05:30,4946.0,4956.0,4905.0,4906.0,8799
2024-01-23 10:00:00+05:30,4906.0,4907.55,4869.0,4870.15,9662
2024-01-23 10:15:00+05:30,4872.75,4884.9,4834.6,4840.95,10959
2024-01-23 10:30:00+05:30,4840.9,4851.6,4826.55,4839.45,10833
2024-01-23 10:45:00+05:30,4838.6,4844.1,4822.3,4836.7,6823
2024-01-23 11:00:00+05:30,4834.8,4863.65,4828.25,4862.9,5646
2024-01-23 11:15:00+05:30,4862.9,4877.0,4852.55,4874.1,2892
2024-01-23 11:30:00+05:30,4876.2,4884.7,4869.3,4874.5,5542
2024-01-23 11:45:00+05:30,4873.9,4874.45,4839.05,4840.05,7920
2024-01-23 12:00:00+05:30,4839.05,4841.95,4803.0,4819.85,8617
2024-01-23 12:15:00+05:30,4819.8,4824.8,4802.05,4812.05,5440
2024-01-23 12:30:00+05:30,4812.05,4825.1,4812.05,4817.2,4184
2024-01-23 12:45:00+05:30,4819.55,4821.4,4803.15,4809.25,4998
2024-01-23 13:00:00+05:30,4806.45,4818.75,4788.1,4790.25,9944
2024-01-23 13:15:00+05:30,4790.25,4799.95,4784.0,4792.05,9493
2024-01-23 13:30:00+05:30,4792.05,4806.8,4783.25,4802.2,5745
2024-01-23 13:45:00+05:30,4802.2,4814.85,4786.7,4789.05,8003
2024-01-23 14:00:00+05:30,4789.05,4808.65,4787.0,4801.65,14954
2024-01-23 14:15:00+05:30,4801.65,4801.65,4769.35,4772.5,7930
2024-01-23 14:30:00+05:30,4772.5,4782.7,4763.25,4779.95,5678
2024-01-23 14:45:00+05:30,4779.95,4795.95,4778.0,4795.85,5692
2024-01-23 15:00:00+05:30,4795.85,4820.6,4787.25,4815.15,13497
2024-01-23 15:15:00+05:30,4815.15,4856.8,4813.75,4835.0,17227
2024-01-24 09:15:00+05:30,4860.2,4887.5,4816.5,4877.5,11535
2024-01-24 09:30:00+05:30,4879.85,4926.9,4871.3,4919.15,12006
2024-01-24 09:45:00+05:30,4922.55,4937.4,4915.45,4918.65,9325
2024-01-24 10:00:00+05:30,4918.65,4934.65,4899.75,4930.55,7703
2024-01-24 10:15:00+05:30,4930.55,4949.0,4930.25,4946.95,6862
2024-01-24 10:30:00+05:30,4946.95,4962.0,4936.45,4950.0,8507
2024-01-24 10:45:00+05:30,4949.1,4969.45,4945.25,4957.3,8137
2024-01-24 11:00:00+05:30,4957.3,4992.1,4957.3,4970.0,12587
2024-01-24 11:15:00+05:30,4970.0,4989.95,4953.3,4972.75,8073
2024-01-24 11:30:00+05:30,4969.85,4975.95,4943.05,4948.65,10731
2024-01-24 11:45:00+05:30,4948.65,4959.6,4934.95,4954.0,13793
2024-01-24 12:00:00+05:30,4954.0,4955.15,4918.4,4925.75,6264
2024-01-24 12:15:00+05:30,4925.75,4927.65,4906.0,4918.5,7883
2024-01-24 12:30:00+05:30,4921.65,4934.3,4919.0,4924.15,6637
2024-01-24 12:45:00+05:30,4924.15,4953.7,4921.55,4944.15,6772
2024-01-24 13:00:00+05:30,4944.15,4955.85,4939.55,4939.55,6438
2024-01-24 13:15:00+05:30,4941.95,4944.0,4934.3,4942.25,4192
2024-01-24 13:30:00+05:30,4942.25,4964.75,4940.6,4961.0,7351
2024-01-24 13:45:00+05:30,4962.35,4978.9,4961.0,4974.4,7929
2024-01-24 14:00:00+05:30,4971.7,4987.45,4971.7,4983.35,5170
2024-01-24 14:15:00+05:30,4983.35,4987.2,4954.75,4970.2,9384
2024-01-24 14:30:00+05:30,4970.2,4976.75,4962.4,4974.65,7749
2024-01-24 14:45:00+05:30,4974.65,4986.6,4969.1,4980.75,9830
2024-01-24 15:00:00+05:30,4980.75,5009.9,4980.15,5001.35,14033
2024-01-24 15:15:00+05:30,5000.9,5022.1,4980.05,4995.0,20907
2024-01-25 09:15:00+05:30,4999.6,5016.7,4971.05,4979.2,8640
2024-01-25 09:30:00+05:30,4979.2,5005.25,4970.3,5002.85,7433
2024-01-25 09:45:00+05:30,5002.85,5025.9,5002.85,5016.3,5486
2024-01-25 10:00:00+05:30,5016.3,5044.85,5016.3,5034.5,6318
2024-01-25 10:15:00+05:30,5034.5,5044.0,5020.6,5035.0,4464
2024-01-25 10:30:00+05:30,5035.0,5044.85,5030.15,5032.1,3106
2024-01-25 10:45:00+05:30,5032.1,5035.5,5005.75,5007.7,5119
2024-01-25 11:00:00+05:30,5007.7,5021.4,5006.0,5009.0,3744
2024-01-25 11:15:00+05:30,5009.0,5024.9,5007.05,5018.55,2494
2024-01-25 11:30:00+05:30,5018.55,5035.55,5015.2,5029.2,5924
2024-01-25 11:45:00+05:30,5029.2,5034.15,5025.05,5032.95,3857
2024-01-25 12:00:00+05:30,5032.95,5043.0,5027.3,5027.3,4988
2024-01-25 12:15:00+05:30,5027.3,5030.8,5026.9,5026.9,3624
2024-01-25 12:30:00+05:30,5025.5,5037.3,5025.0,5029.3,4777
2024-01-25 12:45:00+05:30,5029.3,5030.55,5010.1,5011.25,3636
2024-01-25 13:00:00+05:30,5011.25,5019.25,5011.25,5015.55,3320
2024-01-25 13:15:00+05:30,5017.45,5019.4,4991.55,5000.95,5713
2024-01-25 13:30:00+05:30,5000.95,5003.6,4986.15,4992.5,5171
2024-01-25 13:45:00+05:30,4992.5,4992.5,4978.25,4989.0,4162
2024-01-25 14:00:00+05:30,4989.0,4999.65,4981.0,4981.05,4741
2024-01-25 14:15:00+05:30,4981.05,4992.95,4972.75,4981.35,8080
2024-01-25 14:30:00+05:30,4981.35,4999.2,4980.6,4985.65,7321
2024-01-25 14:45:00+05:30,4983.7,4984.1,4968.05,4970.8,13929
2024-01-25 15:00:00+05:30,4969.55,4990.85,4953.5,4970.0,47927
2024-01-25 15:15:00+05:30,4970.0,4985.85,4934.6,4942.0,39456
2024-01-29 09:15:00+05:30,4998.65,5022.9,4953.6,4967.7,4933
2024-01-29 09:30:00+05:30,4967.05,4977.6,4946.45,4973.1,5883
2024-01-29 09:45:00+05:30,4973.1,4979.05,4962.6,4976.3,3037
2024-01-29 10:00:00+05:30,4976.3,4987.75,4968.6,4973.75,3181
2024-01-29 10:15:00+05:30,4973.75,4975.9,4954.2,4963.45,2302
2024-01-29 10:30:00+05:30,4963.45,4966.95,4949.75,4963.95,1811
2024-01-29 10:45:00+05:30,4963.95,4967.0,4947.05,4950.75,1598
2024-01-29 11:00:00+05:30,4950.75,4975.35,4945.1,4973.95,3019
2024-01-29 11:15:00+05:30,4973.95,4973.95,4955.0,4970.65,1014
2024-01-29 11:30:00+05:30,4970.65,4970.9,4953.9,4959.15,1604
2024-01-29 11:45:00+05:30,4959.15,4965.0,4947.1,4960.7,2826
2024-01-29 12:00:00+05:30,4958.25,4962.9,4948.75,4962.9,1969
2024-01-29 12:15:00+05:30,4962.8,4963.8,4955.45,4962.65,1043
2024-01-29 12:30:00+05:30,4962.65,4974.7,4961.4,4974.7,945
2024-01-29 12:45:00+05:30,4974.7,4975.0,4961.25,4964.95,970
2024-01-29 13:00:00+05:30,4964.95,4969.4,4955.15,4965.8,2253
2024-01-29 13:15:00+05:30,4965.8,4966.65,4945.85,4950.0,2072
2024-01-29 13:30:00+05:30,4950.0,4950.0,4940.45,4941.35,1390
2024-01-29 13:45:00+05:30,4940.45,4955.75,4940.45,4952.65,927
2024-01-29 14:00:00+05:30,4950.2,4958.8,4944.7,4948.4,2018
2024-01-29 14:15:00+05:30,4948.4,4960.25,4947.35,4957.0,1697
2024-01-29 14:30:00+05:30,4957.0,4969.4,4953.4,4969.4,1323
2024-01-29 14:45:00+05:30,4967.25,4970.95,4954.95,4954.95,2060
2024-01-29 15:00:00+05:30,4954.95,4976.15,4954.75,4969.35,5346
2024-01-29 15:15:00+05:30,4970.0,5011.85,4942.5,4942.5,7367
2024-01-30 09:15:00+05:30,4975.0,4989.55,4944.15,4974.95,8998
2024-01-30 09:30:00+05:30,4974.95,4985.25,4963.0,4985.2,2834
2024-01-30 09:45:00+05:30,4985.15,4987.65,4950.05,4958.3,4786
2024-01-30 10:00:00+05:30,4958.3,4967.8,4950.3,4958.7,1683
2024-01-30 10:15:00+05:30,4958.7,4966.45,4955.0,4960.65,1559
2024-01-30 10:30:00+05:30,4960.65,4964.05,4939.7,4944.35,2842
2024-01-30 10:45:00+05:30,4944.45,4947.0,4932.1,4941.1,3065
2024-01-30 11:00:00+05:30,4941.1,4941.35,4911.05,4925.2,7761
2024-01-30 11:15:00+05:30,4923.05,4939.9,4916.1,4933.45,8679
2024-01-30 11:30:00+05:30,4933.45,4951.3,4926.75,4947.15,2627
2024-01-30 11:45:00+05:30,4947.15,4947.2,4906.0,4915.9,2546
2024-01-30 12:00:00+05:30,4915.9,4922.1,4906.15,4914.0,1338
2024-01-30 12:15:00+05:30,4911.9,4921.9,4910.65,4914.05,52392
2024-01-30 12:30:00+05:30,4914.0,4956.3,4914.0,4945.2,5863
2024-01-30 12:45:00+05:30,4945.2,4958.95,4943.2,4949.1,3215
2024-01-30 13:00:00+05:30,4951.4,4963.0,4947.15,4962.0,2393
2024-01-30 13:15:00+05:30,4962.0,4967.2,4955.15,4966.35,1987
2024-01-30 13:30:00+05:30,4966.35,4974.95,4957.2,4971.5,3181
2024-01-30 13:45:00+05:30,4971.4,4981.4,4963.55,4980.75,4825
2024-01-30 14:00:00+05:30,4980.75,4986.95,4966.3,4985.0,3428
2024-01-30 14:15:00+05:30,4986.1,4988.0,4969.05,4970.0,2360
2024-01-30 14:30:00+05:30,4970.0,4970.0,4952.95,4956.6,1770
2024-01-30 14:45:00+05:30,4956.6,4959.8,4945.0,4949.05,3665
2024-01-30 15:00:00+05:30,4949.05,4952.0,4935.75,4942.65,17173
2024-01-30 15:15:00+05:30,4942.6,4997.45,4938.75,4971.5,13430
2024-01-31 09:15:00+05:30,4990.0,5060.0,4972.0,5018.0,27553
2024-01-31 09:30:00+05:30,5018.0,5045.0,4995.35,5041.35,11017
2024-01-31 09:45:00+05:30,5041.35,5075.95,5041.35,5046.0,24912
2024-01-31 10:00:00+05:30,5046.0,5064.0,5035.0,5059.0,6058
2024-01-31 10:15:00+05:30,5059.0,5087.95,5031.9,5045.0,24330
2024-01-31 10:30:00+05:30,5045.0,5057.8,5027.4,5052.6,7300
2024-01-31 10:45:00+05:30,5052.6,5063.95,5042.45,5059.95,2775
2024-01-31 11:00:00+05:30,5057.45,5061.0,5045.8,5049.95,2426
2024-01-31 11:15:00+05:30,5049.95,5050.0,5029.45,5034.2,2453
2024-01-31 11:30:00+05:30,5034.2,5049.3,5030.3,5044.1,2007
2024-01-31 11:45:00+05:30,5044.1,5049.0,5031.9,5043.15,7734
2024-01-31 12:00:00+05:30,5043.15,5049.45,5023.7,5030.25,24292
2024-01-31 12:15:00+05:30,5028.4,5031.05,5014.05,5019.8,7237
2024-01-31 12:30:00+05:30,5019.8,5044.7,5017.3,5036.3,7919
2024-01-31 12:45:00+05:30,5036.3,5039.9,5018.65,5039.9,7678
2024-01-31 13:00:00+05:30,5036.65,5052.0,5033.85,5047.3,6380
2024-01-31 13:15:00+05:30,5047.3,5051.2,5034.25,5036.4,5279
2024-01-31 13:30:00+05:30,5036.4,5040.55,5019.75,5023.7,11290
2024-01-31 13:45:00+05:30,5024.05,5035.4,5018.6,5019.65,7209
2024-01-31 14:00:00+05:30,5019.25,5030.95,5014.5,5014.5,5854
2024-01-31 14:15:00+05:30,5011.55,5030.95,5011.05,5028.8,2513
2024-01-31 14:30:00+05:30,5028.8,5033.9,5006.1,5009.1,11270
2024-01-31 14:45:00+05:30,5009.1,5009.1,4990.85,4993.95,17713
2024-01-31 15:00:00+05:30,4995.9,4999.0,4992.25,4992.35,13202
2024-01-31 15:15:00+05:30,4991.35,4999.0,4981.0,4998.95,17110
2024-02-01 09:15:00+05:30,5000.0,5065.0,4990.05,5033.05,16442
2024-02-01 09:30:00+05:30,5033.05,5048.4,5025.75,5042.65,4686
2024-02-01 09:45:00+05:30,5044.8,5045.3,5005.75,5011.45,3751
2024-02-01 10:00:00+05:30,5011.45,5019.5,5000.15,5002.75,2606
2024-02-01 10:15:00+05:30,5000.15,5001.45,4973.05,4976.15,3929
2024-02-01 10:30:00+05:30,4976.15,4979.65,4951.55,4953.05,6530
2024-02-01 10:45:00+05:30,4954.35,4982.0,4950.1,4981.2,4286
2024-02-01 11:00:00+05:30,4980.8,4982.9,4968.2,4969.1,5353
2024-02-01 11:15:00+05:30,4970.15,4970.2,4946.9,4957.55,6128
2024-02-01 11:30:00+05:30,4957.55,4962.85,4947.6,4952.0,3122
2024-02-01 11:45:00+05:30,4952.0,4960.4,4937.5,4941.45,6612
2024-02-01 12:00:00+05:30,4942.85,4949.95,4932.05,4939.45,6001
2024-02-01 12:15:00+05:30,4937.75,4939.6,4913.3,4917.5,5062
2024-02-01 12:30:00+05:30,4915.25,4922.6,4901.1,4912.6,7232
2024-02-01 12:45:00+05:30,4913.1,4927.4,4905.5,4922.2,9041
2024-02-01 13:00:00+05:30,4920.35,4922.15,4902.05,4902.05,18500
2024-02-01 13:15:00+05:30,4902.05,4904.0,4871.3,4880.2,7219
2024-02-01 13:30:00+05:30,4881.0,4885.75,4860.05,4864.45,6395
2024-02-01 13:45:00+05:30,4865.85,4875.25,4860.0,4867.95,6994
2024-02-01 14:00:00+05:30,4867.45,4877.65,4856.0,4866.6,5825
2024-02-01 14:15:00+05:30,4866.6,4869.9,4856.55,4857.45,5728
2024-02-01 14:30:00+05:30,4857.45,4867.2,4851.0,4852.6,7627
2024-02-01 14:45:00+05:30,4853.95,4871.6,4853.7,4864.2,6567
2024-02-01 15:00:00+05:30,4865.05,4865.95,4851.15,4852.15,7670
2024-02-01 15:15:00+05:30,4852.7,4860.8,4834.0,4840.0,10546
2024-02-02 09:15:00+05:30,4875.0,4881.0,4785.9,4808.75,137854
2024-02-02 09:30:00+05:30,4807.3,4884.0,4781.4,4877.15,31027
2024-02-02 09:45:00+05:30,4877.15,4889.0,4861.55,4865.3,6720
2024-02-02 10:00:00+05:30,4864.15,4872.95,4840.05,4867.5,5272
2024-02-02 10:15:00+05:30,4867.5,4877.35,4861.0,4871.3,5497
2024-02-02 10:30:00+05:30,4871.3,4877.0,4860.0,4872.95,4897
2024-02-02 10:45:00+05:30,4872.95,4919.7,4872.4,4908.1,8645
2024-02-02 11:00:00+05:30,4908.1,4926.15,4903.4,4913.25,6826
2024-02-02 11:15:00+05:30,4912.1,4921.0,4898.05,4903.7,3605
2024-02-02 11:30:00+05:30,4903.7,4920.35,4901.4,4908.5,3977
2024-02-02 11:45:00+05:30,4908.5,4930.45,4902.55,4918.7,4501
2024-02-02 12:00:00+05:30,4918.7,4931.0,4917.8,4924.8,4384
2024-02-02 12:15:00+05:30,4925.85,4929.9,4903.65,4906.85,4403
2024-02-02 12:30:00+05:30,4906.85,4927.3,4892.15,4911.75,9231
2024-02-02 12:45:00+05:30,4911.75,4924.45,4894.3,4896.95,10689
2024-02-02 13:00:00+05:30,4897.35,4899.8,4880.1,4881.3,9839
2024-02-02 13:15:00+05:30,4882.6,4899.0,4880.0,4893.9,6312
2024-02-02 13:30:00+05:30,4893.9,4914.5,4885.1,4902.6,5703
2024-02-02 13:45:00+05:30,4903.4,4910.65,4895.15,4909.05,4342
2024-02-02 14:00:00+05:30,4909.05,4923.2,4905.35,4919.85,5209
2024-02-02 14:15:00+05:30,4919.85,4926.35,4915.1,4921.4,4488
2024-02-02 14:30:00+05:30,4921.4,4928.35,4915.25,4920.3,4476
2024-02-02 14:45:00+05:30,4920.3,4920.3,4891.15,4905.5,5789
2024-02-02 15:00:00+05:30,4906.0,4920.05,4902.95,4920.0,22830
2024-02-02 15:15:00+05:30,4920.0,4930.0,4913.05,4920.0,28036
2024-02-05 09:15:00+05:30,4927.15,4996.9,4927.15,4992.35,8350
2024-02-05 09:30:00+05:30,4992.35,5005.0,4986.05,4996.55,5896
2024-02-05 09:45:00+05:30,4993.75,5019.8,4993.75,5014.0,4205
2024-02-05 10:00:00+05:30,5014.0,5039.05,5007.05,5037.15,9510
2024-02-05 10:15:00+05:30,5039.05,5045.5,5020.05,5038.2,6758
2024-02-05 10:30:00+05:30,5040.0,5053.0,5031.1,5052.0,5868
2024-02-05 10:45:00+05:30,5052.0,5064.25,5044.55,5061.45,5649
2024-02-05 11:00:00+05:30,5063.35,5080.0,5048.85,5075.9,13654
2024-02-05 11:15:00+05:30,5074.6,5100.0,5073.75,5099.45,24599
2024-02-05 11:30:00+05:30,5100.0,5148.6,5099.85,5135.0,31344
2024-02-05 11:45:00+05:30,5135.9,5147.1,5020.55,5021.0,36970
2024-02-05 12:00:00+05:30,5020.0,5066.25,5007.1,5054.4,16727
2024-02-05 12:15:00+05:30,5054.4,5054.4,5010.55,5012.6,9447
2024-02-05 12:30:00+05:30,5017.3,5017.3,4937.3,4948.0,26079
2024-02-05 12:45:00+05:30,4948.0,4971.5,4939.25,4953.75,13039
2024-02-05 13:00:00+05:30,4956.9,4970.7,4923.05,4948.25,11754
2024-02-05 13:15:00+05:30,4951.0,4955.05,4925.1,4925.15,6882
2024-02-05 13:30:00+05:30,4925.1,4944.5,4903.55,4904.1,7963
2024-02-05 13:45:00+05:30,4904.1,4915.8,4900.05,4901.15,7812
2024-02-05 14:00:00+05:30,4901.15,4907.55,4870.0,4898.95,10760
2024-02-05 14:15:00+05:30,4898.95,4908.1,4885.1,4896.95,5582
2024-02-05 14:30:00+05:30,4896.95,4912.3,4879.55,4888.35,4705
2024-02-05 14:45:00+05:30,4887.2,4910.35,4883.6,4885.6,6634
2024-02-05 15:00:00+05:30,4889.85,4946.55,4889.85,4933.75,12152
2024-02-05 15:15:00+05:30,4933.35,4938.65,4900.05,4915.8,13266
2024-02-06 09:15:00+05:30,4949.9,5061.8,4948.95,5053.25,21224
2024-02-06 09:30:00+05:30,5053.25,5068.45,5034.0,5045.0,30730
2024-02-06 09:45:00+05:30,5045.0,5052.7,5042.0,5050.0,31022
2024-02-06 10:00:00+05:30,5050.0,5050.1,5040.05,5050.0,11030
2024-02-06 10:15:00+05:30,5050.0,5058.4,5029.05,5029.1,29162
2024-02-06 10:30:00+05:30,5029.2,5032.05,5002.2,5011.55,12943
2024-02-06 10:45:00+05:30,5011.55,5013.0,4990.1,4994.85,14945
2024-02-06 11:00:00+05:30,4994.85,4997.4,4983.05,4994.95,14508
2024-02-06 11:15:00+05:30,4994.95,5010.0,4989.3,4999.85,96224
2024-02-06 11:30:00+05:30,4999.85,5008.0,4995.15,4999.9,51433
2024-02-06 11:45:00+05:30,4999.9,5000.0,4996.45,4999.85,11878
2024-02-06 12:00:00+05:30,4999.45,4999.9,4972.55,4978.65,10714
2024-02-06 12:15:00+05:30,4979.5,4985.0,4966.0,4979.0,7822
2024-02-06 12:30:00+05:30,4978.25,4982.0,4977.2,4979.95,6720
2024-02-06 12:45:00+05:30,4979.95,4985.0,4972.95,4980.0,8311
2024-02-06 13:00:00+05:30,4980.0,4985.0,4975.15,4980.0,7661
2024-02-06 13:15:00+05:30,4980.0,4986.5,4975.05,4979.9,12619
2024-02-06 13:30:00+05:30,4979.9,4996.6,4976.65,4996.6,36321
2024-02-06 13:45:00+05:30,4995.9,5004.7,4994.6,4999.9,38858
2024-02-06 14:00:00+05:30,4999.9,5130.95,4998.65,5110.35,88737
2024-02-06 14:15:00+05:30,5110.35,5130.0,5081.5,5081.55,17018
2024-02-06 14:30:00+05:30,5082.0,5090.0,5063.6,5073.75,8623
2024-02-06 14:45:00+05:30,5073.75,5075.4,5065.1,5066.65,10021
2024-02-06 15:00:00+05:30,5067.0,5069.95,5061.75,5064.95,27421
2024-02-06 15:15:00+05:30,5064.95,5069.95,5053.65,5065.05,28815
2024-02-07 09:15:00+05:30,5150.0,5221.05,5100.15,5184.0,56914
2024-02-07 09:30:00+05:30,5184.0,5205.0,5150.0,5152.95,17080
2024-02-07 09:45:00+05:30,5152.95,5193.5,5135.0,5177.9,10078
2024-02-07 10:00:00+05:30,5177.9,5225.0,5165.05,5198.5,119144
2024-02-07 10:15:00+05:30,5197.95,5204.1,5184.75,5190.0,38819
2024-02-07 10:30:00+05:30,5188.35,5200.0,5155.0,5175.0,10663
2024-02-07 10:45:00+05:30,5175.0,5198.7,5171.2,5180.8,16791
2024-02-07 11:00:00+05:30,5180.8,5185.0,5145.05,5156.35,11652
2024-02-07 11:15:00+05:30,5152.45,5185.0,5151.05,5163.1,54506
2024-02-07 11:30:00+05:30,5160.0,5164.45,5114.65,5121.75,5030
2024-02-07 11:45:00+05:30,5121.75,5139.95,5117.15,5139.7,4398
2024-02-07 12:00:00+05:30,5136.05,5144.75,5128.25,5131.1,2883
2024-02-07 12:15:00+05:30,5131.1,5158.25,5130.75,5144.0,3761
2024-02-07 12:30:00+05:30,5144.0,5170.0,5143.1,5168.7,6748
2024-02-07 12:45:00+05:30,5168.7,5170.55,5142.0,5144.3,7670
2024-02-07 13:00:00+05:30,5142.1,5167.65,5137.0,5166.45,4255
2024-02-07 13:15:00+05:30,5166.45,5170.0,5162.95,5168.7,5260
2024-02-07 13:30:00+05:30,5168.7,5168.7,5146.25,5156.8,7864
2024-02-07 13:45:00+05:30,5156.8,5160.0,5146.05,5149.6,6852
2024-02-07 14:00:00+05:30,5149.6,5150.25,5141.05,5146.45,5133
2024-02-07 14:15:00+05:30,5146.4,5149.0,5129.4,5131.2,10423
2024-02-07 14:30:00+05:30,5131.2,5134.65,5122.0,5128.45,5934
2024-02-07 14:45:00+05:30,5128.45,5130.0,5117.8,5122.0,12204
2024-02-07 15:00:00+05:30,5122.95,5130.5,5122.4,5129.65,33872
2024-02-07 15:15:00+05:30,5129.65,5150.7,5115.7,5150.0,25622
2024-02-08 09:15:00+05:30,5154.65,5208.7,5127.85,5185.6,12826
2024-02-08 09:30:00+05:30,5185.6,5193.7,5166.05,5193.55,4644
2024-02-08 09:45:00+05:30,5193.55,5203.45,5179.15,5199.4,12610
2024-02-08 10:00:00+05:30,5199.4,5247.45,5199.4,5233.9,25984
2024-02-08 10:15:00+05:30,5231.2,5234.8,5201.15,5217.05,8412
2024-02-08 10:30:00+05:30,5217.05,5220.0,5175.0,5184.75,6435
2024-02-08 10:45:00+05:30,5184.75,5199.9,5177.9,5190.2,3424
2024-02-08 11:00:00+05:30,5190.2,5195.2,5178.1,5183.4,3118
2024-02-08 11:15:00+05:30,5183.4,5203.95,5175.05,5192.35,8793
2024-02-08 11:30:00+05:30,5192.35,5219.15,5191.9,5205.6,26972
2024-02-08 11:45:00+05:30,5205.6,5244.45,5205.6,5237.0,97858
2024-02-08 12:00:00+05:30,5239.0,5281.85,5237.35,5249.2,41884
2024-02-08 12:15:00+05:30,5249.2,5251.45,5241.35,5249.9,13961
2024-02-08 12:30:00+05:30,5249.9,5252.05,5247.05,5250.0,14561
2024-02-08 12:45:00+05:30,5249.95,5268.45,5248.0,5264.35,21408
2024-02-08 13:00:00+05:30,5264.35,5308.6,5251.95,5305.45,40491
2024-02-08 13:15:00+05:30,5305.4,5377.4,5295.05,5304.0,74528
2024-02-08 13:30:00+05:30,5304.0,5322.95,5293.35,5306.35,22679
2024-02-08 13:45:00+05:30,5306.35,5310.0,5295.45,5299.85,7237
2024-02-08 14:00:00+05:30,5299.85,5320.05,5296.9,5317.05,20301
2024-02-08 14:15:00+05:30,5315.5,5324.6,5296.2,5311.1,29150
2024-02-08 14:30:00+05:30,5311.0,5317.45,5287.0,5298.1,15142
2024-02-08 14:45:00+05:30,5298.1,5318.4,5292.5,5306.7,55205
2024-02-08 15:00:00+05:30,5306.7,5316.65,5295.45,5305.4,16136
2024-02-08 15:15:00+05:30,5308.85,5344.0,5302.55,5311.0,27454
2024-02-09 09:15:00+05:30,5350.0,5350.0,5295.0,5309.0,16439
2024-02-09 09:30:00+05:30,5309.0,5318.6,5278.55,5283.85,8661
2024-02-09 09:45:00+05:30,5288.5,5288.85,5228.3,5245.7,16228
2024-02-09 10:00:00+05:30,5245.7,5278.85,5226.75,5271.5,12852
2024-02-09 10:15:00+05:30,5270.1,5326.4,5270.0,5291.25,18731
2024-02-09 10:30:00+05:30,5291.25,5350.0,5272.95,5329.7,8411
2024-02-09 10:45:00+05:30,5332.7,5335.35,5289.3,5294.1,4767
2024-02-09 11:00:00+05:30,5294.1,5308.8,5285.2,5300.25,2240
2024-02-09 11:15:00+05:30,5300.25,5313.15,5293.0,5313.15,3092
2024-02-09 11:30:00+05:30,5311.6,5327.95,5303.0,5324.85,6901
2024-02-09 11:45:00+05:30,5325.15,5343.3,5321.1,5330.45,6064
2024-02-09 12:00:00+05:30,5330.45,5350.0,5321.15,5326.1,7261
2024-02-09 12:15:00+05:30,5326.95,5366.9,5325.55,5359.15,11773
2024-02-09 12:30:00+05:30,5359.15,5362.4,5334.15,5354.5,3755
2024-02-09 12:45:00+05:30,5354.5,5364.8,5344.7,5364.8,6528
2024-02-09 13:00:00+05:30,5364.8,5420.0,5302.2,5324.9,130697
2024-02-09 13:15:00+05:30,5324.65,5389.7,5260.4,5366.55,73479
2024-02-09 13:30:00+05:30,5358.15,5361.45,5305.0,5320.15,25836
2024-02-09 13:45:00+05:30,5324.95,5388.2,5320.15,5387.7,22383
2024-02-09 14:00:00+05:30,5383.45,5387.7,5305.4,5367.85,35644
2024-02-09 14:15:00+05:30,5367.85,5381.95,5300.5,5306.15,40171
2024-02-09 14:30:00+05:30,5307.6,5321.0,5302.95,5311.75,19652
2024-02-09 14:45:00+05:30,5311.75,5323.2,5291.1,5315.15,18711
2024-02-09 15:00:00+05:30,5316.6,5322.6,5310.7,5317.75,25753
2024-02-09 15:15:00+05:30,5317.75,5352.45,5313.05,5341.8,44137
2024-02-12 09:15:00+05:30,5320.0,5320.0,4967.45,5030.65,106221
2024-02-12 09:30:00+05:30,5025.0,5120.95,5025.0,5119.85,35679
2024-02-12 09:45:00+05:30,5115.1,5169.25,5102.0,5158.15,24561
2024-02-12 10:00:00+05:30,5163.6,5163.6,5115.0,5147.0,12350
2024-02-12 10:15:00+05:30,5147.0,5147.0,5115.0,5139.75,15416
2024-02-12 10:30:00+05:30,5139.7,5164.95,5135.45,5148.0,8294
2024-02-12 10:45:00+05:30,5145.65,5148.1,5115.0,5131.4,10598
2024-02-12 11:00:00+05:30,5131.35,5133.6,5115.0,5122.85,9607
2024-02-12 11:15:00+05:30,5122.8,5129.0,5095.0,5105.55,11317
2024-02-12 11:30:00+05:30,5105.55,5129.0,5093.15,5117.95,14359
2024-02-12 11:45:00+05:30,5117.95,5118.0,5100.0,5117.65,7491
2024-02-12 12:00:00+05:30,5117.6,5128.65,5114.7,5125.2,2600
2024-02-12 12:15:00+05:30,5125.2,5129.15,5116.75,5125.05,2483
2024-02-12 12:30:00+05:30,5125.05,5128.95,5117.95,5128.95,2038
2024-02-12 12:45:00+05:30,5128.95,5134.9,5117.9,5122.1,8343
2024-02-12 13:00:00+05:30,5123.9,5127.95,5100.0,5107.0,7796
2024-02-12 13:15:00+05:30,5107.0,5121.45,5100.0,5117.85,3224
2024-02-12 13:30:00+05:30,5117.85,5148.0,5116.05,5141.2,10577
2024-02-12 13:45:00+05:30,5141.2,5157.8,5141.2,5154.4,3512
2024-02-12 14:00:00+05:30,5154.4,5165.0,5148.05,5162.35,3445
2024-02-12 14:15:00+05:30,5163.0,5168.75,5136.05,5153.05,4128
2024-02-12 14:30:00+05:30,5153.05,5157.5,5125.0,5138.2,3575
2024-02-12 14:45:00+05:30,5138.2,5159.65,5130.55,5152.2,6996
2024-02-12 15:00:00+05:30,5152.2,5159.85,5135.65,5146.9,9199
2024-02-12 15:15:00+05:30,5146.9,5174.2,5134.95,5152.0,17741
2024-02-13 09:15:00+05:30,5199.95,5233.25,5160.0,5195.15,16405
2024-02-13 09:30:00+05:30,5204.95,5222.95,5166.0,5210.25,12557
2024-02-13 09:45:00+05:30,5210.25,5229.0,5206.9,5223.85,9261
2024-02-13 10:00:00+05:30,5223.85,5245.0,5220.35,5235.45,10423
2024-02-13 10:15:00+05:30,5235.45,5244.95,5219.95,5227.65,5931
2024-02-13 10:30:00+05:30,5227.6,5260.0,5219.95,5252.65,6975
2024-02-13 10:45:00+05:30,5252.65,5278.55,5242.25,5243.55,13128
2024-02-13 11:00:00+05:30,5244.55,5278.3,5242.45,5275.55,9336
2024-02-13 11:15:00+05:30,5276.8,5300.0,5260.6,5291.1,10963
2024-02-13 11:30:00+05:30,5291.1,5299.35,5244.4,5250.0,12760
2024-02-13 11:45:00+05:30,5250.0,5274.95,5242.05,5274.05,8107
2024-02-13 12:00:00+05:30,5271.65,5281.0,5258.7,5261.9,12936
2024-02-13 12:15:00+05:30,5261.2,5277.3,5250.8,5273.0,6298
2024-02-13 12:30:00+05:30,5274.0,5284.2,5264.05,5280.0,4619
2024-02-13 12:45:00+05:30,5280.0,5310.0,5278.4,5307.8,16136
2024-02-13 13:00:00+05:30,5307.8,5315.6,5290.5,5290.55,9107
2024-02-13 13:15:00+05:30,5291.0,5303.0,5283.25,5299.6,7846
2024-02-13 13:30:00+05:30,5299.6,5301.75,5289.55,5297.35,5149
2024-02-13 13:45:00+05:30,5297.35,5306.65,5291.5,5302.85,4976
2024-02-13 14:00:00+05:30,5304.2,5309.0,5291.75,5295.95,4192
2024-02-13 14:15:00+05:30,5295.95,5299.9,5291.0,5293.6,4725
2024-02-13 14:30:00+05:30,5293.6,5295.75,5280.0,5291.0,7059
2024-02-13 14:45:00+05:30,5288.95,5292.35,5281.55,5287.05,8617
2024-02-13 15:00:00+05:30,5287.05,5296.4,5282.85,5295.35,9735
2024-02-13 15:15:00+05:30,5295.5,5298.0,5281.5,5298.0,12305
2024-02-14 09:15:00+05:30,5293.15,5293.15,5161.95,5214.1,17574
2024-02-14 09:30:00+05:30,5214.25,5216.95,5163.65,5164.65,7168
2024-02-14 09:45:00+05:30,5165.1,5170.45,5142.55,5159.75,11952
2024-02-14 10:00:00+05:30,5160.65,5201.35,5160.65,5180.55,61490
2024-02-14 10:15:00+05:30,5177.25,5188.45,5161.55,5181.1,4716
2024-02-14 10:30:00+05:30,5181.1,5196.45,5178.25,5183.85,6119
2024-02-14 10:45:00+05:30,5183.85,5195.0,5180.85,5185.05,4284
2024-02-14 11:00:00+05:30,5187.2,5194.2,5150.0,5155.4,6791
2024-02-14 11:15:00+05:30,5155.4,5161.2,5147.85,5149.7,10960
2024-02-14 11:30:00+05:30,5149.7,5195.0,5148.05,5191.45,11545
2024-02-14 11:45:00+05:30,5191.45,5218.0,5187.65,5190.5,13560
2024-02-14 12:00:00+05:30,5190.5,5196.3,5183.7,5185.55,7536
2024-02-14 12:15:00+05:30,5185.6,5213.5,5185.55,5208.3,6802
2024-02-14 12:30:00+05:30,5208.95,5214.55,5193.0,5196.85,5457
2024-02-14 12:45:00+05:30,5195.25,5205.4,5194.55,5203.05,6097
2024-02-14 13:00:00+05:30,5203.05,5215.0,5198.5,5199.05,6116
2024-02-14 13:15:00+05:30,5201.05,5210.0,5198.5,5207.1,7331
2024-02-14 13:30:00+05:30,5207.1,5215.0,5202.0,5213.95,5469
2024-02-14 13:45:00+05:30,5213.95,5214.65,5198.2,5201.9,6164
2024-02-14 14:00:00+05:30,5201.9,5206.35,5193.0,5198.6,8514
2024-02-14 14:15:00+05:30,5198.6,5200.95,5195.6,5197.9,9205
2024-02-14 14:30:00+05:30,5197.75,5200.0,5185.55,5199.35,9458
2024-02-14 14:45:00+05:30,5199.35,5201.45,5186.6,5192.0,12123
2024-02-14 15:00:00+05:30,5192.1,5246.75,5192.05,5241.8,23589
2024-02-14 15:15:00+05:30,5241.8,5275.0,5230.2,5233.4,24778
2024-02-15 09:15:00+05:30,5243.9,5269.4,5200.6,5214.1,15547
2024-02-15 09:30:00+05:30,5214.1,5233.5,5180.0,5191.95,11637
2024-02-15 09:45:00+05:30,5189.1,5209.35,5189.05,5200.55,3989
2024-02-15 10:00:00+05:30,5200.0,5214.75,5194.8,5213.25,8000
2024-02-15 10:15:00+05:30,5213.25,5215.0,5207.9,5210.0,2851
2024-02-15 10:30:00+05:30,5210.0,5221.45,5200.45,5212.2,9362
2024-02-15 10:45:00+05:30,5210.1,5254.9,5210.1,5254.75,13287
2024-02-15 11:00:00+05:30,5254.5,5260.05,5238.85,5243.85,7518
2024-02-15 11:15:00+05:30,5243.85,5255.0,5238.65,5247.45,8641
2024-02-15 11:30:00+05:30,5247.45,5253.15,5242.55,5248.0,3887
2024-02-15 11:45:00+05:30,5247.75,5259.2,5244.05,5254.0,12873
2024-02-15 12:00:00+05:30,5254.0,5265.0,5251.9,5257.2,16094
2024-02-15 12:15:00+05:30,5257.2,5257.2,5244.0,5247.55,15439
2024-02-15 12:30:00+05:30,5247.55,5277.35,5244.0,5270.15,23079
2024-02-15 12:45:00+05:30,5270.15,5296.45,5268.65,5285.55,8509
2024-02-15 13:00:00+05:30,5285.6,5297.85,5280.2,5288.0,6658
2024-02-15 13:15:00+05:30,5288.0,5297.75,5285.55,5293.5,4839
2024-02-15 13:30:00+05:30,5293.5,5299.95,5289.4,5299.05,4046
2024-02-15 13:45:00+05:30,5299.05,5299.1,5285.05,5294.9,3809
2024-02-15 14:00:00+05:30,5294.9,5294.95,5269.6,5276.0,12943
2024-02-15 14:15:00+05:30,5276.25,5280.9,5265.25,5269.65,7173
2024-02-15 14:30:00+05:30,5269.65,5282.45,5269.65,5274.2,9460
2024-02-15 14:45:00+05:30,5274.2,5287.0,5274.2,5283.45,6195
2024-02-15 15:00:00+05:30,5285.95,5305.0,5284.6,5293.05,14853
2024-02-15 15:15:00+05:30,5293.15,5339.0,5293.05,5333.0,20843
2024-02-16 09:15:00+05:30,5340.0,5358.65,5281.7,5328.1,29079
2024-02-16 09:30:00+05:30,5328.1,5334.7,5311.1,5329.9,9005
2024-02-16 09:45:00+05:30,5329.9,5339.1,5307.05,5307.1,5887
2024-02-16 10:00:00+05:30,5308.0,5316.6,5268.6,5280.7,9901
2024-02-16 10:15:00+05:30,5283.95,5309.25,5275.7,5299.0,2626
2024-02-16 10:30:00+05:30,5299.0,5302.2,5281.55,5288.1,2540
2024-02-16 10:45:00+05:30,5288.1,5298.9,5287.85,5292.85,2141
2024-02-16 11:00:00+05:30,5294.55,5307.65,5290.0,5305.55,2074
2024-02-16 11:15:00+05:30,5305.55,5322.5,5305.55,5315.85,2802
2024-02-16 11:30:00+05:30,5315.85,5340.0,5314.55,5338.25,3614
2024-02-16 11:45:00+05:30,5338.3,5345.0,5330.1,5335.9,9532
2024-02-16 12:00:00+05:30,5338.55,5444.45,5336.55,5427.0,27034
2024-02-16 12:15:00+05:30,5427.0,5450.0,5393.35,5416.55,43134
2024-02-16 12:30:00+05:30,5418.15,5441.9,5404.5,5434.65,18979
2024-02-16 12:45:00+05:30,5434.65,5440.0,5390.5,5425.0,10640
2024-02-16 13:00:00+05:30,5425.1,5435.05,5411.0,5414.05,5489
2024-02-16 13:15:00+05:30,5414.05,5426.65,5413.15,5416.4,4388
2024-02-16 13:30:00+05:30,5416.4,5428.15,5409.3,5423.9,3747
2024-02-16 13:45:00+05:30,5425.25,5430.65,5412.0,5422.35,4164
2024-02-16 14:00:00+05:30,5422.35,5447.5,5420.0,5438.95,9832
2024-02-16 14:15:00+05:30,5438.95,5453.0,5436.0,5450.65,9112
2024-02-16 14:30:00+05:30,5451.85,5458.2,5440.0,5447.3,13973
2024-02-16 14:45:00+05:30,5447.3,5450.95,5445.0,5445.6,10047
2024-02-16 15:00:00+05:30,5445.6,5450.0,5435.75,5448.9,16679
2024-02-16 15:15:00+05:30,5448.9,5450.0,5435.0,5442.0,16741
2024-02-19 09:15:00+05:30,5444.6,5498.65,5433.05,5456.1,11316
2024-02-19 09:30:00+05:30,5456.1,5483.0,5449.6,5468.95,5735
2024-02-19 09:45:00+05:30,5468.95,5469.95,5436.0,5448.8,5487
2024-02-19 10:00:00+05:30,5451.1,5451.1,5435.5,5440.0,2367
2024-02-19 10:15:00+05:30,5440.0,5440.0,5419.55,5435.0,2666
2024-02-19 10:30:00+05:30,5435.0,5440.45,5405.45,5413.15,3835
2024-02-19 10:45:00+05:30,5413.15,5444.85,5408.45,5437.75,3770
2024-02-19 11:00:00+05:30,5437.75,5457.0,5433.35,5457.0,2147
2024-02-19 11:15:00+05:30,5457.0,5465.0,5450.35,5463.35,2645
2024-02-19 11:30:00+05:30,5463.35,5465.0,5455.7,5465.0,1685
2024-02-19 11:45:00+05:30,5465.0,5482.4,5464.65,5471.9,2884
2024-02-19 12:00:00+05:30,5471.9,5480.0,5461.05,5474.6,2502
2024-02-19 12:15:00+05:30,5474.6,5480.0,5469.95,5474.1,2106
2024-02-19 12:30:00+05:30,5474.1,5487.45,5474.0,5475.0,1552
2024-02-19 12:45:00+05:30,5475.0,5480.0,5469.25,5475.0,1247
2024-02-19 13:00:00+05:30,5475.0,5479.9,5469.45,5477.0,1400
2024-02-19 13:15:00+05:30,5478.55,5481.0,5469.5,5474.2,1081
2024-02-19 13:30:00+05:30,5474.2,5482.05,5468.85,5480.0,1716
2024-02-19 13:45:00+05:30,5480.0,5488.35,5471.9,5484.3,2581
2024-02-19 14:00:00+05:30,5487.3,5494.85,5483.95,5493.7,2525
2024-02-19 14:15:00+05:30,5490.3,5490.95,5475.5,5481.0,2349
2024-02-19 14:30:00+05:30,5481.0,5481.75,5475.15,5481.0,1553
2024-02-19 14:45:00+05:30,5481.0,5481.55,5470.2,5474.85,2045
2024-02-19 15:00:00+05:30,5475.0,5480.5,5465.0,5467.55,4226
2024-02-19 15:15:00+05:30,5469.65,5474.95,5458.3,5470.0,5162
2024-02-20 09:15:00+05:30,5470.0,5470.0,5410.5,5431.45,8352
2024-02-20 09:30:00+05:30,5428.65,5433.05,5413.25,5415.0,4671
2024-02-20 09:45:00+05:30,5415.0,5417.45,5380.5,5384.75,4228
2024-02-20 10:00:00+05:30,5384.75,5394.45,5370.05,5377.85,4114
2024-02-20 10:15:00+05:30,5379.9,5391.85,5376.45,5388.55,3132
2024-02-20 10:30:00+05:30,5389.55,5391.9,5380.55,5386.75,2048
2024-02-20 10:45:00+05:30,5386.75,5409.0,5380.5,5401.8,3273
2024-02-20 11:00:00+05:30,5401.8,5405.95,5371.0,5374.05,2414
2024-02-20 11:15:00+05:30,5372.05,5376.7,5350.95,5357.75,2951
2024-02-20 11:30:00+05:30,5357.75,5372.9,5356.35,5369.7,2654
2024-02-20 11:45:00+05:30,5366.1,5379.45,5364.25,5370.15,1868
2024-02-20 12:00:00+05:30,5370.15,5395.15,5370.15,5391.45,3343
2024-02-20 12:15:00+05:30,5391.45,5400.4,5386.6,5400.3,2722
2024-02-20 12:30:00+05:30,5400.3,5430.0,5396.85,5428.75,4240
2024-02-20 12:45:00+05:30,5428.75,5434.35,5404.0,5407.5,4265
2024-02-20 13:00:00+05:30,5407.5,5418.9,5404.0,5410.8,2128
2024-02-20 13:15:00+05:30,5410.8,5419.95,5409.55,5418.0,2060
2024-02-20 13:30:00+05:30,5419.05,5419.05,5401.3,5415.5,2959
2024-02-20 13:45:00+05:30,5415.5,5415.5,5399.35,5404.45,5156
2024-02-20 14:00:00+05:30,5404.45,5414.7,5390.95,5405.4,10040
2024-02-20 14:15:00+05:30,5405.45,5412.2,5395.55,5398.55,5900
2024-02-20 14:30:00+05:30,5397.5,5406.0,5383.65,5394.0,3428
2024-02-20 14:45:00+05:30,5393.95,5400.0,5381.35,5382.25,3801
2024-02-20 15:00:00+05:30,5383.0,5408.0,5383.0,5407.95,10767
2024-02-20 15:15:00+05:30,5407.9,5417.0,5390.0,5416.0,21309
2024-02-21 09:15:00+05:30,5425.0,5470.0,5390.1,5415.6,5358
2024-02-21 09:30:00+05:30,5412.0,5464.35,5409.0,5457.7,8071
2024-02-21 09:45:00+05:30,5457.7,5498.5,5455.4,5485.75,10297
2024-02-21 10:00:00+05:30,5487.4,5498.2,5484.0,5490.05,6992
2024-02-21 10:15:00+05:30,5490.05,5517.1,5490.05,5508.0,23922
2024-02-21 10:30:00+05:30,5508.0,5520.0,5495.7,5505.1,8307
2024-02-21 10:45:00+05:30,5505.1,5509.25,5448.05,5451.6,10975
2024-02-21 11:00:00+05:30,5451.6,5481.0,5447.95,5480.7,6187
2024-02-21 11:15:00+05:30,5480.7,5483.95,5449.0,5460.65,4607
2024-02-21 11:30:00+05:30,5460.65,5468.9,5457.4,5466.95,2578
2024-02-21 11:45:00+05:30,5466.95,5478.6,5464.35,5475.1,4071
2024-02-21 12:00:00+05:30,5475.1,5480.0,5470.0,5473.55,5304
2024-02-21 12:15:00+05:30,5477.25,5492.85,5469.3,5477.15,4757
2024-02-21 12:30:00+05:30,5478.1,5482.0,5469.0,5472.1,3363
2024-02-21 12:45:00+05:30,5472.1,5474.5,5460.45,5460.45,2854
2024-02-21 13:00:00+05:30,5460.45,5469.85,5457.05,5459.95,3174
2024-02-21 13:15:00+05:30,5459.95,5470.65,5456.05,5457.0,4846
2024-02-21 13:30:00+05:30,5457.0,5462.85,5451.4,5452.8,3541
2024-02-21 13:45:00+05:30,5452.8,5456.65,5434.05,5448.85,3909
2024-02-21 14:00:00+05:30,5448.85,5450.85,5432.5,5438.85,4649
2024-02-21 14:15:00+05:30,5440.75,5449.45,5424.4,5440.65,4546
2024-02-21 14:30:00+05:30,5440.65,5440.65,5415.3,5426.1,6050
2024-02-21 14:45:00+05:30,5426.1,5429.3,5408.6,5418.65,6868
2024-02-21 15:00:00+05:30,5418.25,5425.0,5414.25,5422.25,13040
2024-02-21 15:15:00+05:30,5422.25,5422.55,5393.0,5400.0,12558
2024-02-22 09:15:00+05:30,5467.0,5467.0,5390.7,5403.7,10785
2024-02-22 09:30:00+05:30,5403.7,5450.6,5397.55,5441.65,13799
2024-02-22 09:45:00+05:30,5441.65,5450.0,5410.0,5410.0,9069
2024-02-22 10:00:00+05:30,5410.0,5413.55,5399.0,5409.9,8663
2024-02-22 10:15:00+05:30,5409.9,5431.2,5404.7,5424.4,7118
2024-02-22 10:30:00+05:30,5421.55,5421.55,5400.8,5412.65,7010
2024-02-22 10:45:00+05:30,5412.65,5420.95,5402.05,5415.25,7486
2024-02-22 11:00:00+05:30,5415.25,5422.55,5403.7,5422.55,5114
2024-02-22 11:15:00+05:30,5422.55,5433.35,5412.7,5417.7,8087
2024-02-22 11:30:00+05:30,5414.7,5431.45,5414.15,5425.25,7881
2024-02-22 11:45:00+05:30,5425.25,5434.85,5416.7,5432.0,8870
2024-02-22 12:00:00+05:30,5431.15,5437.0,5424.0,5425.45,6932
2024-02-22 12:15:00+05:30,5425.45,5454.5,5422.15,5447.95,6720
2024-02-22 12:30:00+05:30,5447.95,5457.8,5443.6,5452.4,7052
2024-02-22 12:45:00+05:30,5452.4,5460.7,5445.55,5454.75,5831
2024-02-22 13:00:00+05:30,5454.75,5473.65,5451.15,5472.0,6734
2024-02-22 13:15:00+05:30,5472.0,5479.45,5465.45,5469.0,7011
2024-02-22 13:30:00+05:30,5469.0,5470.5,5410.55,5430.65,12063
2024-02-22 13:45:00+05:30,5431.1,5433.8,5370.7,5391.85,13742
2024-02-22 14:00:00+05:30,5392.0,5397.5,5367.05,5377.6,13022
2024-02-22 14:15:00+05:30,5377.0,5396.9,5373.6,5396.9,6017
2024-02-22 14:30:00+05:30,5396.9,5400.9,5387.2,5394.65,6158
2024-02-22 14:45:00+05:30,5394.65,5430.65,5388.35,5414.0,10746
2024-02-22 15:00:00+05:30,5414.0,5428.35,5408.2,5417.25,17033
2024-02-22 15:15:00+05:30,5415.55,5436.2,5411.4,5427.0,19117
2024-02-23 09:15:00+05:30,5423.2,5447.15,5403.85,5428.35,8430
2024-02-23 09:30:00+05:30,5428.35,5443.0,5425.05,5438.95,4623
2024-02-23 09:45:00+05:30,5438.95,5443.0,5430.0,5442.95,2945
2024-02-23 10:00:00+05:30,5443.0,5443.1,5426.4,5429.95,3223
2024-02-23 10:15:00+05:30,5429.95,5429.95,5383.85,5383.85,6031
2024-02-23 10:30:00+05:30,5383.85,5388.0,5355.0,5372.75,8968
2024-02-23 10:45:00+05:30,5372.75,5394.8,5368.4,5388.0,6093
2024-02-23 11:00:00+05:30,5388.0,5389.8,5376.85,5382.8,2147
2024-02-23 11:15:00+05:30,5382.8,5389.85,5377.9,5387.85,3242
2024-02-23 11:30:00+05:30,5387.85,5410.0,5387.85,5408.9,5452
2024-02-23 11:45:00+05:30,5408.9,5420.0,5406.1,5417.8,5616
2024-02-23 12:00:00+05:30,5417.8,5435.0,5412.4,5434.25,5591
2024-02-23 12:15:00+05:30,5434.25,5438.95,5426.6,5437.55,5831
2024-02-23 12:30:00+05:30,5437.55,5472.1,5434.1,5467.8,9540
2024-02-23 12:45:00+05:30,5467.8,5470.25,5451.35,5462.0,4647
2024-02-23 13:00:00+05:30,5462.0,5463.0,5450.5,5455.15,3987
2024-02-23 13:15:00+05:30,5455.15,5456.95,5438.1,5447.05,4769
2024-02-23 13:30:00+05:30,5447.05,5456.8,5440.65,5449.35,2822
2024-02-23 13:45:00+05:30,5449.35,5458.95,5446.85,5455.35,5428
2024-02-23 14:00:00+05:30,5455.35,5457.2,5430.0,5436.9,5237
2024-02-23 14:15:00+05:30,5436.9,5437.45,5427.95,5430.5,5392
2024-02-23 14:30:00+05:30,5430.5,5444.45,5430.5,5442.25,2601
2024-02-23 14:45:00+05:30,5444.0,5455.0,5436.05,5454.5,3930
2024-02-23 15:00:00+05:30,5454.5,5456.7,5434.6,5439.15,8958
2024-02-23 15:15:00+05:30,5439.2,5439.2,5371.5,5382.0,15523
2024-02-26 09:15:00+05:30,5413.8,5413.8,5300.3,5325.0,20594
2024-02-26 09:30:00+05:30,5325.2,5339.05,5305.9,5316.9,9545
2024-02-26 09:45:00+05:30,5314.6,5315.35,5257.45,5274.75,18618
2024-02-26 10:00:00+05:30,5274.75,5309.95,5267.0,5295.95,8539
2024-02-26 10:15:00+05:30,5295.95,5322.5,5290.85,5320.0,8004
2024-02-26 10:30:00+05:30,5320.0,5335.95,5306.65,5312.2,8407
2024-02-26 10:45:00+05:30,5312.2,5330.0,5308.8,5321.75,5719
2024-02-26 11:00:00+05:30,5321.75,5334.0,5315.35,5330.65,4705
2024-02-26 11:15:00+05:30,5334.0,5349.9,5331.3,5348.7,7824
2024-02-26 11:30:00+05:30,5345.4,5348.7,5326.7,5348.1,5083
2024-02-26 11:45:00+05:30,5348.1,5358.0,5250.0,5254.45,20233
2024-02-26 12:00:00+05:30,5252.2,5265.0,5108.45,5209.65,122856
2024-02-26 12:15:00+05:30,5209.05,5215.0,5094.75,5100.0,97776
2024-02-26 12:30:00+05:30,5098.0,5099.45,4892.65,4893.0,229525
2024-02-26 12:45:00+05:30,4898.25,4898.25,4879.05,4879.05,57989
2024-02-26 13:00:00+05:30,4879.05,4879.05,4659.0,4771.4,378652
2024-02-26 13:15:00+05:30,4772.9,5019.15,4772.85,5002.4,408273
2024-02-26 13:30:00+05:30,5002.35,5045.4,4981.05,5041.95,153640
2024-02-26 13:45:00+05:30,5042.7,5063.0,5000.0,5017.8,141367
2024-02-26 14:00:00+05:30,5017.8,5065.1,5008.0,5065.1,65897
2024-02-26 14:15:00+05:30,5080.0,5137.85,5015.05,5056.4,294466
2024-02-26 14:30:00+05:30,5059.45,5106.9,5011.7,5027.85,109211
2024-02-26 14:45:00+05:30,5027.0,5070.0,5012.35,5060.4,63522
2024-02-26 15:00:00+05:30,5060.0,5083.85,5056.7,5079.6,100349
2024-02-26 15:15:00+05:30,5079.6,5082.0,5005.05,5015.0,178608
2024-02-27 09:15:00+05:30,5010.0,5038.9,4934.65,4983.65,181719
2024-02-27 09:30:00+05:30,4983.65,5027.8,4975.65,5022.0,36501
2024-02-27 09:45:00+05:30,5024.9,5067.0,5022.0,5062.95,51132
2024-02-27 10:00:00+05:30,5062.5,5069.35,5057.2,5061.0,37087
2024-02-27 10:15:00+05:30,5061.15,5096.35,5058.85,5061.05,35685
2024-02-27 10:30:00+05:30,5061.05,5079.95,5058.3,5067.8,16922
2024-02-27 10:45:00+05:30,5067.8,5073.0,5055.4,5062.65,20835
2024-02-27 11:00:00+05:30,5064.8,5069.3,5055.85,5055.85,21426
2024-02-27 11:15:00+05:30,5050.0,5052.9,5013.15,5027.95,34461
2024-02-27 11:30:00+05:30,5027.95,5051.25,5015.0,5047.65,19122
2024-02-27 11:45:00+05:30,5047.65,5048.05,5023.6,5045.0,19082
2024-02-27 12:00:00+05:30,5045.0,5045.95,5022.1,5025.65,11941
2024-02-27 12:15:00+05:30,5025.65,5066.75,5022.0,5058.9,13746
2024-02-27 12:30:00+05:30,5061.25,5065.35,5055.15,5063.15,11259
2024-02-27 12:45:00+05:30,5063.15,5065.0,5051.9,5059.95,9138
2024-02-27 13:00:00+05:30,5060.0,5060.7,5050.55,5052.55,8693
2024-02-27 13:15:00+05:30,5052.95,5052.95,5035.55,5042.25,10388
2024-02-27 13:30:00+05:30,5043.3,5045.0,5025.65,5033.05,11966
2024-02-27 13:45:00+05:30,5033.8,5033.95,5020.1,5021.9,14241
2024-02-27 14:00:00+05:30,5021.9,5041.35,5013.15,5027.85,18367
2024-02-27 14:15:00+05:30,5027.85,5044.95,5025.75,5025.75,15535
2024-02-27 14:30:00+05:30,5025.75,5041.35,5020.25,5040.7,18443
2024-02-27 14:45:00+05:30,5037.95,5044.8,5035.35,5041.55,15747
2024-02-27 15:00:00+05:30,5041.55,5044.95,5040.0,5041.5,16353
2024-02-27 15:15:00+05:30,5041.55,5060.0,5038.8,5053.0,26563
2024-02-28 09:15:00+05:30,5079.65,5079.8,5046.05,5052.1,14572
2024-02-28 09:30:00+05:30,5052.1,5075.0,5042.1,5071.0,10697
2024-02-28 09:45:00+05:30,5068.05,5070.8,5050.1,5058.4,4894
2024-02-28 10:00:00+05:30,5058.4,5067.65,5052.35,5060.15,3208
2024-02-28 10:15:00+05:30,5060.15,5072.0,5055.7,5071.45,3395
2024-02-28 10:30:00+05:30,5071.8,5072.0,5050.05,5054.7,3449
2024-02-28 10:45:00+05:30,5052.85,5056.05,5028.8,5031.05,6239
2024-02-28 11:00:00+05:30,5030.55,5040.6,5019.0,5038.05,5993
2024-02-28 11:15:00+05:30,5038.05,5039.2,5022.15,5025.2,3598
2024-02-28 11:30:00+05:30,5025.25,5025.35,5007.9,5008.7,3796
2024-02-28 11:45:00+05:30,5008.7,5014.65,4992.05,5002.7,5828
2024-02-28 12:00:00+05:30,5005.45,5006.95,4986.0,4995.05,4996
2024-02-28 12:15:00+05:30,4997.05,5028.7,4995.55,5012.3,5664
2024-02-28 12:30:00+05:30,5011.4,5015.85,4995.0,4997.3,2921
2024-02-28 12:45:00+05:30,4997.3,5003.95,4981.0,4982.05,3559
2024-02-28 13:00:00+05:30,4981.25,4981.25,4957.6,4966.45,9851
2024-02-28 13:15:00+05:30,4966.45,4987.45,4966.45,4980.65,5270
2024-02-28 13:30:00+05:30,4980.65,4995.95,4978.0,4992.0,3525
2024-02-28 13:45:00+05:30,4993.25,4995.0,4972.55,4990.2,2834
2024-02-28 14:00:00+05:30,4990.65,4998.0,4988.7,4993.55,3291
2024-02-28 14:15:00+05:30,4993.65,5003.1,4988.7,4996.0,3168
2024-02-28 14:30:00+05:30,4994.2,4996.45,4975.0,4977.35,5413
2024-02-28 14:45:00+05:30,4977.35,4986.95,4970.05,4973.0,4753
2024-02-28 15:00:00+05:30,4973.0,4992.0,4971.2,4990.95,24918
2024-02-28 15:15:00+05:30,4990.95,5010.0,4989.9,4998.0,29514
2024-02-29 09:15:00+05:30,5018.0,5050.75,4986.0,5045.45,12970
2024-02-29 09:30:00+05:30,5045.0,5061.2,5036.0,5039.85,12476
2024-02-29 09:45:00+05:30,5039.85,5046.5,5036.0,5043.2,3542
2024-02-29 10:00:00+05:30,5043.05,5050.0,5025.0,5032.45,4684
2024-02-29 10:15:00+05:30,5032.45,5044.2,5023.0,5024.25,4091
2024-02-29 10:30:00+05:30,5024.25,5036.2,5024.25,5035.85,2278
2024-02-29 10:45:00+05:30,5035.85,5036.0,5015.35,5020.3,3308
2024-02-29 11:00:00+05:30,5020.3,5040.5,5017.75,5039.65,3412
2024-02-29 11:15:00+05:30,5040.5,5049.5,5036.0,5036.0,4639
2024-02-29 11:30:00+05:30,5036.0,5074.0,5033.95,5068.9,4873
2024-02-29 11:45:00+05:30,5068.9,5073.75,5065.35,5072.0,3633
2024-02-29 12:00:00+05:30,5072.0,5073.0,5061.9,5068.9,3459
2024-02-29 12:15:00+05:30,5071.0,5071.0,5062.0,5066.5,4268
2024-02-29 12:30:00+05:30,5066.5,5070.0,5063.5,5070.0,3447
2024-02-29 12:45:00+05:30,5070.0,5070.3,5052.3,5055.0,4655
2024-02-29 13:00:00+05:30,5055.85,5064.0,5055.7,5064.0,2913
2024-02-29 13:15:00+05:30,5064.0,5069.4,5055.05,5065.7,5002
2024-02-29 13:30:00+05:30,5065.7,5078.0,5063.35,5076.0,14086
2024-02-29 13:45:00+05:30,5076.0,5095.45,5075.2,5086.5,6988
2024-02-29 14:00:00+05:30,5086.55,5092.0,5082.85,5087.75,6356
2024-02-29 14:15:00+05:30,5087.75,5099.0,5085.8,5091.95,8231
2024-02-29 14:30:00+05:30,5091.95,5098.0,5081.0,5098.0,5742
2024-02-29 14:45:00+05:30,5098.0,5110.0,5092.55,5098.35,10064
2024-02-29 15:00:00+05:30,5098.35,5144.95,5090.3,5138.6,43187
2024-02-29 15:15:00+05:30,5139.7,5148.3,5110.0,5110.0,39204
2024-03-01 09:15:00+05:30,5150.0,5161.7,5110.05,5126.15,12669
2024-03-01 09:30:00+05:30,5125.9,5165.0,5122.15,5156.75,8362
2024-03-01 09:45:00+05:30,5156.75,5168.95,5140.0,5146.6,5417
2024-03-01 10:00:00+05:30,5146.6,5149.9,5120.05,5121.3,4836
2024-03-01 10:15:00+05:30,5124.3,5140.0,5115.0,5120.4,3917
2024-03-01 10:30:00+05:30,5120.4,5151.9,5117.7,5140.25,8581
2024-03-01 10:45:00+05:30,5140.25,5143.4,5125.7,5131.65,46483
2024-03-01 11:00:00+05:30,5131.65,5134.95,5112.0,5117.95,5139
2024-03-01 11:15:00+05:30,5117.95,5133.9,5115.2,5128.65,2729
2024-03-01 11:30:00+05:30,5128.35,5134.0,5113.7,5132.8,4231
2024-03-01 11:45:00+05:30,5132.8,5140.0,5122.5,5124.95,3889
2024-03-01 12:00:00+05:30,5124.95,5125.0,5106.5,5120.95,2976
2024-03-01 12:15:00+05:30,5120.95,5125.45,5112.55,5118.4,2403
2024-03-01 12:30:00+05:30,5118.4,5129.5,5109.05,5127.9,7856
2024-03-01 12:45:00+05:30,5127.9,5134.95,5119.45,5134.0,8630
2024-03-01 13:00:00+05:30,5134.0,5140.0,5126.95,5126.95,29811
2024-03-01 13:15:00+05:30,5127.45,5129.25,5119.5,5128.95,1834
2024-03-01 13:30:00+05:30,5128.95,5129.6,5120.0,5121.9,4002
2024-03-01 13:45:00+05:30,5121.9,5127.0,5118.4,5123.25,2170
2024-03-01 14:00:00+05:30,5123.25,5125.05,5112.75,5118.1,2184
2024-03-01 14:15:00+05:30,5120.85,5125.05,5109.25,5115.0,3971
2024-03-01 14:30:00+05:30,5115.0,5119.7,5107.1,5109.9,2694
2024-03-01 14:45:00+05:30,5113.1,5119.0,5109.95,5118.0,5519
2024-03-01 15:00:00+05:30,5116.3,5120.0,5107.1,5107.15,7028
2024-03-01 15:15:00+05:30,5107.2,5120.0,5103.05,5115.0,8656
2024-03-02 09:15:00+05:30,5112.9,5148.8,5112.9,5136.05,461
2024-03-02 09:30:00+05:30,5136.05,5136.1,5124.1,5133.0,193
2024-03-02 09:45:00+05:30,5133.0,5143.55,5128.35,5142.5,307
2024-03-02 11:30:00+05:30,5142.5,5145.0,5091.3,5097.95,384
2024-03-02 11:45:00+05:30,5097.95,5112.0,5097.95,5110.0,279
2024-03-02 12:00:00+05:30,5110.0,5114.7,5094.7,5102.15,902
2024-03-02 12:15:00+05:30,5102.15,5132.0,5091.1,5132.0,938
2024-03-04 09:15:00+05:30,5156.55,5156.55,5120.0,5128.8,8859
2024-03-04 09:30:00+05:30,5127.1,5133.5,5118.45,5125.35,13347
2024-03-04 09:45:00+05:30,5125.35,5129.0,5110.0,5116.85,6237
2024-03-04 10:00:00+05:30,5120.0,5129.0,5120.0,5125.0,3166
2024-03-04 10:15:00+05:30,5125.0,5129.0,5120.95,5123.1,2192
2024-03-04 10:30:00+05:30,5123.1,5129.9,5122.0,5127.6,2955
2024-03-04 10:45:00+05:30,5127.6,5131.9,5123.0,5126.0,2088
2024-03-04 11:00:00+05:30,5126.0,5155.0,5124.35,5155.0,24105
2024-03-04 11:15:00+05:30,5145.1,5158.65,5143.6,5152.35,5156
2024-03-04 11:30:00+05:30,5152.35,5154.7,5144.0,5145.25,2200
2024-03-04 11:45:00+05:30,5145.2,5155.0,5141.75,5147.4,5099
2024-03-04 12:00:00+05:30,5147.4,5169.5,5147.35,5159.05,5557
2024-03-04 12:15:00+05:30,5159.05,5168.0,5157.05,5160.05,3640
2024-03-04 12:30:00+05:30,5160.0,5164.9,5137.85,5140.0,5671
2024-03-04 12:45:00+05:30,5140.0,5144.4,5123.5,5123.5,6559
2024-03-04 13:00:00+05:30,5123.5,5130.7,5116.65,5120.6,6238
2024-03-04 13:15:00+05:30,5121.05,5130.75,5117.35,5120.0,6059
2024-03-04 13:30:00+05:30,5120.0,5131.45,5119.65,5126.95,8565
2024-03-04 13:45:00+05:30,5126.95,5134.2,5121.1,5128.35,4747
2024-03-04 14:00:00+05:30,5128.35,5142.45,5118.45,5132.5,4828
2024-03-04 14:15:00+05:30,5132.35,5133.75,5118.65,5130.0,9218
2024-03-04 14:30:00+05:30,5130.0,5131.4,5119.55,5120.8,11527
2024-03-04 14:45:00+05:30,5120.55,5134.35,5114.5,5128.65,18704
2024-03-04 15:00:00+05:30,5128.65,5133.9,5114.8,5115.1,16375
2024-03-04 15:15:00+05:30,5115.1,5128.35,5114.5,5121.0,8098
2024-03-05 09:15:00+05:30,5139.6,5139.65,5080.2,5102.45,7651
2024-03-05 09:30:00+05:30,5101.9,5103.3,5083.65,5089.65,3965
2024-03-05 09:45:00+05:30,5089.65,5100.65,5083.15,5091.65,4478
2024-03-05 10:00:00+05:30,5091.65,5091.65,5071.05,5080.7,1930
2024-03-05 10:15:00+05:30,5080.7,5092.0,5074.0,5089.1,3194
2024-03-05 10:30:00+05:30,5089.05,5096.95,5080.6,5086.4,1401
2024-03-05 10:45:00+05:30,5086.4,5086.45,5081.55,5081.95,853
2024-03-05 11:00:00+05:30,5081.95,5082.2,5063.6,5068.4,3103
2024-03-05 11:15:00+05:30,5068.4,5075.0,5062.6,5072.25,1454
2024-03-05 11:30:00+05:30,5072.25,5080.35,5071.35,5075.75,1262
2024-03-05 11:45:00+05:30,5075.75,5077.9,5065.0,5074.75,2157
2024-03-05 12:00:00+05:30,5073.15,5075.0,5059.6,5059.6,3174
2024-03-05 12:15:00+05:30,5059.6,5059.95,5050.6,5050.6,1540
2024-03-05 12:30:00+05:30,5050.6,5054.95,5044.05,5047.0,1595
2024-03-05 12:45:00+05:30,5047.0,5056.8,5045.0,5052.5,1718
2024-03-05 13:00:00+05:30,5052.5,5057.95,5052.0,5053.9,1660
2024-03-05 13:15:00+05:30,5053.9,5054.0,5043.6,5048.35,2174
2024-03-05 13:30:00+05:30,5048.35,5054.65,5046.7,5051.15,1019
2024-03-05 13:45:00+05:30,5052.0,5054.15,5046.5,5050.9,958
2024-03-05 14:00:00+05:30,5050.9,5067.95,5050.9,5064.4,1656
2024-03-05 14:15:00+05:30,5064.4,5069.95,5055.0,5055.0,1332
2024-03-05 14:30:00+05:30,5054.95,5070.0,5054.5,5059.95,2190
2024-03-05 14:45:00+05:30,5059.95,5107.75,5055.3,5105.8,9378
2024-03-05 15:00:00+05:30,5105.8,5115.15,5085.7,5090.7,14366
2024-03-05 15:15:00+05:30,5091.35,5104.55,5069.15,5080.0,10754
2024-03-06 09:15:00+05:30,5100.1,5159.65,5087.3,5154.0,9342
2024-03-06 09:30:00+05:30,5153.9,5172.0,5137.4,5163.75,9471
2024-03-06 09:45:00+05:30,5163.75,5175.0,5121.0,5124.7,16667
2024-03-06 10:00:00+05:30,5120.0,5149.9,5112.05,5143.8,10581
2024-03-06 10:15:00+05:30,5143.8,5150.0,5130.0,5142.7,5517
2024-03-06 10:30:00+05:30,5142.1,5150.05,5128.1,5146.4,6963
2024-03-06 10:45:00+05:30,5145.15,5151.5,5111.95,5122.75,8000
2024-03-06 11:00:00+05:30,5122.75,5137.7,5105.0,5134.25,6659
2024-03-06 11:15:00+05:30,5134.25,5134.25,5117.25,5122.65,4868
2024-03-06 11:30:00+05:30,5121.75,5122.6,5105.05,5117.25,3736
2024-03-06 11:45:00+05:30,5118.75,5130.25,5112.4,5126.0,3648
2024-03-06 12:00:00+05:30,5126.0,5134.0,5116.0,5134.0,3870
2024-03-06 12:15:00+05:30,5134.0,5142.75,5127.5,5142.75,4859
2024-03-06 12:30:00+05:30,5142.75,5148.0,5126.2,5146.0,3748
2024-03-06 12:45:00+05:30,5145.1,5149.9,5131.0,5146.4,3667
2024-03-06 13:00:00+05:30,5146.4,5148.7,5131.65,5139.5,5643
2024-03-06 13:15:00+05:30,5141.55,5141.95,5123.15,5129.1,5929
2024-03-06 13:30:00+05:30,5129.1,5146.8,5123.25,5140.05,3727
2024-03-06 13:45:00+05:30,5140.05,5173.8,5140.0,5162.0,7198
2024-03-06 14:00:00+05:30,5158.45,5190.65,5158.4,5186.3,11862
2024-03-06 14:15:00+05:30,5186.3,5212.7,5185.4,5208.15,13763
2024-03-06 14:30:00+05:30,5204.65,5210.0,5195.75,5195.75,5999
2024-03-06 14:45:00+05:30,5195.75,5205.0,5195.75,5203.45,5873
2024-03-06 15:00:00+05:30,5203.45,5221.7,5200.05,5218.9,9774
2024-03-06 15:15:00+05:30,5216.8,5219.95,5180.85,5193.7,15515
2024-03-07 09:15:00+05:30,5222.0,5225.0,5141.0,5147.15,15094
2024-03-07 09:30:00+05:30,5147.15,5184.95,5145.35,5180.15,5295
2024-03-07 09:45:00+05:30,5180.15,5195.0,5162.6,5188.1,6370
2024-03-07 10:00:00+05:30,5188.1,5192.6,5168.3,5171.05,3729
2024-03-07 10:15:00+05:30,5171.05,5181.4,5166.5,5178.25,3169
2024-03-07 10:30:00+05:30,5178.25,5201.95,5178.1,5195.2,4744
2024-03-07 10:45:00+05:30,5195.2,5198.65,5172.0,5176.7,6460
2024-03-07 11:00:00+05:30,5176.7,5177.9,5166.1,5173.85,3867
2024-03-07 11:15:00+05:30,5173.85,5176.2,5170.15,5173.2,2954
2024-03-07 11:30:00+05:30,5173.2,5185.2,5172.55,5173.6,4905
2024-03-07 11:45:00+05:30,5173.6,5180.35,5151.0,5151.85,6553
2024-03-07 12:00:00+05:30,5151.85,5153.2,5145.2,5146.3,5456
2024-03-07 12:15:00+05:30,5146.3,5156.65,5146.3,5149.55,2925
2024-03-07 12:30:00+05:30,5149.55,5164.6,5146.35,5164.1,3734
2024-03-07 12:45:00+05:30,5164.1,5179.25,5160.45,5173.05,6800
2024-03-07 13:00:00+05:30,5173.0,5186.65,5170.1,5175.8,6384
2024-03-07 13:15:00+05:30,5175.8,5181.8,5174.15,5174.2,4228
2024-03-07 13:30:00+05:30,5174.2,5174.95,5145.65,5150.0,3385
2024-03-07 13:45:00+05:30,5150.0,5158.8,5145.0,5150.0,2893
2024-03-07 14:00:00+05:30,5150.0,5150.0,5145.0,5149.05,1526
2024-03-07 14:15:00+05:30,5149.05,5150.0,5146.75,5149.55,1816
2024-03-07 14:30:00+05:30,5149.55,5150.0,5141.5,5144.1,1996
2024-03-07 14:45:00+05:30,5144.1,5150.0,5137.55,5148.2,5303
2024-03-07 15:00:00+05:30,5148.2,5152.4,5136.95,5144.95,11670
2024-03-07 15:15:00+05:30,5144.95,5159.75,5137.6,5149.0,7921
2024-03-11 09:15:00+05:30,5188.0,5209.0,5160.0,5178.6,12214
2024-03-11 09:30:00+05:30,5178.6,5204.05,5171.6,5196.8,35386
2024-03-11 09:45:00+05:30,5196.8,5224.7,5195.7,5216.95,6337
2024-03-11 10:00:00+05:30,5217.15,5225.0,5206.9,5207.0,7243
2024-03-11 10:15:00+05:30,5207.0,5215.55,5206.4,5211.55,2846
2024-03-11 10:30:00+05:30,5211.55,5217.85,5194.4,5198.1,6126
2024-03-11 10:45:00+05:30,5198.1,5209.95,5194.6,5209.55,5313
2024-03-11 11:00:00+05:30,5209.55,5210.0,5166.55,5171.15,6503
2024-03-11 11:15:00+05:30,5173.55,5178.7,5170.4,5170.4,2778
2024-03-11 11:30:00+05:30,5170.4,5187.15,5170.0,5184.15,2703
2024-03-11 11:45:00+05:30,5184.15,5186.95,5174.0,5185.2,2492
2024-03-11 12:00:00+05:30,5185.2,5198.7,5174.8,5174.8,4210
2024-03-11 12:15:00+05:30,5174.55,5190.0,5173.8,5185.2,3320
2024-03-11 12:30:00+05:30,5185.2,5195.45,5185.1,5190.0,2095
2024-03-11 12:45:00+05:30,5190.0,5190.0,5164.35,5171.2,6499
2024-03-11 13:00:00+05:30,5171.2,5175.0,5168.0,5174.05,2247
2024-03-11 13:15:00+05:30,5174.05,5185.55,5171.35,5178.95,2185
2024-03-11 13:30:00+05:30,5178.95,5185.0,5177.8,5182.35,1703
2024-03-11 13:45:00+05:30,5182.35,5188.5,5180.5,5181.0,2402
2024-03-11 14:00:00+05:30,5181.0,5187.2,5171.8,5171.8,2271
2024-03-11 14:15:00+05:30,5171.8,5183.6,5170.05,5171.9,3433
2024-03-11 14:30:00+05:30,5171.9,5180.0,5171.8,5177.9,1874
2024-03-11 14:45:00+05:30,5177.9,5179.5,5158.2,5172.95,8798
2024-03-11 15:00:00+05:30,5172.95,5174.7,5141.1,5152.05,8585
2024-03-11 15:15:00+05:30,5152.05,5167.15,5138.35,5142.7,11200
2024-03-12 09:15:00+05:30,5173.15,5188.95,5129.0,5129.0,6163
2024-03-12 09:30:00+05:30,5132.95,5157.45,5124.15,5134.5,3462
2024-03-12 09:45:00+05:30,5134.5,5150.0,5133.15,5138.45,1144
2024-03-12 10:00:00+05:30,5138.45,5141.95,5123.0,5132.05,2398
2024-03-12 10:15:00+05:30,5132.2,5144.75,5124.9,5124.9,3270
2024-03-12 10:30:00+05:30,5124.9,5124.9,5110.45,5120.55,1229
2024-03-12 10:45:00+05:30,5120.55,5125.7,5110.4,5117.6,1463
2024-03-12 11:00:00+05:30,5118.75,5136.5,5110.55,5134.95,2556
2024-03-12 11:15:00+05:30,5134.95,5134.95,5083.55,5087.2,3683
2024-03-12 11:30:00+05:30,5087.2,5089.9,5050.6,5062.35,5266
2024-03-12 11:45:00+05:30,5062.35,5073.95,5057.55,5061.05,2196
2024-03-12 12:00:00+05:30,5061.05,5078.1,5053.55,5076.85,1894
2024-03-12 12:15:00+05:30,5076.85,5077.9,5062.85,5072.55,1784
2024-03-12 12:30:00+05:30,5072.55,5075.95,5061.8,5069.05,1874
2024-03-12 12:45:00+05:30,5069.05,5073.25,5055.8,5056.1,1506
2024-03-12 13:00:00+05:30,5056.1,5065.3,5052.0,5060.95,1777
2024-03-12 13:15:00+05:30,5063.2,5077.45,5060.95,5075.7,1295
2024-03-12 13:30:00+05:30,5074.15,5080.9,5074.15,5078.0,1227
2024-03-12 13:45:00+05:30,5078.0,5081.7,5066.6,5069.65,2433
2024-03-12 14:00:00+05:30,5069.65,5081.4,5066.1,5073.3,2287
2024-03-12 14:15:00+05:30,5073.3,5073.3,5050.45,5056.8,2141
2024-03-12 14:30:00+05:30,5056.8,5056.8,5041.3,5045.05,2688
2024-03-12 14:45:00+05:30,5046.95,5060.8,5045.05,5057.55,2382
2024-03-12 15:00:00+05:30,5057.55,5075.0,5049.05,5060.3,6221
2024-03-12 15:15:00+05:30,5060.3,5060.9,5045.05,5059.9,8121
2024-03-13 09:15:00+05:30,5064.95,5080.9,5017.85,5026.1,9116
2024-03-13 09:30:00+05:30,5027.45,5057.0,5021.95,5054.0,4790
2024-03-13 09:45:00+05:30,5054.0,5060.0,5027.6,5035.1,5963
2024-03-13 10:00:00+05:30,5035.1,5053.1,5020.9,5052.75,6337
2024-03-13 10:15:00+05:30,5047.75,5054.05,5005.0,5005.0,5888
2024-03-13 10:30:00+05:30,5005.0,5029.75,5002.5,5014.8,5160
2024-03-13 10:45:00+05:30,5014.8,5014.8,4974.9,4995.8,5851
2024-03-13 11:00:00+05:30,4995.8,5019.75,4991.8,5006.85,8857
2024-03-13 11:15:00+05:30,5006.85,5024.45,4991.5,5013.5,16979
2024-03-13 11:30:00+05:30,5013.65,5027.1,5003.15,5023.35,16827
2024-03-13 11:45:00+05:30,5023.35,5030.0,4978.25,4985.9,21996
2024-03-13 12:00:00+05:30,4985.9,4994.5,4973.55,4973.55,6770
2024-03-13 12:15:00+05:30,4975.3,4984.9,4954.55,4974.4,9384
2024-03-13 12:30:00+05:30,4974.4,5015.55,4974.05,5009.7,8831
2024-03-13 12:45:00+05:30,5009.7,5018.2,4991.3,5018.2,7001
2024-03-13 13:00:00+05:30,5018.2,5025.9,4996.7,5003.1,6546
2024-03-13 13:15:00+05:30,5003.1,5003.1,4961.15,4993.3,9506
2024-03-13 13:30:00+05:30,4993.3,5000.0,4973.7,4975.95,5835
2024-03-13 13:45:00+05:30,4975.95,4985.75,4962.5,4983.8,5449
2024-03-13 14:00:00+05:30,4983.8,4989.9,4964.1,4969.3,4506
2024-03-13 14:15:00+05:30,4969.3,4977.4,4951.0,4954.35,11114
2024-03-13 14:30:00+05:30,4954.1,4956.0,4895.05,4908.1,32802
2024-03-13 14:45:00+05:30,4908.1,4938.7,4903.1,4931.05,7633
2024-03-13 15:00:00+05:30,4931.05,4964.95,4931.05,4938.2,8992
2024-03-13 15:15:00+05:30,4938.2,4953.7,4928.4,4939.7,8790
2024-03-14 09:15:00+05:30,4915.0,4986.4,4881.1,4975.35,9554
2024-03-14 09:30:00+05:30,4975.35,4998.65,4965.35,4976.0,5687
2024-03-14 09:45:00+05:30,4976.0,5014.75,4976.0,4993.2,3965
2024-03-14 10:00:00+05:30,4993.2,5004.75,4985.1,4996.0,2820
2024-03-14 10:15:00+05:30,4996.0,5008.0,4993.6,4997.1,1179
2024-03-14 10:30:00+05:30,4997.1,5017.0,4994.05,4999.75,1582
2024-03-14 10:45:00+05:30,4998.0,5009.65,4996.0,5000.15,1485
2024-03-14 11:00:00+05:30,5000.15,5014.0,5000.15,5002.45,1380
2024-03-14 11:15:00+05:30,5002.45,5005.9,4982.05,4985.35,1150
2024-03-14 11:30:00+05:30,4985.35,4990.1,4975.55,4984.1,1499
2024-03-14 11:45:00+05:30,4984.1,4998.95,4980.0,4986.4,1291
2024-03-14 12:00:00+05:30,4986.4,4997.15,4977.75,4986.5,1737
2024-03-14 12:15:00+05:30,4986.5,4997.6,4984.15,4986.6,1297
2024-03-14 12:30:00+05:30,4986.6,4988.8,4965.3,4965.3,1730
2024-03-14 12:45:00+05:30,4965.3,4965.3,4951.55,4959.85,2121
2024-03-14 13:00:00+05:30,4959.85,4971.45,4958.45,4962.35,2077
2024-03-14 13:15:00+05:30,4962.35,4975.45,4962.05,4971.25,1282
2024-03-14 13:30:00+05:30,4971.25,4973.15,4949.6,4949.6,1637
2024-03-14 13:45:00+05:30,4949.6,4954.35,4940.1,4944.15,2397
2024-03-14 14:00:00+05:30,4944.15,4948.45,4936.55,4944.55,1747
2024-03-14 14:15:00+05:30,4944.55,4957.7,4938.05,4950.5,2912
2024-03-14 14:30:00+05:30,4950.5,4962.55,4950.5,4959.0,2674
2024-03-14 14:45:00+05:30,4959.0,4968.9,4958.45,4959.55,2276
2024-03-14 15:00:00+05:30,4959.55,4981.4,4959.55,4975.35,4631
2024-03-14 15:15:00+05:30,4975.35,5009.1,4974.95,4995.0,9993
2024-03-15 09:15:00+05:30,4990.0,5044.35,4961.0,4983.0,7084
2024-03-15 09:30:00+05:30,4983.0,4985.7,4942.45,4945.0,6033
2024-03-15 09:45:00+05:30,4945.0,4951.65,4929.25,4936.55,1583
2024-03-15 10:00:00+05:30,4936.55,4949.6,4911.9,4913.4,4536
2024-03-15 10:15:00+05:30,4913.4,4919.9,4894.05,4902.9,2565
2024-03-15 10:30:00+05:30,4902.9,4909.95,4895.1,4897.3,1274
2024-03-15 10:45:00+05:30,4897.3,4913.15,4896.0,4906.3,1233
2024-03-15 11:00:00+05:30,4906.3,4912.45,4890.0,4893.05,1590
2024-03-15 11:15:00+05:30,4893.05,4904.6,4890.0,4890.0,1116
2024-03-15 11:30:00+05:30,4890.0,4898.8,4870.1,4874.85,2153
2024-03-15 11:45:00+05:30,4874.85,4880.4,4857.05,4867.15,4726
2024-03-15 12:00:00+05:30,4866.35,4889.45,4863.2,4884.9,4060
2024-03-15 12:15:00+05:30,4884.9,4897.55,4868.05,4869.95,65165
2024-03-15 12:30:00+05:30,4870.1,4873.95,4860.0,4864.2,2725
2024-03-15 12:45:00+05:30,4864.2,4895.95,4860.0,4892.65,5597
2024-03-15 13:00:00+05:30,4892.65,4920.85,4888.6,4915.55,4538
2024-03-15 13:15:00+05:30,4915.55,4929.0,4909.4,4912.0,5918
2024-03-15 13:30:00+05:30,4912.0,4928.95,4900.95,4923.4,5025
2024-03-15 13:45:00+05:30,4923.4,4928.1,4908.45,4919.15,6289
2024-03-15 14:00:00+05:30,4919.15,5006.05,4916.75,4983.5,21312
2024-03-15 14:15:00+05:30,4983.5,4987.45,4954.2,4966.5,3256
2024-03-15 14:30:00+05:30,4966.5,4985.9,4955.4,4983.4,3020
2024-03-15 14:45:00+05:30,4983.4,5000.6,4981.0,4995.8,3804
2024-03-15 15:00:00+05:30,4995.8,5095.65,4995.8,5033.85,96315
2024-03-15 15:15:00+05:30,5033.55,5042.65,5007.05,5014.0,81954
2024-03-18 09:15:00+05:30,5050.0,5068.8,4910.0,4970.0,17164
2024-03-18 09:30:00+05:30,4970.0,4972.0,4933.55,4962.0,5671
2024-03-18 09:45:00+05:30,4961.55,4975.0,4957.95,4960.7,3744
2024-03-18 10:00:00+05:30,4960.7,4961.0,4938.5,4943.3,1657
2024-03-18 10:15:00+05:30,4943.3,4946.95,4936.25,4943.5,877
2024-03-18 10:30:00+05:30,4943.5,4952.9,4936.6,4941.25,539
2024-03-18 10:45:00+05:30,4941.25,4950.0,4936.0,4940.4,1515
2024-03-18 11:00:00+05:30,4940.4,4940.4,4923.1,4934.6,1737
2024-03-18 11:15:00+05:30,4934.55,4942.35,4931.3,4935.0,830
2024-03-18 11:30:00+05:30,4935.0,4938.25,4930.25,4938.15,913
2024-03-18 11:45:00+05:30,4935.7,4951.0,4935.55,4945.25,1182
2024-03-18 12:00:00+05:30,4949.2,4963.45,4946.25,4952.85,999
2024-03-18 12:15:00+05:30,4952.85,4988.95,4950.2,4986.35,4436
2024-03-18 12:30:00+05:30,4986.35,4986.45,4956.85,4963.2,2976
2024-03-18 12:45:00+05:30,4963.2,4967.65,4953.0,4956.15,4636
2024-03-18 13:00:00+05:30,4956.15,4964.95,4944.9,4956.95,1769
2024-03-18 13:15:00+05:30,4956.95,4961.75,4956.85,4956.85,641
2024-03-18 13:30:00+05:30,4956.85,4989.85,4956.85,4982.4,3442
2024-03-18 13:45:00+05:30,4982.4,4982.4,4960.55,4969.75,2498
2024-03-18 14:00:00+05:30,4969.75,4978.45,4962.85,4965.2,2913
2024-03-18 14:15:00+05:30,4965.2,4978.45,4965.2,4976.5,730
2024-03-18 14:30:00+05:30,4979.35,4980.6,4966.6,4974.0,5457
2024-03-18 14:45:00+05:30,4974.0,4982.0,4961.35,4967.3,3706
2024-03-18 15:00:00+05:30,4967.8,4976.7,4962.25,4967.95,5412
2024-03-18 15:15:00+05:30,4967.95,4998.7,4967.95,4985.0,5867
2024-03-19 09:15:00+05:30,5000.0,5000.3,4939.9,4942.6,6480
2024-03-19 09:30:00+05:30,4942.6,4957.0,4940.15,4945.6,3211
2024-03-19 09:45:00+05:30,4945.6,4949.8,4916.55,4920.0,3107
2024-03-19 10:00:00+05:30,4919.65,4924.45,4905.65,4920.55,3519
2024-03-19 10:15:00+05:30,4920.55,4925.85,4901.0,4902.0,3588
2024-03-19 10:30:00+05:30,4902.0,4907.95,4895.4,4900.0,10086
2024-03-19 10:45:00+05:30,4900.0,4903.0,4896.0,4896.0,1279
2024-03-19 11:00:00+05:30,4896.0,4901.75,4886.8,4899.85,2532
2024-03-19 11:15:00+05:30,4899.85,4908.15,4895.95,4900.65,3112
2024-03-19 11:30:00+05:30,4900.65,4906.45,4895.4,4895.4,10494
2024-03-19 11:45:00+05:30,4895.35,4897.75,4881.5,4895.45,1864
2024-03-19 12:00:00+05:30,4895.45,4895.9,4881.75,4884.05,2050
2024-03-19 12:15:00+05:30,4884.05,4894.75,4882.8,4890.95,3124
2024-03-19 12:30:00+05:30,4890.95,4904.6,4889.05,4900.5,11401
2024-03-19 12:45:00+05:30,4900.5,4912.05,4900.5,4908.65,4689
2024-03-19 13:00:00+05:30,4908.45,4908.45,4890.1,4900.5,12123
2024-03-19 13:15:00+05:30,4900.5,4904.6,4896.95,4900.0,9440
2024-03-19 13:30:00+05:30,4899.55,4903.1,4897.55,4901.4,3321
2024-03-19 13:45:00+05:30,4901.25,4901.25,4893.1,4900.8,4196
2024-03-19 14:00:00+05:30,4900.8,4900.8,4878.05,4897.95,11116
2024-03-19 14:15:00+05:30,4897.95,4898.2,4879.25,4882.4,3430
2024-03-19 14:30:00+05:30,4882.4,4891.45,4877.4,4880.8,12491
2024-03-19 14:45:00+05:30,4880.8,4886.6,4875.3,4880.8,3242
2024-03-19 15:00:00+05:30,4880.8,4883.95,4868.8,4871.6,6180
2024-03-19 15:15:00+05:30,4871.6,4878.85,4862.85,4878.85,9163
2024-03-20 09:15:00+05:30,4897.4,4903.1,4863.3,4878.5,4419
2024-03-20 09:30:00+05:30,4878.5,4881.35,4852.0,4868.85,5504
2024-03-20 09:45:00+05:30,4868.85,4868.85,4846.6,4846.6,5117
2024-03-20 10:00:00+05:30,4848.4,4848.45,4819.85,4822.35,4691
2024-03-20 10:15:00+05:30,4822.35,4826.4,4791.95,4814.2,6721
2024-03-20 10:30:00+05:30,4814.2,4818.7,4794.2,4798.1,4879
2024-03-20 10:45:00+05:30,4798.1,4814.5,4795.6,4808.3,3490
2024-03-20 11:00:00+05:30,4809.9,4812.55,4786.6,4804.25,11095
2024-03-20 11:15:00+05:30,4804.25,4821.75,4796.2,4817.15,6394
2024-03-20 11:30:00+05:30,4816.85,4827.2,4802.8,4821.4,9406
2024-03-20 11:45:00+05:30,4821.4,4828.3,4795.55,4806.55,7534
2024-03-20 12:00:00+05:30,4806.55,4809.95,4782.05,4787.45,6375
2024-03-20 12:15:00+05:30,4785.2,4808.15,4783.55,4798.55,2673
2024-03-20 12:30:00+05:30,4798.55,4807.8,4798.45,4804.75,2170
2024-03-20 12:45:00+05:30,4804.65,4809.45,4801.0,4802.5,1788
2024-03-20 13:00:00+05:30,4802.5,4813.45,4798.0,4805.9,41978
2024-03-20 13:15:00+05:30,4804.2,4805.9,4800.9,4801.0,4791
2024-03-20 13:30:00+05:30,4801.0,4801.6,4767.6,4789.55,14748
2024-03-20 13:45:00+05:30,4789.55,4792.0,4782.1,4785.95,6158
2024-03-20 14:00:00+05:30,4785.95,4788.0,4782.4,4787.6,2792
2024-03-20 14:15:00+05:30,4787.6,4788.0,4782.65,4786.0,3399
2024-03-20 14:30:00+05:30,4786.0,4790.0,4781.25,4788.0,7316
2024-03-20 14:45:00+05:30,4788.0,4788.0,4783.2,4785.7,3420
2024-03-20 15:00:00+05:30,4785.7,4788.0,4784.0,4786.6,9179
2024-03-20 15:15:00+05:30,4786.2,4787.0,4775.0,4787.0,6910
2024-03-21 09:15:00+05:30,4800.0,4807.85,4744.85,4774.3,10216
2024-03-21 09:30:00+05:30,4771.2,4778.05,4756.85,4778.05,2871
2024-03-21 09:45:00+05:30,4778.05,4798.0,4773.85,4794.95,3518
2024-03-21 10:00:00+05:30,4794.95,4798.95,4782.2,4782.8,4651
2024-03-21 10:15:00+05:30,4782.8,4794.55,4768.8,4775.5,2102
2024-03-21 10:30:00+05:30,4775.5,4782.45,4768.9,4774.1,2414
2024-03-21 10:45:00+05:30,4774.1,4790.55,4770.0,4788.65,2877
2024-03-21 11:00:00+05:30,4788.65,4807.55,4778.0,4796.2,15463
2024-03-21 11:15:00+05:30,4792.9,4799.0,4790.65,4797.65,2070
2024-03-21 11:30:00+05:30,4797.65,4802.95,4782.25,4801.2,9294
2024-03-21 11:45:00+05:30,4801.2,4803.25,4796.0,4796.1,1910
2024-03-21 12:00:00+05:30,4796.1,4803.35,4793.4,4800.0,16602
2024-03-21 12:15:00+05:30,4800.0,4807.85,4795.05,4803.15,13535
2024-03-21 12:30:00+05:30,4803.15,4835.0,4800.0,4815.15,56375
2024-03-21 12:45:00+05:30,4815.15,4826.05,4813.35,4814.25,14172
2024-03-21 13:00:00+05:30,4814.25,4817.55,4803.0,4805.1,2074
2024-03-21 13:15:00+05:30,4805.1,4809.1,4798.7,4799.25,10038
2024-03-21 13:30:00+05:30,4799.25,4805.8,4795.0,4796.55,24557
2024-03-21 13:45:00+05:30,4796.55,4799.95,4788.9,4794.75,4155
2024-03-21 14:00:00+05:30,4794.75,4798.45,4785.05,4790.9,1615
2024-03-21 14:15:00+05:30,4790.9,4792.75,4784.6,4789.9,2706
2024-03-21 14:30:00+05:30,4789.9,4805.5,4788.15,4800.0,32910
2024-03-21 14:45:00+05:30,4800.0,4805.0,4787.0,4789.9,13535
2024-03-21 15:00:00+05:30,4787.85,4802.3,4786.15,4797.3,13282
2024-03-21 15:15:00+05:30,4798.5,4803.35,4786.4,4787.0,12254
2024-03-22 09:15:00+05:30,4829.1,4829.1,4776.0,4789.0,5599
2024-03-22 09:30:00+05:30,4789.4,4791.95,4776.35,4782.9,2566
2024-03-22 09:45:00+05:30,4783.4,4783.4,4777.1,4782.75,1782
2024-03-22 10:00:00+05:30,4782.75,4795.05,4770.3,4788.25,3926
2024-03-22 10:15:00+05:30,4788.25,4799.7,4780.0,4780.0,2254
2024-03-22 10:30:00+05:30,4780.0,4783.2,4771.05,4772.1,1081
2024-03-22 10:45:00+05:30,4772.1,4783.35,4770.05,4780.15,4402
2024-03-22 11:00:00+05:30,4780.15,4788.6,4780.0,4780.3,3793
2024-03-22 11:15:00+05:30,4780.3,4796.0,4780.0,4796.0,1797
2024-03-22 11:30:00+05:30,4796.0,4809.95,4792.95,4800.55,3471
2024-03-22 11:45:00+05:30,4800.55,4802.95,4790.5,4801.7,18219
2024-03-22 12:00:00+05:30,4801.7,4802.95,4788.0,4788.0,4194
2024-03-22 12:15:00+05:30,4788.0,4799.05,4780.35,4796.05,2280
2024-03-22 12:30:00+05:30,4796.05,4798.55,4795.9,4795.95,622
2024-03-22 12:45:00+05:30,4795.95,4800.85,4795.9,4798.6,1660
2024-03-22 13:00:00+05:30,4798.6,4799.45,4792.4,4796.7,2082
2024-03-22 13:15:00+05:30,4796.7,4801.15,4795.95,4796.8,1885
2024-03-22 13:30:00+05:30,4796.8,4801.45,4795.4,4796.05,1815
2024-03-22 13:45:00+05:30,4796.05,4797.85,4786.9,4790.6,5943
2024-03-22 14:00:00+05:30,4790.6,4794.1,4787.7,4789.2,3973
2024-03-22 14:15:00+05:30,4789.2,4792.4,4788.15,4790.0,4285
2024-03-22 14:30:00+05:30,4790.0,4798.8,4788.2,4791.8,12530
2024-03-22 14:45:00+05:30,4791.8,4802.4,4790.0,4800.65,4127
2024-03-22 15:00:00+05:30,4800.65,4803.7,4785.9,4787.9,26191
2024-03-22 15:15:00+05:30,4787.9,4799.9,4778.6,4785.0,17702
2024-03-26 09:15:00+05:30,4650.0,4796.2,4650.0,4782.55,20281
2024-03-26 09:30:00+05:30,4782.55,4799.9,4780.05,4790.5,5078
2024-03-26 09:45:00+05:30,4790.5,4811.3,4790.0,4793.1,6691
2024-03-26 10:00:00+05:30,4793.1,4803.35,4782.05,4792.9,4412
2024-03-26 10:15:00+05:30,4792.9,4794.75,4784.2,4790.45,1877
2024-03-26 10:30:00+05:30,4790.45,4802.45,4787.1,4801.0,5000
2024-03-26 10:45:00+05:30,4801.0,4852.8,4801.0,4844.5,8266
2024-03-26 11:00:00+05:30,4844.5,4871.95,4844.5,4869.25,4994
2024-03-26 11:15:00+05:30,4869.25,4890.0,4865.0,4886.4,6029
2024-03-26 11:30:00+05:30,4883.35,4915.0,4883.35,4908.65,7191
2024-03-26 11:45:00+05:30,4908.65,4916.6,4905.2,4916.3,3439
2024-03-26 12:00:00+05:30,4916.3,4939.0,4910.35,4933.1,6895
2024-03-26 12:15:00+05:30,4933.1,4989.8,4931.35,4965.3,19483
2024-03-26 12:30:00+05:30,4965.3,4987.0,4965.3,4981.75,9071
2024-03-26 12:45:00+05:30,4981.75,4982.0,4965.0,4973.15,5889
2024-03-26 13:00:00+05:30,4973.15,4987.75,4970.75,4982.5,5216
2024-03-26 13:15:00+05:30,4982.5,5013.0,4978.85,5009.0,8039
2024-03-26 13:30:00+05:30,5009.0,5015.0,4994.3,5005.6,12199
2024-03-26 13:45:00+05:30,5005.6,5008.55,4999.15,5008.55,3781
2024-03-26 14:00:00+05:30,5008.7,5022.5,5006.05,5015.0,7571
2024-03-26 14:15:00+05:30,5015.0,5015.0,4997.15,5001.2,5904
2024-03-26 14:30:00+05:30,5001.2,5011.3,5000.0,5005.4,4128
2024-03-26 14:45:00+05:30,5005.4,5013.65,4997.75,5004.75,7829
2024-03-26 15:00:00+05:30,5004.75,5008.7,5000.75,5002.1,9106
2024-03-26 15:15:00+05:30,5002.9,5009.9,4999.6,5002.25,20242
2024-03-27 09:15:00+05:30,5049.35,5049.35,4962.1,4981.95,8191
2024-03-27 09:30:00+05:30,4981.95,4984.8,4962.05,4978.6,2513
2024-03-27 09:45:00+05:30,4978.6,4984.0,4962.05,4975.55,1810
2024-03-27 10:00:00+05:30,4975.55,4985.85,4971.1,4985.45,1030
2024-03-27 10:15:00+05:30,4985.45,4994.55,4978.0,4989.2,1124
2024-03-27 10:30:00+05:30,4989.2,5018.4,4985.85,5013.6,6218
2024-03-27 10:45:00+05:30,5013.6,5022.6,5003.25,5003.25,1060
2024-03-27 11:00:00+05:30,5003.25,5008.65,5000.0,5005.4,1383
2024-03-27 11:15:00+05:30,5005.4,5031.7,5003.35,5029.9,4272
2024-03-27 11:30:00+05:30,5029.9,5047.95,5027.15,5037.85,1867
2024-03-27 11:45:00+05:30,5037.85,5039.0,5025.0,5038.75,2363
2024-03-27 12:00:00+05:30,5038.75,5059.1,5036.2,5050.0,4426
2024-03-27 12:15:00+05:30,5050.0,5051.3,5043.0,5048.75,3066
2024-03-27 12:30:00+05:30,5048.75,5057.6,5047.3,5052.15,2521
2024-03-27 12:45:00+05:30,5052.15,5053.6,5036.35,5048.9,4310
2024-03-27 13:00:00+05:30,5048.9,5053.45,5035.95,5040.0,2997
2024-03-27 13:15:00+05:30,5040.0,5049.1,5037.5,5049.1,2790
2024-03-27 13:30:00+05:30,5050.0,5055.35,5041.75,5049.85,3554
2024-03-27 13:45:00+05:30,5051.9,5053.0,5039.1,5051.9,2405
2024-03-27 14:00:00+05:30,5052.0,5057.5,5050.0,5056.4,2392
2024-03-27 14:15:00+05:30,5056.4,5056.8,5043.05,5050.05,2777
2024-03-27 14:30:00+05:30,5050.0,5051.9,5033.4,5035.1,1030
2024-03-27 14:45:00+05:30,5035.1,5036.9,5021.45,5021.45,2463
2024-03-27 15:00:00+05:30,5021.15,5022.55,4998.2,5001.1,10959
2024-03-27 15:15:00+05:30,4999.15,5015.6,4978.85,5004.0,12287
2024-03-28 09:15:00+05:30,4935.0,4940.2,4820.05,4853.8,46307
2024-03-28 09:30:00+05:30,4853.8,4867.5,4851.0,4858.0,15411
2024-03-28 09:45:00+05:30,4858.0,4881.95,4851.0,4875.0,28843
2024-03-28 10:00:00+05:30,4875.0,4875.6,4852.25,4855.5,14525
2024-03-28 10:15:00+05:30,4854.05,4867.7,4852.3,4863.05,11972
2024-03-28 10:30:00+05:30,4863.05,4874.25,4859.05,4860.05,8543
2024-03-28 10:45:00+05:30,4860.05,4892.95,4859.9,4890.0,14142
2024-03-28 11:00:00+05:30,4890.0,4905.45,4888.6,4902.8,12917
2024-03-28 11:15:00+05:30,4902.3,4905.0,4892.85,4901.7,7249
2024-03-28 11:30:00+05:30,4901.7,4912.2,4897.95,4900.0,13828
2024-03-28 11:45:00+05:30,4900.0,4915.4,4897.6,4914.75,24724
2024-03-28 12:00:00+05:30,4914.75,4940.0,4910.35,4934.3,10779
2024-03-28 12:15:00+05:30,4934.3,4946.6,4910.15,4946.0,14676
2024-03-28 12:30:00+05:30,4946.0,4992.25,4941.35,4983.9,14056
2024-03-28 12:45:00+05:30,4983.9,4987.7,4969.35,4979.95,10452
2024-03-28 13:00:00+05:30,4979.95,4992.0,4971.1,4978.35,11805
2024-03-28 13:15:00+05:30,4978.35,4994.35,4976.7,4980.0,8932
2024-03-28 13:30:00+05:30,4980.0,4991.0,4975.05,4983.05,25761
2024-03-28 13:45:00+05:30,4983.05,4988.6,4978.55,4982.1,11072
2024-03-28 14:00:00+05:30,4982.15,5002.45,4982.15,4988.65,11751
2024-03-28 14:15:00+05:30,4988.65,5006.2,4985.7,4996.55,8915
2024-03-28 14:30:00+05:30,4996.05,5009.7,4989.05,5004.65,9391
2024-03-28 14:45:00+05:30,5004.65,5009.95,4965.45,4965.95,13717
2024-03-28 15:00:00+05:30,4967.45,4977.95,4923.6,4931.0,35730
2024-03-28 15:15:00+05:30,4931.0,4953.5,4923.65,4949.8,40219
2024-04-01 09:15:00+05:30,4930.15,5044.9,4930.15,4980.5,9301
2024-04-01 09:30:00+05:30,4978.0,4999.4,4974.2,4977.95,2729
2024-04-01 09:45:00+05:30,4975.2,4996.9,4969.0,4973.05,2959
2024-04-01 10:00:00+05:30,4973.05,4973.25,4950.0,4955.9,1269
2024-04-01 10:15:00+05:30,4955.9,4955.9,4947.15,4950.6,1055
2024-04-01 10:30:00+05:30,4950.6,4967.95,4948.9,4959.25,1495
2024-04-01 10:45:00+05:30,4958.05,4960.4,4944.15,4960.35,870
2024-04-01 11:00:00+05:30,4960.35,4977.95,4956.3,4976.7,2415
2024-04-01 11:15:00+05:30,4976.7,4999.0,4976.7,4998.05,1823
2024-04-01 11:30:00+05:30,4998.05,5006.3,4987.25,4990.5,1043
2024-04-01 11:45:00+05:30,4990.5,5000.5,4986.25,4998.35,757
2024-04-01 12:00:00+05:30,4998.35,4999.35,4983.45,4983.6,332
2024-04-01 12:15:00+05:30,4983.6,4995.0,4981.45,4985.45,223
2024-04-01 12:30:00+05:30,4985.45,4987.9,4971.3,4979.6,1278
2024-04-01 12:45:00+05:30,4979.6,4979.6,4970.1,4972.85,1026
2024-04-01 13:00:00+05:30,4972.85,4993.85,4970.75,4989.9,979
2024-04-01 13:15:00+05:30,4989.9,4993.9,4984.75,4991.55,347
2024-04-01 13:30:00+05:30,4991.55,4992.0,4973.3,4974.4,1149
2024-04-01 13:45:00+05:30,4974.4,4983.5,4969.8,4983.5,1548
2024-04-01 14:00:00+05:30,4983.5,4992.0,4978.4,4983.4,1101
2024-04-01 14:15:00+05:30,4983.4,5002.25,4980.0,4995.0,5543
2024-04-01 14:30:00+05:30,4998.3,5005.0,4998.3,5001.95,2845
2024-04-01 14:45:00+05:30,5001.95,5010.0,4995.05,5000.0,7226
2024-04-01 15:00:00+05:30,5000.0,5026.3,4995.8,5023.05,10075
2024-04-01 15:15:00+05:30,5023.05,5025.0,4964.45,4964.45,9973
2024-04-02 09:15:00+05:30,5009.0,5009.0,4972.3,4983.05,3887
2024-04-02 09:30:00+05:30,4983.05,5003.9,4980.0,4999.2,3604
2024-04-02 09:45:00+05:30,4999.2,5003.0,4911.6,4929.95,13828
2024-04-02 10:00:00+05:30,4926.7,4996.6,4922.15,4989.35,18749
2024-04-02 10:15:00+05:30,4989.35,5005.95,4976.0,4990.0,4890
2024-04-02 10:30:00+05:30,4990.0,5004.0,4987.85,5002.4,2521
2024-04-02 10:45:00+05:30,5002.4,5004.0,4987.5,4991.35,1627
2024-04-02 11:00:00+05:30,4991.0,4997.5,4985.1,4987.6,2405
2024-04-02 11:15:00+05:30,4987.6,4997.9,4987.6,4992.45,2152
2024-04-02 11:30:00+05:30,4992.45,5024.9,4992.45,5000.25,3755
2024-04-02 11:45:00+05:30,5000.25,5005.6,4989.2,5002.75,1549
2024-04-02 12:00:00+05:30,5002.75,5009.0,4987.45,4987.45,2025
2024-04-02 12:15:00+05:30,4987.45,5004.2,4974.05,4985.05,4020
2024-04-02 12:30:00+05:30,4985.05,4988.85,4938.7,4947.6,11193
2024-04-02 12:45:00+05:30,4947.6,4957.85,4938.05,4955.0,3648
2024-04-02 13:00:00+05:30,4955.0,4963.7,4944.4,4945.95,3185
2024-04-02 13:15:00+05:30,4945.95,4952.0,4941.0,4946.85,1969
2024-04-02 13:30:00+05:30,4946.85,4952.8,4942.7,4948.1,1532
2024-04-02 13:45:00+05:30,4950.8,4954.45,4940.4,4942.05,1789
2024-04-02 14:00:00+05:30,4942.05,4948.0,4938.0,4942.85,2219
2024-04-02 14:15:00+05:30,4942.85,4945.45,4935.7,4939.2,1483
2024-04-02 14:30:00+05:30,4937.5,4945.45,4935.0,4940.55,1770
2024-04-02 14:45:00+05:30,4940.55,4947.65,4935.1,4943.7,2529
2024-04-02 15:00:00+05:30,4943.7,4960.95,4943.7,4953.95,8428
2024-04-02 15:15:00+05:30,4954.45,4970.65,4941.35,4955.0,11303
2024-04-03 09:15:00+05:30,4933.0,4939.95,4919.05,4933.45,3639
2024-04-03 09:30:00+05:30,4933.45,4933.5,4914.0,4914.0,2064
2024-04-03 09:45:00+05:30,4914.0,4921.1,4910.0,4915.45,2104
2024-04-03 10:00:00+05:30,4915.45,4926.85,4911.1,4925.0,1196
2024-04-03 10:15:00+05:30,4925.0,4925.4,4911.0,4911.0,1094
2024-04-03 10:30:00+05:30,4911.0,4912.35,4902.85,4906.0,1564
2024-04-03 10:45:00+05:30,4906.0,4908.9,4887.05,4894.65,3024
2024-04-03 11:00:00+05:30,4897.5,4903.95,4894.75,4902.5,2084
2024-04-03 11:15:00+05:30,4902.5,4906.5,4899.0,4904.55,914
2024-04-03 11:30:00+05:30,4901.55,4906.4,4899.05,4903.45,1266
2024-04-03 11:45:00+05:30,4903.45,4909.8,4900.0,4908.1,999
2024-04-03 12:00:00+05:30,4908.1,4927.15,4908.1,4924.8,2456
2024-04-03 12:15:00+05:30,4924.7,4925.55,4911.0,4915.85,1096
2024-04-03 12:30:00+05:30,4915.85,4920.0,4911.05,4911.4,738
2024-04-03 12:45:00+05:30,4911.4,4921.45,4911.4,4915.3,1123
2024-04-03 13:00:00+05:30,4915.3,4915.3,4900.0,4900.0,3930
2024-04-03 13:15:00+05:30,4900.0,4910.4,4900.0,4903.7,1836
2024-04-03 13:30:00+05:30,4903.7,4910.65,4902.1,4905.4,1666
2024-04-03 13:45:00+05:30,4905.4,4906.35,4887.0,4897.45,11702
2024-04-03 14:00:00+05:30,4898.8,4903.4,4894.6,4900.0,10571
2024-04-03 14:15:00+05:30,4899.8,4904.5,4897.2,4900.0,8710
2024-04-03 14:30:00+05:30,4900.0,4900.0,4895.0,4900.0,6643
2024-04-03 14:45:00+05:30,4899.6,4900.1,4893.85,4900.0,11339
2024-04-03 15:00:00+05:30,4900.0,4902.15,4891.1,4893.5,15760
2024-04-03 15:15:00+05:30,4893.5,4899.4,4865.65,4886.0,8573
2024-04-04 09:15:00+05:30,4915.0,4915.0,4875.15,4875.15,3767
2024-04-04 09:30:00+05:30,4875.0,4876.1,4860.1,4868.65,3146
2024-04-04 09:45:00+05:30,4868.6,4874.7,4854.65,4859.95,3181
2024-04-04 10:00:00+05:30,4859.95,4864.2,4840.0,4842.9,3044
2024-04-04 10:15:00+05:30,4842.9,4863.0,4841.2,4847.4,1481
2024-04-04 10:30:00+05:30,4847.4,4855.9,4845.0,4853.85,1637
2024-04-04 10:45:00+05:30,4853.85,4873.45,4850.0,4866.75,8757
2024-04-04 11:00:00+05:30,4866.75,4869.9,4853.0,4861.55,7048
2024-04-04 11:15:00+05:30,4861.5,4862.4,4854.7,4856.15,7276
2024-04-04 11:30:00+05:30,4856.15,4857.45,4846.3,4850.4,20097
2024-04-04 11:45:00+05:30,4850.45,4857.55,4850.0,4852.55,1699
2024-04-04 12:00:00+05:30,4852.55,4860.7,4851.95,4853.05,2248
2024-04-04 12:15:00+05:30,4853.0,4857.25,4846.6,4849.95,18099
2024-04-04 12:30:00+05:30,4849.95,4850.9,4830.0,4833.15,16747
2024-04-04 12:45:00+05:30,4836.6,4842.95,4833.0,4837.8,2379
2024-04-04 13:00:00+05:30,4838.05,4841.9,4837.8,4840.45,11514
2024-04-04 13:15:00+05:30,4840.05,4850.0,4840.0,4849.05,2596
2024-04-04 13:30:00+05:30,4849.05,4860.95,4847.15,4855.0,7398
2024-04-04 13:45:00+05:30,4855.0,4855.45,4849.95,4850.0,6435
2024-04-04 14:00:00+05:30,4850.0,4854.75,4850.0,4851.0,4005
2024-04-04 14:15:00+05:30,4851.0,4854.7,4851.0,4851.0,3008
2024-04-04 14:30:00+05:30,4851.05,4857.75,4851.0,4851.0,3479
2024-04-04 14:45:00+05:30,4851.05,4858.15,4851.0,4851.0,4558
2024-04-04 15:00:00+05:30,4851.0,4854.15,4850.95,4852.15,8792
2024-04-04 15:15:00+05:30,4852.15,4886.0,4852.0,4886.0,22760
2024-04-05 09:15:00+05:30,4892.85,4994.75,4880.25,4983.4,42382
2024-04-05 09:30:00+05:30,4983.4,5020.0,4977.25,5009.35,39000
2024-04-05 09:45:00+05:30,5009.35,5061.6,5004.0,5061.5,50541
2024-04-05 10:00:00+05:30,5057.75,5095.0,5041.0,5044.4,66616
2024-04-05 10:15:00+05:30,5040.0,5040.0,4963.0,4966.5,47162
2024-04-05 10:30:00+05:30,4966.5,4986.0,4955.15,4982.5,16215
2024-04-05 10:45:00+05:30,4984.05,5001.05,4960.0,4963.65,16111
2024-04-05 11:00:00+05:30,4963.65,4968.95,4942.65,4966.6,11105
2024-04-05 11:15:00+05:30,4966.6,4982.0,4963.65,4968.15,4655
2024-04-05 11:30:00+05:30,4968.15,4972.5,4954.0,4955.6,3493
2024-04-05 11:45:00+05:30,4955.6,4961.6,4935.8,4944.0,7032
2024-04-05 12:00:00+05:30,4944.0,4949.1,4938.1,4942.5,3115
2024-04-05 12:15:00+05:30,4942.5,4944.55,4929.8,4931.85,2913
2024-04-05 12:30:00+05:30,4931.0,4935.95,4922.4,4931.8,5954
2024-04-05 12:45:00+05:30,4931.8,4949.0,4929.8,4932.05,3227
2024-04-05 13:00:00+05:30,4932.05,4947.95,4930.0,4930.0,2653
2024-04-05 13:15:00+05:30,4930.0,4934.2,4921.5,4922.55,2385
2024-04-05 13:30:00+05:30,4922.55,4928.6,4912.7,4922.0,3685
2024-04-05 13:45:00+05:30,4922.0,4930.0,4913.15,4924.8,2942
2024-04-05 14:00:00+05:30,4924.8,4925.0,4911.5,4916.05,6378
2024-04-05 14:15:00+05:30,4916.05,4918.45,4906.0,4916.4,4028
2024-04-05 14:30:00+05:30,4916.4,4920.0,4910.0,4912.0,2396
2024-04-05 14:45:00+05:30,4912.0,4917.65,4910.0,4910.85,2249
2024-04-05 15:00:00+05:30,4912.0,4925.0,4907.05,4911.05,15000
2024-04-05 15:15:00+05:30,4911.1,4919.95,4900.5,4900.5,22289
2024-04-08 09:15:00+05:30,4919.95,4950.0,4881.95,4886.25,5449
2024-04-08 09:30:00+05:30,4884.45,4891.05,4862.55,4874.3,6558
2024-04-08 09:45:00+05:30,4872.1,4875.75,4865.25,4868.1,1330
2024-04-08 10:00:00+05:30,4868.15,4880.0,4868.15,4871.55,1471
2024-04-08 10:15:00+05:30,4871.55,4875.85,4869.6,4872.9,473
2024-04-08 10:30:00+05:30,4872.9,4879.6,4869.05,4877.35,4619
2024-04-08 10:45:00+05:30,4877.35,4880.0,4872.2,4875.7,1363
2024-04-08 11:00:00+05:30,4875.7,4880.0,4873.0,4875.95,1044
2024-04-08 11:15:00+05:30,4875.95,4877.1,4868.5,4869.2,1460
2024-04-08 11:30:00+05:30,4869.2,4880.0,4869.2,4873.45,2730
2024-04-08 11:45:00+05:30,4873.45,4874.15,4855.75,4858.1,9623
2024-04-08 12:00:00+05:30,4858.05,4871.95,4856.3,4869.1,5898
2024-04-08 12:15:00+05:30,4866.6,4871.45,4859.95,4860.0,5147
2024-04-08 12:30:00+05:30,4860.0,4863.15,4856.05,4859.95,3776
2024-04-08 12:45:00+05:30,4859.95,4864.0,4859.75,4860.0,3135
2024-04-08 13:00:00+05:30,4860.0,4868.0,4856.0,4867.15,8821
2024-04-08 13:15:00+05:30,4866.0,4879.5,4852.0,4853.1,9734
2024-04-08 13:30:00+05:30,4853.1,4863.7,4845.3,4856.0,3387
2024-04-08 13:45:00+05:30,4856.4,4860.85,4855.75,4859.85,1090
2024-04-08 14:00:00+05:30,4859.85,4871.25,4855.85,4860.0,6579
2024-04-08 14:15:00+05:30,4860.0,4868.95,4858.8,4858.8,11199
2024-04-08 14:30:00+05:30,4858.8,4864.95,4856.9,4862.45,6447
2024-04-08 14:45:00+05:30,4862.45,4895.9,4861.55,4886.2,17884
2024-04-08 15:00:00+05:30,4886.2,4894.55,4879.75,4887.4,13226
2024-04-08 15:15:00+05:30,4887.4,4897.2,4870.05,4884.0,18151
2024-04-09 09:15:00+05:30,4880.0,4910.35,4856.05,4866.45,6145
2024-04-09 09:30:00+05:30,4866.45,4874.1,4860.0,4862.2,2386
2024-04-09 09:45:00+05:30,4863.05,4888.8,4863.05,4874.45,3751
2024-04-09 10:00:00+05:30,4874.45,4914.9,4872.1,4910.0,4716
2024-04-09 10:15:00+05:30,4911.1,4920.2,4902.2,4911.9,2879
2024-04-09 10:30:00+05:30,4911.9,4914.6,4894.55,4903.55,2899
2024-04-09 10:45:00+05:30,4903.55,4904.1,4885.6,4887.0,1901
2024-04-09 11:00:00+05:30,4887.0,4889.1,4875.6,4878.3,1533
2024-04-09 11:15:00+05:30,4878.3,4886.1,4876.95,4882.15,2077
2024-04-09 11:30:00+05:30,4882.15,4891.55,4881.95,4887.15,1656
2024-04-09 11:45:00+05:30,4887.15,4889.2,4870.1,4881.0,1991
2024-04-09 12:00:00+05:30,4881.0,4884.6,4876.6,4879.4,1351
2024-04-09 12:15:00+05:30,4879.4,4879.4,4867.8,4870.2,1575
2024-04-09 12:30:00+05:30,4870.2,4884.6,4869.05,4880.1,1776
2024-04-09 12:45:00+05:30,4878.85,4881.0,4870.2,4875.45,1207
2024-04-09 13:00:00+05:30,4875.55,4882.4,4870.0,4870.0,1670
2024-04-09 13:15:00+05:30,4870.0,4875.85,4861.3,4870.15,2812
2024-04-09 13:30:00+05:30,4870.15,4874.4,4863.1,4867.8,1325
2024-04-09 13:45:00+05:30,4867.8,4874.35,4859.0,4869.9,3188
2024-04-09 14:00:00+05:30,4869.9,4879.1,4862.2,4872.45,2395
2024-04-09 14:15:00+05:30,4872.45,4888.7,4871.35,4884.7,4636
2024-04-09 14:30:00+05:30,4884.7,4889.7,4880.55,4881.25,1550
2024-04-09 14:45:00+05:30,4881.25,4886.5,4876.65,4878.55,1604
2024-04-09 15:00:00+05:30,4878.45,4893.4,4878.25,4884.95,3249
2024-04-09 15:15:00+05:30,4884.1,4888.6,4865.0,4867.5,5680
2024-04-10 09:15:00+05:30,4868.25,4874.2,4815.45,4857.75,13860
2024-04-10 09:30:00+05:30,4857.75,4863.2,4847.0,4851.55,2468
2024-04-10 09:45:00+05:30,4848.0,4862.1,4848.0,4859.45,1593
2024-04-10 10:00:00+05:30,4860.3,4863.65,4832.0,4836.95,3819
2024-04-10 10:15:00+05:30,4836.95,4854.8,4834.55,4854.8,1611
2024-04-10 10:30:00+05:30,4854.8,4863.0,4849.9,4850.0,1828
2024-04-10 10:45:00+05:30,4850.0,4862.85,4846.45,4852.95,28452
2024-04-10 11:00:00+05:30,4852.95,4858.6,4850.35,4855.55,2319
2024-04-10 11:15:00+05:30,4855.55,4858.8,4854.5,4858.8,2996
2024-04-10 11:30:00+05:30,4858.8,4861.95,4855.15,4857.55,3748
2024-04-10 11:45:00+05:30,4857.55,4861.7,4854.0,4855.05,3271
2024-04-10 12:00:00+05:30,4855.05,4858.65,4854.95,4855.55,2396
2024-04-10 12:15:00+05:30,4857.1,4861.75,4854.9,4855.0,2191
2024-04-10 12:30:00+05:30,4855.0,4860.4,4854.0,4855.0,4160
2024-04-10 12:45:00+05:30,4855.05,4859.1,4853.25,4855.0,2444
2024-04-10 13:00:00+05:30,4855.0,4856.0,4854.95,4855.2,2837
2024-04-10 13:15:00+05:30,4855.2,4859.75,4855.0,4855.05,2307
2024-04-10 13:30:00+05:30,4855.05,4862.0,4854.95,4859.35,3839
2024-04-10 13:45:00+05:30,4859.35,4859.35,4855.0,4855.0,2357
2024-04-10 14:00:00+05:30,4855.0,4857.1,4853.2,4855.1,2902
2024-04-10 14:15:00+05:30,4855.1,4858.75,4853.15,4855.05,3259
2024-04-10 14:30:00+05:30,4855.05,4857.8,4853.5,4855.0,5701
2024-04-10 14:45:00+05:30,4855.0,4856.35,4829.0,4829.0,7834
2024-04-10 15:00:00+05:30,4830.0,4836.95,4813.2,4825.0,17569
2024-04-10 15:15:00+05:30,4825.0,4830.85,4818.75,4826.85,57785
2024-04-12 09:15:00+05:30,4824.5,4870.0,4798.0,4821.1,9781
2024-04-12 09:30:00+05:30,4821.1,4843.25,4815.05,4825.25,8355
2024-04-12 09:45:00+05:30,4825.25,4849.95,4816.55,4834.4,7384
2024-04-12 10:00:00+05:30,4834.4,4849.95,4820.0,4846.05,6201
2024-04-12 10:15:00+05:30,4846.05,4848.8,4830.05,4841.8,4773
2024-04-12 10:30:00+05:30,4841.8,4845.0,4830.2,4833.0,4311
2024-04-12 10:45:00+05:30,4833.0,4844.95,4820.65,4830.2,5240
2024-04-12 11:00:00+05:30,4830.2,4832.1,4820.0,4821.65,2981
2024-04-12 11:15:00+05:30,4821.65,4828.15,4818.2,4821.75,5602
2024-04-12 11:30:00+05:30,4821.75,4831.1,4816.0,4824.3,8053
2024-04-12 11:45:00+05:30,4824.3,4824.3,4813.0,4814.9,3381
2024-04-12 12:00:00+05:30,4814.9,4854.0,4812.0,4830.95,10072
2024-04-12 12:15:00+05:30,4830.95,4836.35,4822.55,4827.15,5918
2024-04-12 12:30:00+05:30,4827.15,4828.25,4812.0,4815.7,5287
2024-04-12 12:45:00+05:30,4815.7,4815.7,4793.9,4799.5,6988
2024-04-12 13:00:00+05:30,4799.5,4806.7,4786.0,4800.0,10662
2024-04-12 13:15:00+05:30,4800.0,4800.0,4788.3,4792.2,3049
2024-04-12 13:30:00+05:30,4792.85,4795.35,4781.3,4786.05,2716
2024-04-12 13:45:00+05:30,4786.05,4786.2,4771.1,4772.5,4464
2024-04-12 14:00:00+05:30,4772.5,4774.9,4760.1,4761.55,3009
2024-04-12 14:15:00+05:30,4761.55,4768.65,4755.0,4768.65,4206
2024-04-12 14:30:00+05:30,4768.65,4768.65,4750.25,4752.1,3255
2024-04-12 14:45:00+05:30,4753.8,4757.7,4742.9,4749.0,4647
2024-04-12 15:00:00+05:30,4749.0,4749.0,4725.15,4738.0,12769
2024-04-12 15:15:00+05:30,4738.0,4742.65,4730.0,4737.0,15924
2024-04-15 09:15:00+05:30,4725.0,4737.0,4672.5,4690.0,8994
2024-04-15 09:30:00+05:30,4690.0,4716.85,4680.75,4687.55,3829
2024-04-15 09:45:00+05:30,4688.8,4742.45,4688.8,4735.5,62581
2024-04-15 10:00:00+05:30,4736.85,4753.2,4713.85,4750.05,6397
2024-04-15 10:15:00+05:30,4753.85,4755.0,4732.55,4735.0,4273
2024-04-15 10:30:00+05:30,4735.0,4739.05,4728.0,4733.7,2518
2024-04-15 10:45:00+05:30,4733.7,4733.7,4720.9,4728.85,2001
2024-04-15 11:00:00+05:30,4728.85,4729.4,4711.55,4711.55,2756
2024-04-15 11:15:00+05:30,4711.55,4728.7,4705.55,4724.8,4570
2024-04-15 11:30:00+05:30,4724.8,4737.8,4724.8,4737.8,2757
2024-04-15 11:45:00+05:30,4737.8,4737.8,4720.75,4725.7,2354
2024-04-15 12:00:00+05:30,4725.7,4734.0,4721.0,4732.4,5886
2024-04-15 12:15:00+05:30,4732.35,4740.0,4725.05,4736.95,5227
2024-04-15 12:30:00+05:30,4736.95,4737.7,4723.8,4729.4,1248
2024-04-15 12:45:00+05:30,4729.4,4733.7,4709.8,4710.6,1892
2024-04-15 13:00:00+05:30,4711.2,4732.8,4708.85,4732.0,2475
2024-04-15 13:15:00+05:30,4731.95,4735.0,4723.2,4730.0,1740
2024-04-15 13:30:00+05:30,4730.0,4732.75,4716.95,4727.5,1379
2024-04-15 13:45:00+05:30,4728.0,4734.9,4716.25,4734.8,5268
2024-04-15 14:00:00+05:30,4734.8,4742.3,4724.2,4727.8,2273
2024-04-15 14:15:00+05:30,4727.8,4727.8,4710.05,4714.1,3665
2024-04-15 14:30:00+05:30,4714.1,4727.3,4711.65,4715.5,2649
2024-04-15 14:45:00+05:30,4715.5,4720.6,4707.8,4711.4,4024
2024-04-15 15:00:00+05:30,4711.4,4719.65,4702.3,4715.05,9102
2024-04-15 15:15:00+05:30,4716.2,4726.45,4700.9,4702.2,13974
2024-04-16 09:15:00+05:30,4700.0,4725.3,4693.55,4703.85,3572
2024-04-16 09:30:00+05:30,4703.85,4730.0,4703.85,4709.3,3674
2024-04-16 09:45:00+05:30,4709.3,4725.0,4695.15,4720.0,5429
2024-04-16 10:00:00+05:30,4720.0,4720.75,4700.0,4707.05,2568
2024-04-16 10:15:00+05:30,4707.05,4707.05,4680.0,4685.05,4667
2024-04-16 10:30:00+05:30,4685.05,4694.95,4680.0,4694.7,3736
2024-04-16 10:45:00+05:30,4694.7,4711.0,4691.0,4703.8,3618
2024-04-16 11:00:00+05:30,4703.8,4714.65,4703.8,4706.05,1829
2024-04-16 11:15:00+05:30,4706.05,4708.0,4696.75,4699.0,1347
2024-04-16 11:30:00+05:30,4699.0,4702.35,4695.65,4700.0,2037
2024-04-16 11:45:00+05:30,4700.0,4709.9,4695.5,4700.1,5917
2024-04-16 12:00:00+05:30,4700.1,4706.15,4698.5,4706.0,1927
2024-04-16 12:15:00+05:30,4706.0,4706.0,4697.15,4699.0,1820
2024-04-16 12:30:00+05:30,4699.0,4702.3,4696.2,4699.4,7731
2024-04-16 12:45:00+05:30,4699.4,4700.0,4696.65,4698.75,4428
2024-04-16 13:00:00+05:30,4698.75,4700.0,4696.3,4698.75,1642
2024-04-16 13:15:00+05:30,4698.75,4701.25,4693.0,4698.75,3441
2024-04-16 13:30:00+05:30,4698.75,4736.9,4698.15,4733.4,9192
2024-04-16 13:45:00+05:30,4733.4,4775.95,4728.95,4755.05,14647
2024-04-16 14:00:00+05:30,4755.05,4763.0,4748.0,4750.55,3342
2024-04-16 14:15:00+05:30,4750.55,4760.0,4737.0,4748.65,3480
2024-04-16 14:30:00+05:30,4748.65,4748.65,4732.05,4732.05,1872
2024-04-16 14:45:00+05:30,4732.05,4739.05,4715.65,4724.6,5828
2024-04-16 15:00:00+05:30,4725.6,4738.05,4718.85,4735.7,9343
2024-04-16 15:15:00+05:30,4735.75,4746.3,4720.0,4720.0,12592
2024-04-18 09:15:00+05:30,4740.0,4749.15,4710.4,4714.9,5467
2024-04-18 09:30:00+05:30,4714.9,4717.9,4701.45,4712.8,4226
2024-04-18 09:45:00+05:30,4712.8,4733.15,4704.0,4724.0,1602
2024-04-18 10:00:00+05:30,4724.0,4724.5,4680.1,4683.25,3191
2024-04-18 10:15:00+05:30,4683.25,4688.7,4651.4,4675.2,109412
2024-04-18 10:30:00+05:30,4675.2,4683.1,4670.75,4679.5,3898
2024-04-18 10:45:00+05:30,4679.5,4690.6,4676.45,4690.45,3191
2024-04-18 11:00:00+05:30,4690.45,4703.35,4684.55,4700.1,1776
2024-04-18 11:15:00+05:30,4700.1,4712.45,4694.3,4699.05,4402
2024-04-18 11:30:00+05:30,4699.05,4709.8,4695.0,4706.65,44978
2024-04-18 11:45:00+05:30,4706.65,4709.0,4698.05,4699.95,1081
2024-04-18 12:00:00+05:30,4699.95,4705.0,4696.05,4699.85,2466
2024-04-18 12:15:00+05:30,4699.85,4739.95,4699.85,4736.8,5777
2024-04-18 12:30:00+05:30,4736.8,4737.25,4732.95,4732.95,2328
2024-04-18 12:45:00+05:30,4732.95,4736.8,4720.0,4721.0,3871
2024-04-18 13:00:00+05:30,4721.0,4723.85,4712.6,4718.5,1739
2024-04-18 13:15:00+05:30,4718.5,4720.8,4686.0,4702.05,18617
2024-04-18 13:30:00+05:30,4702.05,4711.15,4693.8,4695.55,3534
2024-04-18 13:45:00+05:30,4695.55,4701.9,4695.55,4699.1,3127
2024-04-18 14:00:00+05:30,4699.1,4702.0,4696.15,4699.75,4135
2024-04-18 14:15:00+05:30,4699.75,4701.3,4695.0,4699.0,6609
2024-04-18 14:30:00+05:30,4699.0,4699.9,4680.0,4684.05,22636
2024-04-18 14:45:00+05:30,4683.95,4698.0,4664.8,4666.5,26614
2024-04-18 15:00:00+05:30,4666.5,4667.0,4636.4,4653.05,15788
2024-04-18 15:15:00+05:30,4654.55,4664.3,4650.0,4650.0,14209
2024-04-19 09:15:00+05:30,4625.0,4644.95,4592.15,4604.45,8243
2024-04-19 09:30:00+05:30,4604.2,4618.0,4593.55,4617.05,3720
2024-04-19 09:45:00+05:30,4620.0,4624.6,4589.25,4606.2,15148
2024-04-19 10:00:00+05:30,4606.2,4621.75,4594.9,4610.5,2897
2024-04-19 10:15:00+05:30,4610.5,4613.35,4594.0,4601.65,1400
2024-04-19 10:30:00+05:30,4601.65,4609.35,4594.0,4594.0,1498
2024-04-19 10:45:00+05:30,4594.0,4596.45,4572.0,4581.0,6505
2024-04-19 11:00:00+05:30,4581.0,4591.15,4567.05,4587.05,4584
2024-04-19 11:15:00+05:30,4584.1,4610.95,4581.5,4607.05,2188
2024-04-19 11:30:00+05:30,4607.05,4610.0,4591.0,4601.9,2470
2024-04-19 11:45:00+05:30,4604.4,4606.95,4593.85,4601.45,1455
2024-04-19 12:00:00+05:30,4599.0,4605.0,4586.7,4590.0,1330
2024-04-19 12:15:00+05:30,4590.0,4596.5,4582.0,4585.0,2095
2024-04-19 12:30:00+05:30,4585.0,4591.9,4578.0,4591.45,1221
2024-04-19 12:45:00+05:30,4591.45,4605.0,4585.0,4605.0,1712
2024-04-19 13:00:00+05:30,4605.0,4606.5,4595.6,4597.2,1078
2024-04-19 13:15:00+05:30,4597.2,4606.0,4590.55,4606.0,3456
2024-04-19 13:30:00+05:30,4606.0,4618.15,4605.1,4618.15,1378
2024-04-19 13:45:00+05:30,4618.15,4629.95,4617.3,4629.0,1268
2024-04-19 14:00:00+05:30,4629.0,4638.0,4622.6,4625.05,1849
2024-04-19 14:15:00+05:30,4625.05,4629.45,4610.25,4614.0,2801
2024-04-19 14:30:00+05:30,4614.0,4617.2,4601.8,4605.05,7849
2024-04-19 14:45:00+05:30,4605.05,4611.2,4598.95,4605.1,6490
2024-04-19 15:00:00+05:30,4605.1,4619.85,4600.65,4619.35,2422
2024-04-19 15:15:00+05:30,4619.35,4626.35,4593.3,4615.75,8928
2024-04-22 09:15:00+05:30,4644.25,4702.0,4631.4,4684.95,14535
2024-04-22 09:30:00+05:30,4684.95,4701.5,4671.1,4677.95,20909
2024-04-22 09:45:00+05:30,4676.85,4680.95,4636.2,4650.4,11618
2024-04-22 10:00:00+05:30,4648.4,4659.9,4642.95,4648.85,7169
2024-04-22 10:15:00+05:30,4648.85,4650.05,4634.9,4642.75,6858
2024-04-22 10:30:00+05:30,4642.75,4695.0,4642.75,4695.0,10607
2024-04-22 10:45:00+05:30,4694.3,4699.45,4675.15,4699.45,4629
2024-04-22 11:00:00+05:30,4699.45,4718.95,4695.6,4713.55,10087
2024-04-22 11:15:00+05:30,4713.55,4729.9,4710.95,4727.9,6589
2024-04-22 11:30:00+05:30,4727.9,4741.4,4723.55,4741.3,9147
2024-04-22 11:45:00+05:30,4741.3,4747.75,4740.0,4746.25,5254
2024-04-22 12:00:00+05:30,4746.25,4753.75,4741.45,4750.6,4617
2024-04-22 12:15:00+05:30,4750.6,4753.75,4737.75,4744.25,6101
2024-04-22 12:30:00+05:30,4746.6,4756.0,4740.45,4751.95,4224
2024-04-22 12:45:00+05:30,4751.95,4751.95,4737.65,4746.2,6761
2024-04-22 13:00:00+05:30,4746.2,4753.1,4738.15,4741.75,2897
2024-04-22 13:15:00+05:30,4741.75,4749.85,4731.5,4738.3,3855
2024-04-22 13:30:00+05:30,4738.3,4751.75,4736.2,4746.8,2976
2024-04-22 13:45:00+05:30,4746.8,4750.8,4734.65,4735.7,2097
2024-04-22 14:00:00+05:30,4735.7,4754.05,4735.25,4751.2,3174
2024-04-22 14:15:00+05:30,4751.2,4752.65,4735.55,4739.6,3290
2024-04-22 14:30:00+05:30,4739.6,4745.0,4733.15,4740.55,4051
2024-04-22 14:45:00+05:30,4740.55,4743.35,4720.85,4722.6,4652
2024-04-22 15:00:00+05:30,4721.1,4752.55,4721.1,4752.1,14828
2024-04-22 15:15:00+05:30,4748.3,4754.8,4731.3,4747.0,17483
2024-04-23 09:15:00+05:30,4759.8,4791.8,4719.05,4728.15,7432
2024-04-23 09:30:00+05:30,4728.15,4745.45,4720.0,4734.95,2905
2024-04-23 09:45:00+05:30,4736.4,4739.5,4719.45,4739.15,2986
2024-04-23 10:00:00+05:30,4739.95,4743.85,4680.2,4690.6,23692
2024-04-23 10:15:00+05:30,4690.6,4699.55,4687.85,4697.5,2710
2024-04-23 10:30:00+05:30,4697.5,4712.4,4695.7,4700.5,2090
2024-04-23 10:45:00+05:30,4701.3,4708.65,4665.0,4699.95,4422
2024-04-23 11:00:00+05:30,4700.0,4703.15,4690.0,4693.0,2177
2024-04-23 11:15:00+05:30,4693.0,4701.0,4692.95,4693.05,1453
2024-04-23 11:30:00+05:30,4693.05,4699.8,4690.05,4695.1,1702
2024-04-23 11:45:00+05:30,4695.1,4695.1,4680.1,4682.5,3516
2024-04-23 12:00:00+05:30,4683.8,4689.9,4682.5,4687.0,3348
2024-04-23 12:15:00+05:30,4687.0,4695.0,4673.45,4693.15,12849
2024-04-23 12:30:00+05:30,4693.15,4694.9,4690.0,4690.05,2977
2024-04-23 12:45:00+05:30,4690.05,4697.3,4690.0,4691.25,2928
2024-04-23 13:00:00+05:30,4691.25,4702.7,4690.0,4700.05,4041
2024-04-23 13:15:00+05:30,4700.0,4711.2,4700.0,4701.35,3789
2024-04-23 13:30:00+05:30,4701.35,4717.45,4695.1,4714.75,5073
2024-04-23 13:45:00+05:30,4714.75,4722.5,4710.35,4713.65,4119
2024-04-23 14:00:00+05:30,4713.65,4719.9,4707.4,4719.85,3730
2024-04-23 14:15:00+05:30,4719.85,4724.2,4713.0,4714.25,4414
2024-04-23 14:30:00+05:30,4714.25,4724.0,4701.05,4724.0,6363
2024-04-23 14:45:00+05:30,4724.0,4743.7,4721.05,4739.9,4940
2024-04-23 15:00:00+05:30,4739.9,4740.65,4698.9,4702.65,8282
2024-04-23 15:15:00+05:30,4702.65,4712.0,4690.55,4696.1,19267
2024-04-24 09:15:00+05:30,4709.0,4745.95,4704.0,4742.9,4668
2024-04-24 09:30:00+05:30,4742.9,4758.7,4739.25,4751.85,3802
2024-04-24 09:45:00+05:30,4751.85,4752.6,4730.0,4748.0,2813
2024-04-24 10:00:00+05:30,4748.0,4749.0,4732.3,4735.25,2254
2024-04-24 10:15:00+05:30,4735.25,4742.85,4729.1,4732.7,5111
2024-04-24 10:30:00+05:30,4732.7,4736.9,4725.0,4732.75,2142
2024-04-24 10:45:00+05:30,4732.75,4743.7,4730.45,4738.0,1951
2024-04-24 11:00:00+05:30,4738.0,4740.75,4728.1,4732.0,822
2024-04-24 11:15:00+05:30,4732.0,4737.45,4723.55,4733.7,648
2024-04-24 11:30:00+05:30,4733.7,4738.8,4728.7,4728.7,575
2024-04-24 11:45:00+05:30,4731.1,4738.15,4727.0,4727.0,396
2024-04-24 12:00:00+05:30,4727.0,4742.65,4725.1,4732.15,963
2024-04-24 12:15:00+05:30,4732.15,4744.0,4731.6,4740.45,621
2024-04-24 12:30:00+05:30,4740.45,4750.95,4740.45,4749.95,4197
2024-04-24 12:45:00+05:30,4749.95,4750.0,4735.2,4743.65,974
2024-04-24 13:00:00+05:30,4743.65,4751.75,4740.35,4749.6,1415
2024-04-24 13:15:00+05:30,4749.6,4759.65,4747.55,4751.6,2354
2024-04-24 13:30:00+05:30,4751.6,4755.65,4747.55,4752.05,1489
2024-04-24 13:45:00+05:30,4752.05,4754.3,4746.3,4747.55,770
2024-04-24 14:00:00+05:30,4747.55,4750.0,4747.55,4749.0,661
2024-04-24 14:15:00+05:30,4749.0,4757.0,4746.5,4756.0,790
2024-04-24 14:30:00+05:30,4756.0,4756.8,4736.3,4739.0,1743
2024-04-24 14:45:00+05:30,4739.0,4739.0,4731.3,4734.95,1627
2024-04-24 15:00:00+05:30,4734.95,4735.0,4725.05,4725.6,2981
2024-04-24 15:15:00+05:30,4725.65,4727.0,4691.0,4713.3,9428
2024-04-25 09:15:00+05:30,4714.0,4783.7,4697.0,4730.85,6951
2024-04-25 09:30:00+05:30,4730.6,4739.55,4715.0,4728.75,3164
2024-04-25 09:45:00+05:30,4728.75,4732.35,4716.3,4717.75,3454
2024-04-25 10:00:00+05:30,4717.75,4730.85,4711.55,4723.1,1857
2024-04-25 10:15:00+05:30,4723.1,4731.55,4720.5,4725.0,865
2024-04-25 10:30:00+05:30,4725.0,4758.45,4725.0,4753.0,2445
2024-04-25 10:45:00+05:30,4753.0,4763.25,4741.2,4749.95,3986
2024-04-25 11:00:00+05:30,4749.95,4750.15,4742.6,4748.2,1171
2024-04-25 11:15:00+05:30,4748.2,4751.65,4726.55,4738.3,3184
2024-04-25 11:30:00+05:30,4738.3,4764.35,4736.3,4755.9,2021
2024-04-25 11:45:00+05:30,4755.9,4763.9,4753.55,4763.9,2455
2024-04-25 12:00:00+05:30,4763.9,4766.95,4755.1,4765.4,14133
2024-04-25 12:15:00+05:30,4767.75,4783.0,4767.75,4782.55,7091
2024-04-25 12:30:00+05:30,4782.6,4790.9,4777.8,4787.8,6671
2024-04-25 12:45:00+05:30,4787.8,4804.3,4783.5,4801.35,7912
2024-04-25 13:00:00+05:30,4801.35,4812.95,4800.95,4805.95,5870
2024-04-25 13:15:00+05:30,4805.95,4806.0,4795.05,4800.0,1823
2024-04-25 13:30:00+05:30,4800.0,4806.6,4795.7,4806.3,1397
2024-04-25 13:45:00+05:30,4806.3,4821.7,4805.0,4820.4,5057
2024-04-25 14:00:00+05:30,4820.4,4834.7,4817.55,4828.25,4817
2024-04-25 14:15:00+05:30,4828.25,4843.55,4827.05,4839.85,5088
2024-04-25 14:30:00+05:30,4836.2,4840.0,4815.0,4827.2,5190
2024-04-25 14:45:00+05:30,4827.2,4836.0,4820.05,4826.1,2881
2024-04-25 15:00:00+05:30,4826.05,4879.0,4826.05,4876.7,29745
2024-04-25 15:15:00+05:30,4877.15,4878.2,4851.0,4860.0,20763
2024-04-26 09:15:00+05:30,4868.0,4897.1,4866.3,4895.0,5732
2024-04-26 09:30:00+05:30,4895.0,4896.0,4885.0,4886.95,3934
2024-04-26 09:45:00+05:30,4886.95,4910.1,4885.0,4906.0,6579
2024-04-26 10:00:00+05:30,4906.0,4910.0,4887.65,4896.9,6148
2024-04-26 10:15:00+05:30,4897.15,4908.8,4892.5,4901.55,5439
2024-04-26 10:30:00+05:30,4900.7,4920.0,4895.4,4915.1,6338
2024-04-26 10:45:00+05:30,4915.1,4924.45,4905.0,4924.25,5038
2024-04-26 11:00:00+05:30,4925.3,4934.95,4920.05,4923.7,5817
2024-04-26 11:15:00+05:30,4923.7,4937.4,4923.7,4931.9,3946
2024-04-26 11:30:00+05:30,4931.9,4935.0,4926.5,4930.15,3229
2024-04-26 11:45:00+05:30,4930.15,4935.0,4920.05,4924.45,5040
2024-04-26 12:00:00+05:30,4928.65,4931.0,4899.7,4913.7,28280
2024-04-26 12:15:00+05:30,4913.7,4915.35,4898.35,4901.05,6043
2024-04-26 12:30:00+05:30,4901.05,4905.85,4899.9,4901.55,4146
2024-04-26 12:45:00+05:30,4901.55,4908.55,4900.0,4904.9,13687
2024-04-26 13:00:00+05:30,4904.9,4906.75,4901.0,4903.75,5462
2024-04-26 13:15:00+05:30,4903.75,4903.75,4861.0,4863.35,12132
2024-04-26 13:30:00+05:30,4863.35,4889.15,4858.0,4884.6,3302
2024-04-26 13:45:00+05:30,4884.6,4888.45,4870.7,4878.15,1743
2024-04-26 14:00:00+05:30,4878.15,4885.0,4875.35,4880.5,1283
2024-04-26 14:15:00+05:30,4879.65,4896.65,4869.6,4891.75,4150
2024-04-26 14:30:00+05:30,4891.75,4904.3,4890.65,4903.6,1070
2024-04-26 14:45:00+05:30,4903.6,4933.75,4902.5,4929.9,4886
2024-04-26 15:00:00+05:30,4929.9,4932.15,4903.8,4907.3,7366
2024-04-26 15:15:00+05:30,4908.9,4923.6,4892.15,4915.0,8980
2024-04-29 09:15:00+05:30,4909.1,4991.0,4909.1,4977.25,8060
2024-04-29 09:30:00+05:30,4977.25,5000.0,4970.1,4986.05,8071
2024-04-29 09:45:00+05:30,4986.05,4991.35,4952.85,4975.15,4933
2024-04-29 10:00:00+05:30,4975.15,4975.15,4945.05,4967.5,2515
2024-04-29 10:15:00+05:30,4967.5,5010.0,4965.3,5010.0,4800
2024-04-29 10:30:00+05:30,5010.0,5020.0,4995.6,4998.6,14956
2024-04-29 10:45:00+05:30,4998.6,4999.9,4968.8,4969.55,4400
2024-04-29 11:00:00+05:30,4972.0,4972.0,4930.0,4932.8,5952
2024-04-29 11:15:00+05:30,4932.8,4939.25,4908.2,4921.35,5196
2024-04-29 11:30:00+05:30,4921.35,4944.75,4920.4,4943.05,5370
2024-04-29 11:45:00+05:30,4943.05,4944.4,4917.15,4917.15,3316
2024-04-29 12:00:00+05:30,4917.15,4925.8,4911.35,4922.5,4469
2024-04-29 12:15:00+05:30,4922.5,4935.0,4922.5,4931.65,2637
2024-04-29 12:30:00+05:30,4931.65,4934.85,4917.0,4922.5,3319
2024-04-29 12:45:00+05:30,4922.5,4925.0,4910.0,4916.0,3038
2024-04-29 13:00:00+05:30,4916.0,4958.35,4914.45,4952.65,4061
2024-04-29 13:15:00+05:30,4952.65,4958.0,4935.0,4945.0,3605
2024-04-29 13:30:00+05:30,4945.0,4945.0,4914.2,4914.35,2856
2024-04-29 13:45:00+05:30,4914.35,4930.45,4910.0,4927.65,3740
2024-04-29 14:00:00+05:30,4927.65,4934.95,4910.0,4910.0,4036
2024-04-29 14:15:00+05:30,4910.0,4910.0,4879.5,4887.0,8029
2024-04-29 14:30:00+05:30,4886.3,4895.8,4862.1,4862.1,5416
2024-04-29 14:45:00+05:30,4862.1,4892.95,4861.7,4879.85,6217
2024-04-29 15:00:00+05:30,4878.05,4887.75,4870.95,4882.0,8939
2024-04-29 15:15:00+05:30,4883.3,4895.4,4870.0,4887.0,12451
2024-04-30 09:15:00+05:30,4899.9,4946.7,4895.0,4937.4,4926
2024-04-30 09:30:00+05:30,4937.4,4946.0,4925.1,4933.9,2168
2024-04-30 09:45:00+05:30,4933.9,4949.0,4926.05,4942.4,2280
2024-04-30 10:00:00+05:30,4942.4,4944.7,4931.05,4937.7,1879
2024-04-30 10:15:00+05:30,4937.7,4942.95,4935.45,4937.45,988
2024-04-30 10:30:00+05:30,4937.45,4942.9,4925.55,4928.95,1724
2024-04-30 10:45:00+05:30,4928.95,4930.0,4921.0,4922.4,1472
2024-04-30 11:00:00+05:30,4922.4,4925.0,4906.65,4908.95,1796
2024-04-30 11:15:00+05:30,4908.95,4914.2,4902.25,4904.1,3021
2024-04-30 11:30:00+05:30,4904.1,4910.0,4897.9,4899.6,1800
2024-04-30 11:45:00+05:30,4899.6,4900.0,4887.0,4888.0,2251
2024-04-30 12:00:00+05:30,4888.0,4899.8,4886.4,4888.25,4104
2024-04-30 12:15:00+05:30,4888.25,4890.1,4871.7,4879.05,4565
2024-04-30 12:30:00+05:30,4879.05,4881.8,4869.0,4874.0,1858
2024-04-30 12:45:00+05:30,4874.0,4876.15,4863.15,4870.05,2696
2024-04-30 13:00:00+05:30,4870.05,4875.55,4860.15,4864.05,18127
2024-04-30 13:15:00+05:30,4864.05,4870.0,4861.0,4861.2,1906
2024-04-30 13:30:00+05:30,4861.2,4871.95,4856.4,4865.2,2546
2024-04-30 13:45:00+05:30,4865.2,4868.25,4857.0,4866.45,1445
2024-04-30 14:00:00+05:30,4866.45,4870.4,4860.45,4863.05,1337
2024-04-30 14:15:00+05:30,4863.05,4870.0,4862.45,4864.5,1224
2024-04-30 14:30:00+05:30,4864.5,4870.0,4855.0,4859.05,3527
2024-04-30 14:45:00+05:30,4859.05,4860.0,4846.15,4850.05,2324
2024-04-30 15:00:00+05:30,4850.05,4850.8,4830.1,4836.15,9394
2024-04-30 15:15:00+05:30,4836.05,4860.0,4817.1,4825.0,11753
2024-05-02 09:15:00+05:30,4830.15,4845.7,4817.8,4821.8,4147
2024-05-02 09:30:00+05:30,4821.8,4829.85,4780.1,4792.8,35744
2024-05-02 09:45:00+05:30,4792.8,4794.45,4748.8,4756.9,6772
2024-05-02 10:00:00+05:30,4756.9,4762.15,4739.5,4759.55,2958
2024-05-02 10:15:00+05:30,4759.55,4769.25,4755.25,4762.4,2754
2024-05-02 10:30:00+05:30,4762.4,4772.1,4760.35,4762.5,2400
2024-05-02 10:45:00+05:30,4762.5,4767.45,4753.0,4755.0,1859
2024-05-02 11:00:00+05:30,4755.0,4783.65,4750.6,4776.6,26048
2024-05-02 11:15:00+05:30,4776.6,4791.15,4774.5,4783.45,16328
2024-05-02 11:30:00+05:30,4783.45,4800.0,4779.75,4787.3,6989
2024-05-02 11:45:00+05:30,4787.3,4796.9,4785.15,4789.65,1274
2024-05-02 12:00:00+05:30,4789.65,4794.3,4783.45,4788.3,1346
2024-05-02 12:15:00+05:30,4788.3,4819.45,4787.05,4805.1,3332
2024-05-02 12:30:00+05:30,4805.1,4809.4,4790.05,4795.85,4081
2024-05-02 12:45:00+05:30,4795.85,4815.0,4792.7,4796.3,24952
2024-05-02 13:00:00+05:30,4794.8,4797.45,4774.0,4782.05,3802
2024-05-02 13:15:00+05:30,4779.6,4785.0,4777.65,4782.65,2493
2024-05-02 13:30:00+05:30,4782.65,4785.0,4779.75,4784.8,2212
2024-05-02 13:45:00+05:30,4784.8,4786.0,4781.0,4784.95,3621
2024-05-02 14:00:00+05:30,4784.95,4795.7,4780.75,4785.0,14842
2024-05-02 14:15:00+05:30,4785.0,4823.0,4785.0,4809.9,10791
2024-05-02 14:30:00+05:30,4809.9,4817.0,4806.1,4812.9,5858
2024-05-02 14:45:00+05:30,4812.9,4823.95,4810.15,4814.95,9264
2024-05-02 15:00:00+05:30,4815.0,4815.0,4787.4,4798.45,7273
2024-05-02 15:15:00+05:30,4798.45,4805.0,4766.95,4805.0,14872
2024-05-03 09:15:00+05:30,4793.25,4814.5,4761.6,4779.5,4185
2024-05-03 09:30:00+05:30,4779.5,4781.0,4765.15,4773.35,1906
2024-05-03 09:45:00+05:30,4773.35,4788.0,4771.35,4785.05,861
2024-05-03 10:00:00+05:30,4785.05,4803.35,4785.05,4797.4,2518
2024-05-03 10:15:00+05:30,4797.4,4802.95,4781.4,4801.7,1825
2024-05-03 10:30:00+05:30,4801.7,4806.2,4796.1,4805.95,2006
2024-05-03 10:45:00+05:30,4804.0,4816.7,4802.1,4808.15,2278
2024-05-03 11:00:00+05:30,4805.8,4808.15,4795.75,4797.3,1137
2024-05-03 11:15:00+05:30,4797.3,4798.1,4785.05,4790.75,1468
2024-05-03 11:30:00+05:30,4790.5,4793.65,4774.5,4785.85,2573
2024-05-03 11:45:00+05:30,4785.85,4791.15,4782.0,4789.4,1091
2024-05-03 12:00:00+05:30,4789.4,4790.1,4774.5,4782.4,2517
2024-05-03 12:15:00+05:30,4782.4,4821.95,4782.25,4820.0,2037
2024-05-03 12:30:00+05:30,4819.95,4831.7,4816.0,4822.9,3524
2024-05-03 12:45:00+05:30,4822.9,4822.9,4799.9,4804.95,1420
2024-05-03 13:00:00+05:30,4803.8,4809.4,4797.85,4803.3,888
2024-05-03 13:15:00+05:30,4803.3,4812.3,4798.25,4809.1,1857
2024-05-03 13:30:00+05:30,4809.1,4811.8,4797.4,4798.5,1017
2024-05-03 13:45:00+05:30,4798.75,4805.35,4792.85,4800.05,1079
2024-05-03 14:00:00+05:30,4800.05,4816.95,4800.0,4813.35,1146
2024-05-03 14:15:00+05:30,4813.35,4821.45,4810.45,4818.9,1539
2024-05-03 14:30:00+05:30,4818.9,4864.0,4818.9,4851.0,8526
2024-05-03 14:45:00+05:30,4851.0,4929.0,4850.85,4888.4,17416
2024-05-03 15:00:00+05:30,4890.5,4930.0,4883.3,4902.4,14550
2024-05-03 15:15:00+05:30,4902.4,4910.55,4881.5,4898.85,11714
2024-05-06 09:15:00+05:30,4906.0,4988.0,4880.85,4956.65,13736
2024-05-06 09:30:00+05:30,4960.75,4980.8,4906.1,4920.2,10202
2024-05-06 09:45:00+05:30,4920.2,4933.95,4891.8,4909.25,4579
2024-05-06 10:00:00+05:30,4909.25,4909.95,4880.0,4900.0,3986
2024-05-06 10:15:00+05:30,4899.9,4944.35,4881.55,4937.15,9507
2024-05-06 10:30:00+05:30,4937.15,4979.15,4937.1,4968.05,7571
2024-05-06 10:45:00+05:30,4968.05,4980.0,4955.55,4972.15,4844
2024-05-06 11:00:00+05:30,4972.15,5024.0,4967.55,4999.15,14340
2024-05-06 11:15:00+05:30,4999.15,5035.0,4994.6,5033.95,11359
2024-05-06 11:30:00+05:30,5033.95,5074.9,5022.15,5072.75,18247
2024-05-06 11:45:00+05:30,5072.75,5099.15,5060.25,5090.05,21900
2024-05-06 12:00:00+05:30,5090.05,5091.1,5054.3,5059.5,21150
2024-05-06 12:15:00+05:30,5059.5,5059.95,5027.05,5055.0,16598
2024-05-06 12:30:00+05:30,5055.0,5076.0,5055.0,5071.05,32268
2024-05-06 12:45:00+05:30,5071.05,5094.0,5060.3,5060.3,42814
2024-05-06 13:00:00+05:30,5060.1,5075.25,5055.05,5068.85,6379
2024-05-06 13:15:00+05:30,5068.85,5089.95,5065.2,5073.85,9351
2024-05-06 13:30:00+05:30,5073.85,5093.0,5067.5,5087.1,6248
2024-05-06 13:45:00+05:30,5087.1,5090.0,5081.0,5087.95,5727
2024-05-06 14:00:00+05:30,5087.95,5144.0,5082.95,5130.3,50838
2024-05-06 14:15:00+05:30,5130.3,5135.0,5082.4,5113.0,21055
2024-05-06 14:30:00+05:30,5113.0,5116.8,5090.55,5100.05,9754
2024-05-06 14:45:00+05:30,5100.05,5153.95,5099.35,5143.45,52615
2024-05-06 15:00:00+05:30,5143.45,5158.0,5138.35,5145.0,32280
2024-05-06 15:15:00+05:30,5145.0,5154.4,5139.05,5146.0,43819
2024-05-07 09:15:00+05:30,5154.9,5208.0,5109.4,5181.55,27778
2024-05-07 09:30:00+05:30,5185.0,5200.0,5176.55,5188.55,10670
2024-05-07 09:45:00+05:30,5188.55,5200.0,5172.55,5187.35,9260
2024-05-07 10:00:00+05:30,5187.35,5188.55,5114.4,5115.85,11559
2024-05-07 10:15:00+05:30,5118.9,5130.6,5078.05,5105.4,10755
2024-05-07 10:30:00+05:30,5105.4,5120.2,5089.9,5103.5,5527
2024-05-07 10:45:00+05:30,5103.5,5110.0,5070.0,5100.0,5682
2024-05-07 11:00:00+05:30,5100.0,5104.0,5050.0,5050.0,6277
2024-05-07 11:15:00+05:30,5050.0,5053.3,5020.05,5022.1,7715
2024-05-07 11:30:00+05:30,5023.15,5041.95,4990.55,5031.05,6304
2024-05-07 11:45:00+05:30,5031.05,5059.95,5025.05,5049.0,5077
2024-05-07 12:00:00+05:30,5049.0,5075.0,5023.85,5059.55,7763
2024-05-07 12:15:00+05:30,5058.6,5096.85,5054.5,5093.3,4129
2024-05-07 12:30:00+05:30,5093.3,5097.55,5050.0,5052.9,3419
2024-05-07 12:45:00+05:30,5052.9,5072.5,5051.4,5056.5,4059
2024-05-07 13:00:00+05:30,5056.5,5062.85,5053.0,5054.4,1376
2024-05-07 13:15:00+05:30,5054.4,5104.4,5053.05,5104.4,6073
2024-05-07 13:30:00+05:30,5104.4,5110.0,5083.05,5102.2,3182
2024-05-07 13:45:00+05:30,5102.2,5107.5,5085.0,5103.0,2195
2024-05-07 14:00:00+05:30,5103.0,5119.45,5095.1,5118.4,2617
2024-05-07 14:15:00+05:30,5118.75,5121.4,5078.9,5078.9,3520
2024-05-07 14:30:00+05:30,5078.9,5095.05,5072.05,5089.5,2220
2024-05-07 14:45:00+05:30,5089.5,5100.0,5085.1,5093.05,2253
2024-05-07 15:00:00+05:30,5094.75,5107.55,5092.05,5100.7,4177
2024-05-07 15:15:00+05:30,5100.7,5137.6,5100.05,5116.0,16675
2024-05-08 09:15:00+05:30,5124.5,5124.5,5040.15,5076.05,6849
2024-05-08 09:30:00+05:30,5077.8,5140.45,5071.0,5088.05,10299
2024-05-08 09:45:00+05:30,5092.4,5108.25,5087.0,5101.35,2955
2024-05-08 10:00:00+05:30,5100.1,5150.0,5100.1,5135.0,57119
2024-05-08 10:15:00+05:30,5135.0,5135.2,5105.4,5105.4,15307
2024-05-08 10:30:00+05:30,5104.75,5108.25,5071.25,5087.1,6032
2024-05-08 10:45:00+05:30,5087.1,5093.95,5080.0,5092.6,2165
2024-05-08 11:00:00+05:30,5092.6,5112.15,5089.15,5111.3,3278
2024-05-08 11:15:00+05:30,5110.6,5116.9,5107.25,5112.6,3086
2024-05-08 11:30:00+05:30,5112.6,5116.45,5090.4,5109.75,18587
2024-05-08 11:45:00+05:30,5109.75,5116.45,5102.6,5107.9,10323
2024-05-08 12:00:00+05:30,5107.9,5110.95,5067.05,5080.25,5133
2024-05-08 12:15:00+05:30,5080.25,5102.8,5080.25,5100.05,2021
2024-05-08 12:30:00+05:30,5100.05,5105.75,5094.8,5104.15,2791
2024-05-08 12:45:00+05:30,5104.15,5117.25,5099.95,5113.5,2194
2024-05-08 13:00:00+05:30,5113.5,5149.95,5110.6,5149.95,7684
2024-05-08 13:15:00+05:30,5149.95,5156.0,5134.35,5139.8,12914
2024-05-08 13:30:00+05:30,5140.0,5140.0,5115.0,5135.3,6629
2024-05-08 13:45:00+05:30,5135.3,5140.0,5112.8,5133.3,6506
2024-05-08 14:00:00+05:30,5133.3,5139.95,5119.85,5119.85,3487
2024-05-08 14:15:00+05:30,5119.85,5140.0,5118.25,5137.2,3165
2024-05-08 14:30:00+05:30,5135.05,5160.0,5126.7,5149.55,10559
2024-05-08 14:45:00+05:30,5149.55,5152.35,5134.7,5150.0,6412
2024-05-08 15:00:00+05:30,5150.0,5166.65,5145.45,5160.35,9445
2024-05-08 15:15:00+05:30,5161.45,5181.1,5141.15,5164.95,13703
2024-05-09 09:15:00+05:30,5174.95,5188.4,5136.15,5145.3,6130
2024-05-09 09:30:00+05:30,5142.6,5174.0,5141.5,5142.9,3572
2024-05-09 09:45:00+05:30,5142.9,5153.95,5115.3,5124.25,23207
2024-05-09 10:00:00+05:30,5124.25,5130.0,5108.45,5113.6,2185
2024-05-09 10:15:00+05:30,5113.6,5136.45,5109.55,5133.8,4060
2024-05-09 10:30:00+05:30,5133.8,5137.15,5110.95,5113.35,3130
2024-05-09 10:45:00+05:30,5113.35,5125.65,5106.8,5107.05,2855
2024-05-09 11:00:00+05:30,5107.05,5131.65,5107.05,5128.25,3005
2024-05-09 11:15:00+05:30,5128.25,5138.75,5121.75,5126.9,80112
2024-05-09 11:30:00+05:30,5126.9,5150.7,5110.55,5150.55,12498
2024-05-09 11:45:00+05:30,5150.55,5150.65,5115.6,5122.7,1699
2024-05-09 12:00:00+05:30,5123.8,5128.7,5091.15,5109.7,3482
2024-05-09 12:15:00+05:30,5109.7,5119.45,5082.5,5090.8,2892
2024-05-09 12:30:00+05:30,5090.8,5101.45,5082.05,5099.45,1779
2024-05-09 12:45:00+05:30,5099.45,5110.45,5085.25,5088.0,2770
2024-05-09 13:00:00+05:30,5088.0,5092.9,5059.95,5078.5,2427
2024-05-09 13:15:00+05:30,5078.5,5104.9,5067.05,5102.1,20353
2024-05-09 13:30:00+05:30,5102.1,5116.45,5094.75,5102.7,2698
2024-05-09 13:45:00+05:30,5102.65,5114.75,5100.35,5108.3,1878
2024-05-09 14:00:00+05:30,5108.3,5126.9,5099.85,5117.85,4315
2024-05-09 14:15:00+05:30,5117.85,5125.45,5104.15,5107.85,2180
2024-05-09 14:30:00+05:30,5107.85,5110.15,5073.7,5073.75,4343
2024-05-09 14:45:00+05:30,5073.75,5090.75,5073.75,5077.15,3252
2024-05-09 15:00:00+05:30,5081.35,5085.75,5043.6,5047.55,7696
2024-05-09 15:15:00+05:30,5047.5,5104.95,5035.7,5070.25,13356
2024-05-10 09:15:00+05:30,5054.45,5097.2,5050.8,5079.25,3003
2024-05-10 09:30:00+05:30,5079.25,5094.9,5054.1,5088.5,1546
2024-05-10 09:45:00+05:30,5090.0,5121.15,5090.0,5117.4,2813
2024-05-10 10:00:00+05:30,5117.4,5131.2,5103.9,5118.3,4504
2024-05-10 10:15:00+05:30,5118.3,5133.65,5103.8,5126.1,4410
2024-05-10 10:30:00+05:30,5126.1,5135.95,5122.35,5131.05,2485
2024-05-10 10:45:00+05:30,5127.0,5131.4,5101.45,5118.0,5290
2024-05-10 11:00:00+05:30,5118.0,5138.95,5109.05,5109.7,7557
2024-05-10 11:15:00+05:30,5109.7,5127.0,5107.55,5116.05,17323
2024-05-10 11:30:00+05:30,5116.05,5151.0,5111.45,5151.0,7028
2024-05-10 11:45:00+05:30,5151.0,5153.5,5121.45,5128.0,3420
2024-05-10 12:00:00+05:30,5128.0,5131.05,5115.35,5129.1,2468
2024-05-10 12:15:00+05:30,5129.1,5140.45,5124.0,5130.0,5300
2024-05-10 12:30:00+05:30,5130.0,5136.0,5125.6,5131.4,8438
2024-05-10 12:45:00+05:30,5131.4,5134.6,5126.75,5131.85,2635
2024-05-10 13:00:00+05:30,5131.85,5131.85,5118.1,5122.15,2262
2024-05-10 13:15:00+05:30,5122.15,5129.95,5115.55,5125.25,2195
2024-05-10 13:30:00+05:30,5125.25,5127.6,5118.05,5123.6,5777
2024-05-10 13:45:00+05:30,5123.6,5127.8,5118.1,5125.25,4281
2024-05-10 14:00:00+05:30,5125.25,5146.4,5115.7,5121.3,9299
2024-05-10 14:15:00+05:30,5121.3,5126.4,5106.05,5108.35,3465
2024-05-10 14:30:00+05:30,5108.35,5110.55,5087.0,5087.65,3065
2024-05-10 14:45:00+05:30,5088.4,5121.95,5086.55,5115.35,3137
2024-05-10 15:00:00+05:30,5115.35,5142.0,5113.9,5119.4,7867
2024-05-10 15:15:00+05:30,5119.4,5145.0,5114.7,5114.7,17692
2024-05-13 09:15:00+05:30,5150.0,5202.0,5136.0,5179.6,10434
2024-05-13 09:30:00+05:30,5177.75,5224.45,5116.55,5120.15,22817
2024-05-13 09:45:00+05:30,5120.15,5150.0,5099.0,5104.05,4104
2024-05-13 10:00:00+05:30,5104.05,5119.25,5096.0,5112.35,4400
2024-05-13 10:15:00+05:30,5112.35,5136.0,5111.0,5127.0,2654
2024-05-13 10:30:00+05:30,5127.0,5132.0,5105.1,5109.65,1069
2024-05-13 10:45:00+05:30,5109.65,5118.95,5106.55,5112.25,713
2024-05-13 11:00:00+05:30,5112.25,5146.25,5112.2,5144.55,2104
2024-05-13 11:15:00+05:30,5144.55,5175.0,5141.9,5175.0,3597
2024-05-13 11:30:00+05:30,5175.0,5175.0,5161.45,5162.45,1574
2024-05-13 11:45:00+05:30,5162.45,5170.0,5161.3,5168.0,1023
2024-05-13 12:00:00+05:30,5168.0,5184.45,5168.0,5181.4,2410
2024-05-13 12:15:00+05:30,5188.45,5195.0,5175.05,5186.95,3001
2024-05-13 12:30:00+05:30,5186.95,5195.0,5182.9,5192.1,1126
2024-05-13 12:45:00+05:30,5192.1,5204.55,5189.25,5198.0,2162
2024-05-13 13:00:00+05:30,5198.0,5212.45,5194.75,5202.8,2729
2024-05-13 13:15:00+05:30,5202.8,5208.0,5180.2,5191.15,2463
2024-05-13 13:30:00+05:30,5191.15,5199.3,5182.45,5198.9,1203
2024-05-13 13:45:00+05:30,5198.9,5210.0,5192.7,5209.05,1722
2024-05-13 14:00:00+05:30,5209.05,5210.0,5190.05,5195.4,1622
2024-05-13 14:15:00+05:30,5195.4,5205.0,5182.45,5193.0,2734
2024-05-13 14:30:00+05:30,5191.85,5201.0,5189.9,5190.1,1186
2024-05-13 14:45:00+05:30,5190.1,5208.0,5183.8,5208.0,3169
2024-05-13 15:00:00+05:30,5209.4,5214.05,5184.1,5190.3,4504
2024-05-13 15:15:00+05:30,5186.95,5250.0,5176.6,5226.75,20978
2024-05-14 09:15:00+05:30,5251.0,5255.95,5157.15,5160.75,7902
2024-05-14 09:30:00+05:30,5160.75,5176.6,5151.0,5158.0,6951
2024-05-14 09:45:00+05:30,5158.0,5175.0,5151.0,5154.0,4984
2024-05-14 10:00:00+05:30,5154.0,5160.6,5111.05,5114.9,6424
2024-05-14 10:15:00+05:30,5114.4,5126.0,5102.0,5118.5,5452
2024-05-14 10:30:00+05:30,5118.5,5118.5,5087.35,5092.85,4831
2024-05-14 10:45:00+05:30,5092.85,5149.0,5081.0,5147.15,10916
2024-05-14 11:00:00+05:30,5147.5,5165.3,5130.6,5154.1,124203
2024-05-14 11:15:00+05:30,5156.1,5213.95,5150.0,5203.45,15631
2024-05-14 11:30:00+05:30,5205.3,5209.6,5166.0,5184.7,4826
2024-05-14 11:45:00+05:30,5184.7,5208.0,5171.4,5197.0,5612
2024-05-14 12:00:00+05:30,5197.0,5219.15,5188.55,5213.05,4891
2024-05-14 12:15:00+05:30,5215.95,5225.0,5207.0,5210.4,3508
2024-05-14 12:30:00+05:30,5210.4,5213.5,5202.0,5205.45,2539
2024-05-14 12:45:00+05:30,5205.45,5207.8,5184.05,5205.0,4980
2024-05-14 13:00:00+05:30,5205.0,5226.7,5202.6,5207.9,8023
2024-05-14 13:15:00+05:30,5207.9,5216.95,5200.55,5204.9,2474
2024-05-14 13:30:00+05:30,5204.9,5208.15,5190.0,5190.0,1747
2024-05-14 13:45:00+05:30,5190.0,5191.25,5180.3,5184.9,1838
2024-05-14 14:00:00+05:30,5184.9,5189.95,5179.2,5185.05,2455
2024-05-14 14:15:00+05:30,5185.05,5200.0,5171.95,5200.0,2925
2024-05-14 14:30:00+05:30,5199.95,5204.75,5186.55,5198.25,3507
2024-05-14 14:45:00+05:30,5198.25,5200.0,5186.2,5186.55,27941
2024-05-14 15:00:00+05:30,5186.55,5191.1,5161.75,5173.35,11228
2024-05-14 15:15:00+05:30,5175.8,5205.75,5170.45,5183.3,14052
2024-05-15 09:15:00+05:30,5208.0,5310.0,5196.15,5296.35,24458
2024-05-15 09:30:00+05:30,5293.05,5302.5,5227.05,5232.0,8578
2024-05-15 09:45:00+05:30,5232.0,5260.0,5226.3,5240.55,5429
2024-05-15 10:00:00+05:30,5240.55,5250.0,5217.55,5243.1,4978
2024-05-15 10:15:00+05:30,5243.1,5252.45,5203.35,5203.35,7320
2024-05-15 10:30:00+05:30,5203.35,5203.35,5191.1,5192.1,7221
2024-05-15 10:45:00+05:30,5191.5,5238.1,5191.5,5225.55,25761
2024-05-15 11:00:00+05:30,5228.0,5290.4,5215.3,5269.65,16891
2024-05-15 11:15:00+05:30,5269.65,5279.4,5250.7,5253.3,12496
2024-05-15 11:30:00+05:30,5255.3,5270.05,5237.6,5259.0,7751
2024-05-15 11:45:00+05:30,5259.0,5266.25,5233.55,5239.75,4613
2024-05-15 12:00:00+05:30,5239.2,5242.8,5202.95,5204.05,7501
2024-05-15 12:15:00+05:30,5204.05,5231.85,5193.15,5231.85,8372
2024-05-15 12:30:00+05:30,5231.85,5251.3,5222.55,5247.8,6242
2024-05-15 12:45:00+05:30,5246.2,5251.25,5230.3,5238.4,6119
2024-05-15 13:00:00+05:30,5238.4,5289.9,5225.1,5280.0,25879
2024-05-15 13:15:00+05:30,5281.4,5281.4,5254.35,5260.3,3715
2024-05-15 13:30:00+05:30,5260.3,5276.5,5247.1,5273.15,2810
2024-05-15 13:45:00+05:30,5273.15,5279.0,5263.95,5266.95,2536
2024-05-15 14:00:00+05:30,5266.95,5275.75,5254.6,5275.55,2685
2024-05-15 14:15:00+05:30,5275.6,5279.0,5266.0,5273.95,2390
2024-05-15 14:30:00+05:30,5273.95,5273.95,5260.7,5268.6,3575
2024-05-15 14:45:00+05:30,5268.6,5270.9,5265.1,5266.15,3847
2024-05-15 15:00:00+05:30,5266.15,5267.95,5241.35,5241.7,10823
2024-05-15 15:15:00+05:30,5243.75,5243.75,5225.0,5229.2,9655
2024-05-16 09:15:00+05:30,5235.0,5259.85,5191.15,5207.7,6634
2024-05-16 09:30:00+05:30,5207.7,5207.75,5175.05,5181.15,5518
2024-05-16 09:45:00+05:30,5181.15,5208.85,5148.1,5191.1,7454
2024-05-16 10:00:00+05:30,5191.1,5224.6,5190.0,5210.05,9430
2024-05-16 10:15:00+05:30,5213.0,5234.45,5194.15,5218.75,8570
2024-05-16 10:30:00+05:30,5218.75,5323.4,5204.75,5300.6,34203
2024-05-16 10:45:00+05:30,5300.6,5304.95,5280.65,5295.15,9022
2024-05-16 11:00:00+05:30,5295.15,5304.1,5276.05,5276.45,8603
2024-05-16 11:15:00+05:30,5278.95,5278.95,5255.55,5256.75,7104
2024-05-16 11:30:00+05:30,5256.75,5289.15,5255.55,5265.7,7116
2024-05-16 11:45:00+05:30,5265.7,5272.15,5260.9,5264.95,5228
2024-05-16 12:00:00+05:30,5264.95,5271.85,5258.0,5259.25,6112
2024-05-16 12:15:00+05:30,5259.25,5295.0,5257.15,5266.15,12856
2024-05-16 12:30:00+05:30,5266.15,5280.75,5264.85,5268.5,16393
2024-05-16 12:45:00+05:30,5268.5,5288.5,5250.0,5252.0,14376
2024-05-16 13:00:00+05:30,5252.0,5267.05,5244.0,5248.3,7148
2024-05-16 13:15:00+05:30,5248.3,5250.4,5232.6,5240.0,5820
2024-05-16 13:30:00+05:30,5240.0,5240.0,5210.35,5217.5,6097
2024-05-16 13:45:00+05:30,5217.5,5234.95,5206.0,5233.25,19132
2024-05-16 14:00:00+05:30,5233.25,5258.0,5225.1,5228.55,6915
2024-05-16 14:15:00+05:30,5227.15,5262.3,5227.15,5261.0,6314
2024-05-16 14:30:00+05:30,5261.0,5291.2,5259.0,5283.9,10090
2024-05-16 14:45:00+05:30,5283.9,5322.0,5281.85,5315.45,15803
2024-05-16 15:00:00+05:30,5315.25,5332.0,5301.05,5321.5,23217
2024-05-16 15:15:00+05:30,5318.55,5326.6,5301.15,5301.15,25099
2024-05-17 09:15:00+05:30,5345.0,5350.0,5270.2,5286.4,4873
2024-05-17 09:30:00+05:30,5286.6,5319.1,5276.45,5290.55,3306
2024-05-17 09:45:00+05:30,5295.8,5315.0,5281.25,5300.3,2688
2024-05-17 10:00:00+05:30,5296.35,5320.0,5292.85,5307.95,1703
2024-05-17 10:15:00+05:30,5307.95,5319.9,5291.1,5317.2,4152
2024-05-17 10:30:00+05:30,5320.0,5344.0,5316.2,5319.8,7001
2024-05-17 10:45:00+05:30,5319.8,5337.8,5310.3,5329.95,3527
2024-05-17 11:00:00+05:30,5329.95,5360.0,5323.55,5359.9,19116
2024-05-17 11:15:00+05:30,5359.9,5389.8,5353.4,5383.35,11809
2024-05-17 11:30:00+05:30,5383.35,5400.0,5375.9,5393.9,17322
2024-05-17 11:45:00+05:30,5393.9,5417.95,5386.05,5417.6,51791
2024-05-17 12:00:00+05:30,5417.6,5426.9,5406.05,5422.4,7196
2024-05-17 12:15:00+05:30,5422.45,5440.0,5421.6,5432.3,10839
2024-05-17 12:30:00+05:30,5432.3,5433.2,5368.9,5373.9,11981
2024-05-17 12:45:00+05:30,5371.45,5422.85,5371.45,5422.85,5144
2024-05-17 13:00:00+05:30,5422.85,5425.0,5392.85,5411.05,3544
2024-05-17 13:15:00+05:30,5411.05,5438.5,5410.55,5435.35,4901
2024-05-17 13:30:00+05:30,5435.35,5436.05,5410.65,5417.5,2248
2024-05-17 13:45:00+05:30,5417.5,5420.05,5394.05,5412.9,4276
2024-05-17 14:00:00+05:30,5412.9,5429.2,5404.95,5428.0,1956
2024-05-17 14:15:00+05:30,5428.0,5436.2,5418.0,5419.55,3137
2024-05-17 14:30:00+05:30,5418.05,5434.0,5416.55,5434.0,1911
2024-05-17 14:45:00+05:30,5432.8,5436.0,5394.05,5408.8,5978
2024-05-17 15:00:00+05:30,5407.85,5437.45,5407.85,5436.5,10821
2024-05-17 15:15:00+05:30,5437.4,5462.5,5419.35,5462.5,27150
2024-05-18 09:15:00+05:30,5485.0,5485.45,5427.5,5440.0,817
2024-05-18 09:30:00+05:30,5440.0,5459.9,5420.1,5434.45,1586
2024-05-18 09:45:00+05:30,5434.45,5444.95,5420.0,5420.0,641
2024-05-18 11:30:00+05:30,5433.3,5463.15,5429.75,5449.8,1472
2024-05-18 11:45:00+05:30,5449.8,5450.0,5431.55,5435.0,3859
2024-05-18 12:00:00+05:30,5435.0,5446.1,5431.05,5445.0,2153
2024-05-18 12:15:00+05:30,5445.0,5448.25,5425.8,5425.9,2256
2024-05-21 09:15:00+05:30,5438.25,5578.8,5438.25,5560.85,51208
2024-05-21 09:30:00+05:30,5560.85,5560.85,5445.4,5447.2,20437
2024-05-21 09:45:00+05:30,5447.2,5486.0,5442.2,5460.05,6905
2024-05-21 10:00:00+05:30,5460.05,5471.4,5394.8,5395.0,10744
2024-05-21 10:15:00+05:30,5400.45,5404.45,5316.05,5341.15,14641
2024-05-21 10:30:00+05:30,5341.15,5349.5,5318.0,5320.65,7106
2024-05-21 10:45:00+05:30,5320.65,5338.75,5316.4,5322.65,5281
2024-05-21 11:00:00+05:30,5322.65,5372.45,5318.2,5363.0,8197
2024-05-21 11:15:00+05:30,5363.35,5366.3,5325.25,5332.25,5187
2024-05-21 11:30:00+05:30,5332.2,5334.4,5297.3,5301.2,6937
2024-05-21 11:45:00+05:30,5301.2,5328.85,5295.8,5310.45,61577
2024-05-21 12:00:00+05:30,5310.45,5324.0,5300.0,5316.1,5523
2024-05-21 12:15:00+05:30,5313.75,5329.0,5310.5,5317.5,4296
2024-05-21 12:30:00+05:30,5316.7,5338.0,5315.15,5337.45,4324
2024-05-21 12:45:00+05:30,5337.45,5404.3,5323.1,5401.75,12480
2024-05-21 13:00:00+05:30,5401.75,5411.9,5387.95,5392.85,7632
2024-05-21 13:15:00+05:30,5392.85,5405.6,5389.9,5394.1,5087
2024-05-21 13:30:00+05:30,5394.1,5405.0,5390.0,5396.95,5304
2024-05-21 13:45:00+05:30,5396.95,5408.85,5391.05,5397.65,7913
2024-05-21 14:00:00+05:30,5397.65,5404.35,5390.05,5399.0,8796
2024-05-21 14:15:00+05:30,5399.0,5416.0,5395.55,5402.75,6868
2024-05-21 14:30:00+05:30,5402.75,5403.15,5371.1,5377.4,7159
2024-05-21 14:45:00+05:30,5377.4,5377.5,5310.0,5311.0,12935
2024-05-21 15:00:00+05:30,5311.2,5339.15,5310.0,5330.2,14725
2024-05-21 15:15:00+05:30,5328.05,5369.8,5314.45,5335.15,31790
2024-05-22 09:15:00+05:30,5340.0,5382.35,5280.6,5295.75,17180
2024-05-22 09:30:00+05:30,5295.75,5310.0,5250.0,5252.3,10218
2024-05-22 09:45:00+05:30,5252.2,5275.0,5251.2,5268.95,5539
2024-05-22 10:00:00+05:30,5268.9,5272.0,5234.0,5237.7,6288
2024-05-22 10:15:00+05:30,5237.7,5272.45,5235.45,5262.65,6496
2024-05-22 10:30:00+05:30,5262.65,5262.65,5215.85,5225.0,6458
2024-05-22 10:45:00+05:30,5225.0,5245.4,5215.0,5245.4,5439
2024-05-22 11:00:00+05:30,5245.4,5269.45,5240.5,5259.15,5747
2024-05-22 11:15:00+05:30,5259.15,5264.95,5247.6,5254.9,4301
2024-05-22 11:30:00+05:30,5255.3,5260.75,5228.0,5232.35,6779
2024-05-22 11:45:00+05:30,5232.35,5232.35,5208.15,5218.5,4868
2024-05-22 12:00:00+05:30,5218.5,5236.3,5215.4,5230.5,3969
2024-05-22 12:15:00+05:30,5230.5,5269.0,5220.3,5268.35,6378
2024-05-22 12:30:00+05:30,5268.35,5272.5,5234.6,5234.6,4906
2024-05-22 12:45:00+05:30,5234.6,5245.05,5227.65,5236.05,3399
2024-05-22 13:00:00+05:30,5236.45,5263.7,5234.45,5263.7,3857
2024-05-22 13:15:00+05:30,5264.65,5276.0,5263.0,5275.85,4953
2024-05-22 13:30:00+05:30,5275.85,5286.4,5259.65,5261.9,6018
2024-05-22 13:45:00+05:30,5263.8,5268.0,5259.25,5261.75,2605
2024-05-22 14:00:00+05:30,5261.75,5296.4,5261.55,5292.1,6649
2024-05-22 14:15:00+05:30,5292.1,5304.45,5289.6,5296.55,4140
2024-05-22 14:30:00+05:30,5296.55,5304.25,5285.8,5289.7,5178
2024-05-22 14:45:00+05:30,5289.7,5296.4,5285.0,5290.15,7883
2024-05-22 15:00:00+05:30,5290.15,5306.95,5290.15,5306.9,11831
2024-05-22 15:15:00+05:30,5306.9,5323.65,5285.0,5285.1,15603
2024-05-23 09:15:00+05:30,5320.0,5359.45,5295.2,5296.6,7092
2024-05-23 09:30:00+05:30,5296.6,5321.95,5296.6,5306.1,1279
2024-05-23 09:45:00+05:30,5306.1,5319.45,5283.05,5292.6,2719
2024-05-23 10:00:00+05:30,5292.6,5294.95,5281.7,5285.4,1772
2024-05-23 10:15:00+05:30,5285.4,5317.45,5271.0,5305.55,3519
2024-05-23 10:30:00+05:30,5302.85,5340.0,5281.55,5295.8,4218
2024-05-23 10:45:00+05:30,5295.75,5331.5,5288.55,5308.85,2127
2024-05-23 11:00:00+05:30,5308.85,5324.95,5298.1,5303.15,1633
2024-05-23 11:15:00+05:30,5303.15,5360.0,5299.6,5360.0,8312
2024-05-23 11:30:00+05:30,5360.0,5430.0,5352.0,5428.3,12462
2024-05-23 11:45:00+05:30,5428.3,5434.4,5406.05,5415.0,5447
2024-05-23 12:00:00+05:30,5415.0,5434.9,5391.2,5427.1,5550
2024-05-23 12:15:00+05:30,5427.1,5435.0,5396.3,5416.75,5090
2024-05-23 12:30:00+05:30,5417.0,5425.0,5411.05,5421.45,1657
2024-05-23 12:45:00+05:30,5421.45,5446.95,5420.0,5442.0,7341
2024-05-23 13:00:00+05:30,5442.0,5452.85,5421.05,5447.95,7717
2024-05-23 13:15:00+05:30,5447.95,5480.0,5427.05,5477.4,13118
2024-05-23 13:30:00+05:30,5477.4,5487.8,5422.1,5442.0,23685
2024-05-23 13:45:00+05:30,5442.0,5484.6,5435.35,5464.85,14254
2024-05-23 14:00:00+05:30,5464.85,5464.85,5411.35,5428.1,7900
2024-05-23 14:15:00+05:30,5428.1,5437.0,5414.1,5420.05,3119
2024-05-23 14:30:00+05:30,5420.05,5428.45,5412.0,5422.4,4523
2024-05-23 14:45:00+05:30,5422.4,5428.45,5412.0,5426.25,9406
2024-05-23 15:00:00+05:30,5426.15,5445.85,5422.6,5441.6,7496
2024-05-23 15:15:00+05:30,5444.85,5488.0,5438.95,5453.7,14425
2024-05-24 09:15:00+05:30,5461.75,5461.75,5355.1,5376.15,10506
2024-05-24 09:30:00+05:30,5373.2,5388.55,5361.4,5373.05,4037
2024-05-24 09:45:00+05:30,5373.05,5390.0,5362.9,5389.0,2466
2024-05-24 10:00:00+05:30,5389.0,5396.45,5376.95,5392.45,2470
2024-05-24 10:15:00+05:30,5392.45,5413.45,5385.85,5411.95,2901
2024-05-24 10:30:00+05:30,5411.95,5438.95,5408.3,5431.95,8295
2024-05-24 10:45:00+05:30,5432.7,5436.8,5407.05,5421.45,2380
2024-05-24 11:00:00+05:30,5421.45,5447.9,5414.55,5430.15,3627
2024-05-24 11:15:00+05:30,5430.15,5451.25,5427.7,5450.0,7976
2024-05-24 11:30:00+05:30,5450.0,5453.45,5445.05,5450.0,8201
2024-05-24 11:45:00+05:30,5450.0,5485.0,5446.6,5472.8,11279
2024-05-24 12:00:00+05:30,5472.8,5495.3,5456.0,5477.45,8679
2024-05-24 12:15:00+05:30,5477.95,5478.1,5456.35,5469.8,1664
2024-05-24 12:30:00+05:30,5469.95,5478.75,5459.45,5462.2,2778
2024-05-24 12:45:00+05:30,5464.15,5466.0,5451.95,5456.0,2892
2024-05-24 13:00:00+05:30,5458.3,5473.35,5456.2,5470.0,2096
2024-05-24 13:15:00+05:30,5470.0,5482.0,5452.55,5457.3,6022
2024-05-24 13:30:00+05:30,5457.35,5459.95,5450.2,5456.05,7319
2024-05-24 13:45:00+05:30,5456.05,5463.95,5450.0,5453.2,1924
2024-05-24 14:00:00+05:30,5453.2,5462.85,5442.1,5456.75,3577
2024-05-24 14:15:00+05:30,5456.75,5473.7,5445.0,5448.2,4726
2024-05-24 14:30:00+05:30,5446.9,5465.0,5437.7,5448.95,8372
2024-05-24 14:45:00+05:30,5448.95,5455.05,5440.0,5447.2,2483
2024-05-24 15:00:00+05:30,5446.55,5449.55,5437.55,5446.55,7545
2024-05-24 15:15:00+05:30,5446.55,5467.9,5435.05,5435.05,20704
2024-05-27 09:15:00+05:30,5469.95,5469.95,5340.0,5349.4,13512
2024-05-27 09:30:00+05:30,5350.6,5399.85,5347.85,5371.6,6425
2024-05-27 09:45:00+05:30,5370.9,5381.95,5355.0,5358.15,3480
2024-05-27 10:00:00+05:30,5358.15,5387.25,5358.15,5381.0,2182
2024-05-27 10:15:00+05:30,5381.0,5392.45,5372.65,5388.2,2057
2024-05-27 10:30:00+05:30,5388.2,5394.4,5380.0,5382.6,3554
2024-05-27 10:45:00+05:30,5381.05,5386.15,5380.0,5381.7,971
2024-05-27 11:00:00+05:30,5381.15,5405.9,5381.0,5381.0,2730
2024-05-27 11:15:00+05:30,5381.0,5390.85,5380.55,5389.2,6429
2024-05-27 11:30:00+05:30,5389.2,5392.05,5369.2,5383.15,38001
2024-05-27 11:45:00+05:30,5383.15,5383.15,5342.3,5372.75,8665
2024-05-27 12:00:00+05:30,5372.75,5380.95,5371.1,5371.85,1491
2024-05-27 12:15:00+05:30,5374.75,5391.55,5333.0,5344.0,55329
2024-05-27 12:30:00+05:30,5344.0,5344.1,5297.0,5332.45,23639
2024-05-27 12:45:00+05:30,5332.45,5333.5,5321.7,5331.05,11785
2024-05-27 13:00:00+05:30,5331.05,5331.5,5313.05,5325.5,15709
2024-05-27 13:15:00+05:30,5325.45,5329.1,5304.5,5306.8,20515
2024-05-27 13:30:00+05:30,5304.45,5318.3,5288.0,5309.8,3972
2024-05-27 13:45:00+05:30,5309.8,5326.25,5305.0,5325.15,1939
2024-05-27 14:00:00+05:30,5325.15,5329.0,5320.0,5329.0,17898
2024-05-27 14:15:00+05:30,5329.0,5387.5,5328.95,5376.95,44580
2024-05-27 14:30:00+05:30,5376.95,5376.95,5321.7,5326.2,8665
2024-05-27 14:45:00+05:30,5326.2,5342.1,5322.0,5338.45,10968
2024-05-27 15:00:00+05:30,5338.6,5348.05,5332.8,5342.7,18499
2024-05-27 15:15:00+05:30,5342.7,5345.95,5300.0,5313.95,71972
2024-05-28 09:15:00+05:30,5330.05,5330.05,5262.05,5298.7,27121
2024-05-28 09:30:00+05:30,5298.65,5322.95,5275.0,5299.0,18671
2024-05-28 09:45:00+05:30,5299.0,5312.9,5291.3,5294.8,2920
2024-05-28 10:00:00+05:30,5294.8,5311.4,5286.05,5289.9,3993
2024-05-28 10:15:00+05:30,5292.1,5302.1,5289.05,5290.0,2151
2024-05-28 10:30:00+05:30,5290.0,5311.45,5285.05,5308.75,2739
2024-05-28 10:45:00+05:30,5308.95,5315.0,5288.85,5315.0,49237
2024-05-28 11:00:00+05:30,5313.75,5327.75,5310.0,5320.6,17233
2024-05-28 11:15:00+05:30,5320.6,5324.75,5310.0,5317.8,8876
2024-05-28 11:30:00+05:30,5317.8,5320.15,5309.7,5313.05,5008
2024-05-28 11:45:00+05:30,5314.2,5317.0,5306.9,5308.65,1779
2024-05-28 12:00:00+05:30,5308.65,5316.65,5308.0,5315.8,2085
2024-05-28 12:15:00+05:30,5313.05,5313.15,5298.0,5300.0,3871
2024-05-28 12:30:00+05:30,5300.0,5309.15,5296.75,5309.1,7279
2024-05-28 12:45:00+05:30,5309.1,5315.0,5301.05,5306.3,5306
2024-05-28 13:00:00+05:30,5306.3,5309.7,5300.0,5309.35,931
2024-05-28 13:15:00+05:30,5309.35,5312.95,5305.65,5310.15,1234
2024-05-28 13:30:00+05:30,5313.1,5315.1,5307.05,5311.55,1698
2024-05-28 13:45:00+05:30,5311.55,5315.35,5307.9,5315.0,8710
2024-05-28 14:00:00+05:30,5315.0,5315.05,5298.3,5303.75,4976
2024-05-28 14:15:00+05:30,5302.65,5310.45,5300.45,5309.9,3174
2024-05-28 14:30:00+05:30,5309.9,5309.9,5278.05,5294.7,10301
2024-05-28 14:45:00+05:30,5294.7,5305.0,5279.6,5297.7,5911
2024-05-28 15:00:00+05:30,5297.7,5313.85,5295.05,5310.7,7255
2024-05-28 15:15:00+05:30,5310.7,5340.0,5307.95,5338.0,14129
2024-05-29 09:15:00+05:30,5314.75,5363.5,5314.75,5349.9,12872
2024-05-29 09:30:00+05:30,5349.65,5380.75,5342.15,5361.0,10055
2024-05-29 09:45:00+05:30,5361.0,5379.75,5352.0,5355.45,7500
2024-05-29 10:00:00+05:30,5355.45,5382.9,5355.45,5374.8,5071
2024-05-29 10:15:00+05:30,5374.8,5374.8,5344.55,5354.55,5325
2024-05-29 10:30:00+05:30,5354.55,5359.4,5331.4,5340.0,3885
2024-05-29 10:45:00+05:30,5340.0,5345.45,5324.5,5335.2,3552
2024-05-29 11:00:00+05:30,5335.2,5339.9,5310.0,5313.5,5644
2024-05-29 11:15:00+05:30,5313.5,5328.75,5313.5,5328.75,2354
2024-05-29 11:30:00+05:30,5328.7,5329.45,5317.95,5327.1,1726
2024-05-29 11:45:00+05:30,5327.1,5340.0,5321.2,5339.15,1761
2024-05-29 12:00:00+05:30,5339.15,5343.4,5331.0,5336.25,2696
2024-05-29 12:15:00+05:30,5336.25,5336.25,5317.7,5333.65,1560
2024-05-29 12:30:00+05:30,5333.65,5355.0,5329.8,5352.15,2759
2024-05-29 12:45:00+05:30,5352.15,5357.95,5338.4,5344.0,3615
2024-05-29 13:00:00+05:30,5344.0,5353.85,5319.3,5350.7,5584
2024-05-29 13:15:00+05:30,5350.7,5367.85,5348.45,5362.8,2746
2024-05-29 13:30:00+05:30,5362.8,5379.85,5341.5,5371.0,7638
2024-05-29 13:45:00+05:30,5371.0,5371.45,5345.0,5352.8,3099
2024-05-29 14:00:00+05:30,5352.8,5358.55,5251.05,5291.1,147339
2024-05-29 14:15:00+05:30,5291.05,5379.85,5277.05,5329.1,66500
2024-05-29 14:30:00+05:30,5329.1,5346.45,5183.3,5232.3,80519
2024-05-29 14:45:00+05:30,5232.3,5288.95,5220.5,5244.9,45936
2024-05-29 15:00:00+05:30,5244.95,5272.0,5231.45,5270.85,38213
2024-05-29 15:15:00+05:30,5270.85,5298.65,5263.35,5280.0,27537
2024-05-30 09:15:00+05:30,5120.0,5150.0,4894.6,5070.0,280435
2024-05-30 09:30:00+05:30,5070.0,5079.7,5033.2,5074.9,55450
2024-05-30 09:45:00+05:30,5074.9,5074.9,4991.3,4999.9,81023
2024-05-30 10:00:00+05:30,4999.9,4999.9,4950.0,4950.0,38578
2024-05-30 10:15:00+05:30,4950.0,4976.65,4921.0,4931.0,68017
2024-05-30 10:30:00+05:30,4929.2,4972.0,4923.1,4960.4,27080
2024-05-30 10:45:00+05:30,4966.3,5010.0,4962.1,5001.7,47115
2024-05-30 11:00:00+05:30,5001.7,5004.0,4966.0,4983.4,87054
2024-05-30 11:15:00+05:30,4983.4,5002.0,4979.65,4997.0,20701
2024-05-30 11:30:00+05:30,4997.0,5000.0,4965.0,4976.7,23754
2024-05-30 11:45:00+05:30,4976.7,4978.0,4966.7,4970.75,15423
2024-05-30 12:00:00+05:30,4972.85,4975.0,4963.85,4972.9,20437
2024-05-30 12:15:00+05:30,4973.05,4993.7,4968.55,4980.05,39612
2024-05-30 12:30:00+05:30,4980.05,4986.25,4978.55,4980.05,39492
2024-05-30 12:45:00+05:30,4980.05,4983.45,4978.35,4980.05,71353
2024-05-30 13:00:00+05:30,4980.0,4980.05,4948.3,4951.45,64664
2024-05-30 13:15:00+05:30,4951.45,4956.1,4913.95,4925.25,33719
2024-05-30 13:30:00+05:30,4925.25,4931.3,4895.0,4909.0,32261
2024-05-30 13:45:00+05:30,4909.0,4929.9,4897.05,4929.0,32857
2024-05-30 14:00:00+05:30,4928.0,4945.0,4913.5,4938.0,61391
2024-05-30 14:15:00+05:30,4938.0,4947.75,4930.0,4940.0,104252
2024-05-30 14:30:00+05:30,4940.0,4945.9,4936.45,4944.4,74067
2024-05-30 14:45:00+05:30,4944.3,4955.3,4929.25,4938.5,47302
2024-05-30 15:00:00+05:30,4938.0,4949.3,4933.55,4948.65,56518
2024-05-30 15:15:00+05:30,4948.65,4970.0,4945.0,4962.15,64708
2024-05-31 09:15:00+05:30,4946.8,4972.85,4895.0,4957.2,36719
2024-05-31 09:30:00+05:30,4957.2,4969.95,4932.0,4948.15,33592
2024-05-31 09:45:00+05:30,4948.15,4950.9,4903.55,4907.0,22550
2024-05-31 10:00:00+05:30,4902.7,4909.85,4885.0,4896.0,19936
2024-05-31 10:15:00+05:30,4896.0,4899.7,4887.55,4892.3,15656
2024-05-31 10:30:00+05:30,4892.3,4906.05,4890.95,4900.0,17795
2024-05-31 10:45:00+05:30,4900.0,4903.0,4893.25,4900.05,27071
2024-05-31 11:00:00+05:30,4900.05,4906.15,4897.55,4900.2,17644
2024-05-31 11:15:00+05:30,4900.2,4904.2,4852.0,4857.5,26017
2024-05-31 11:30:00+05:30,4857.5,4879.0,4854.65,4872.9,15003
2024-05-31 11:45:00+05:30,4872.9,4874.8,4867.3,4870.45,23612
2024-05-31 12:00:00+05:30,4870.45,4875.05,4853.4,4856.85,16380
2024-05-31 12:15:00+05:30,4856.85,4863.9,4852.7,4858.2,15616
2024-05-31 12:30:00+05:30,4858.2,4860.0,4852.4,4852.4,24715
2024-05-31 12:45:00+05:30,4852.4,4852.4,4815.0,4819.7,20545
2024-05-31 13:00:00+05:30,4819.7,4825.7,4805.0,4805.0,14455
2024-05-31 13:15:00+05:30,4805.0,4833.1,4805.0,4820.0,17218
2024-05-31 13:30:00+05:30,4820.0,4823.95,4816.8,4821.7,21846
2024-05-31 13:45:00+05:30,4821.7,4832.95,4820.6,4831.7,13925
2024-05-31 14:00:00+05:30,4831.7,4837.7,4826.1,4834.3,21915
2024-05-31 14:15:00+05:30,4834.3,4834.35,4822.55,4825.05,26274
2024-05-31 14:30:00+05:30,4825.05,4833.95,4821.15,4827.65,30266
2024-05-31 14:45:00+05:30,4827.65,4834.15,4822.15,4831.35,28841
2024-05-31 15:00:00+05:30,4830.75,4832.75,4794.1,4800.0,68829
2024-05-31 15:15:00+05:30,4799.8,4820.9,4797.8,4816.0,71260
2024-06-03 09:15:00+05:30,4815.0,4882.95,4795.55,4833.8,22513
2024-06-03 09:30:00+05:30,4828.55,4857.55,4818.05,4836.85,9666
2024-06-03 09:45:00+05:30,4837.1,4845.0,4821.4,4834.95,6065
2024-06-03 10:00:00+05:30,4834.95,4853.2,4834.65,4839.0,8375
2024-06-03 10:15:00+05:30,4837.0,4839.85,4802.5,4818.25,50906
2024-06-03 10:30:00+05:30,4818.1,4820.05,4801.05,4810.0,74726
2024-06-03 10:45:00+05:30,4810.0,4830.0,4795.0,4804.45,34088
2024-06-03 11:00:00+05:30,4804.45,4818.75,4796.05,4810.05,318391
2024-06-03 11:15:00+05:30,4808.25,4840.0,4801.35,4826.05,14669
2024-06-03 11:30:00+05:30,4826.05,4833.65,4814.6,4833.65,10571
2024-06-03 11:45:00+05:30,4835.0,4838.8,4819.5,4821.8,20167
2024-06-03 12:00:00+05:30,4820.35,4834.8,4810.0,4830.0,15819
2024-06-03 12:15:00+05:30,4830.0,4831.05,4805.0,4813.0,11009
2024-06-03 12:30:00+05:30,4813.0,4820.0,4799.85,4802.55,14514
2024-06-03 12:45:00+05:30,4802.55,4810.1,4799.15,4801.85,7289
2024-06-03 13:00:00+05:30,4801.85,4824.3,4797.5,4824.3,7432
2024-06-03 13:15:00+05:30,4823.0,4840.0,4820.0,4829.95,28385
2024-06-03 13:30:00+05:30,4829.95,4833.6,4825.0,4826.95,5691
2024-06-03 13:45:00+05:30,4825.0,4834.0,4800.0,4818.45,19861
2024-06-03 14:00:00+05:30,4818.85,4829.95,4816.85,4820.0,5864
2024-06-03 14:15:00+05:30,4820.0,4825.0,4810.3,4818.9,5255
2024-06-03 14:30:00+05:30,4818.9,4819.1,4805.6,4815.95,5309
2024-06-03 14:45:00+05:30,4815.95,4820.4,4805.0,4811.45,6381
2024-06-03 15:00:00+05:30,4811.45,4816.8,4805.0,4811.0,6539
2024-06-03 15:15:00+05:30,4811.0,4859.95,4810.5,4824.0,19593
2024-06-04 09:15:00+05:30,4856.3,4856.3,4719.7,4719.7,17078
2024-06-04 09:30:00+05:30,4719.7,4756.1,4674.15,4720.5,17809
2024-06-04 09:45:00+05:30,4720.5,4767.15,4715.2,4761.3,12357
2024-06-04 10:00:00+05:30,4761.3,4766.45,4743.3,4763.4,7542
2024-06-04 10:15:00+05:30,4763.4,4763.4,4721.0,4726.0,8155
2024-06-04 10:30:00+05:30,4726.0,4737.6,4701.05,4710.0,3653
2024-06-04 10:45:00+05:30,4710.0,4718.3,4654.05,4666.7,12174
2024-06-04 11:00:00+05:30,4666.7,4669.35,4575.7,4602.55,21599
2024-06-04 11:15:00+05:30,4602.55,4655.35,4600.9,4630.95,9035
2024-06-04 11:30:00+05:30,4632.1,4672.8,4623.7,4654.65,10554
2024-06-04 11:45:00+05:30,4654.65,4711.8,4653.25,4658.4,8747
2024-06-04 12:00:00+05:30,4657.8,4666.9,4596.05,4600.0,15752
2024-06-04 12:15:00+05:30,4600.0,4607.9,4486.55,4502.3,41758
2024-06-04 12:30:00+05:30,4502.3,4590.0,4407.05,4573.8,26458
2024-06-04 12:45:00+05:30,4568.1,4722.5,4567.65,4715.45,16663
2024-06-04 13:00:00+05:30,4715.45,4722.0,4673.75,4702.45,18362
2024-06-04 13:15:00+05:30,4702.45,4750.0,4689.7,4702.3,14392
2024-06-04 13:30:00+05:30,4702.3,4777.7,4698.3,4777.7,13818
2024-06-04 13:45:00+05:30,4777.7,4805.1,4761.35,4799.9,9955
2024-06-04 14:00:00+05:30,4799.9,4808.7,4727.05,4771.15,37832
2024-06-04 14:15:00+05:30,4774.2,4778.65,4746.05,4775.0,30147
2024-06-04 14:30:00+05:30,4771.45,4790.85,4760.5,4785.35,23917
2024-06-04 14:45:00+05:30,4785.35,4792.55,4705.35,4705.35,19598
2024-06-04 15:00:00+05:30,4705.35,4720.2,4644.85,4712.1,17554
2024-06-04 15:15:00+05:30,4712.35,4729.8,4705.7,4729.8,23780
2024-06-05 09:15:00+05:30,4715.0,4850.05,4667.4,4705.0,25446
2024-06-05 09:30:00+05:30,4705.0,4795.0,4692.05,4787.95,17030
2024-06-05 09:45:00+05:30,4787.95,4814.0,4770.25,4800.6,9455
2024-06-05 10:00:00+05:30,4800.6,4845.55,4800.6,4835.6,8456
2024-06-05 10:15:00+05:30,4831.95,4837.35,4756.4,4774.85,12523
2024-06-05 10:30:00+05:30,4774.85,4793.5,4744.5,4782.1,6631
2024-06-05 10:45:00+05:30,4782.1,4824.75,4781.0,4819.6,6212
2024-06-05 11:00:00+05:30,4819.6,4832.35,4816.2,4818.4,3480
2024-06-05 11:15:00+05:30,4818.4,4828.4,4817.0,4823.95,3858
2024-06-05 11:30:00+05:30,4823.95,4828.4,4815.8,4820.0,4262
2024-06-05 11:45:00+05:30,4820.0,4831.45,4815.65,4818.3,9297
2024-06-05 12:00:00+05:30,4818.3,4833.85,4817.55,4831.55,3831
2024-06-05 12:15:00+05:30,4831.55,4838.3,4820.0,4829.75,4191
2024-06-05 12:30:00+05:30,4829.75,4829.75,4819.0,4820.0,3779
2024-06-05 12:45:00+05:30,4820.0,4832.3,4818.45,4830.4,5469
2024-06-05 13:00:00+05:30,4830.4,4835.3,4820.0,4820.0,3132
2024-06-05 13:15:00+05:30,4820.0,4844.85,4820.0,4838.55,4992
2024-06-05 13:30:00+05:30,4838.55,4864.45,4821.3,4827.0,9890
2024-06-05 13:45:00+05:30,4827.0,4849.15,4821.55,4848.4,5545
2024-06-05 14:00:00+05:30,4848.4,4850.0,4835.0,4840.05,6890
2024-06-05 14:15:00+05:30,4840.05,4840.45,4821.35,4832.65,7817
2024-06-05 14:30:00+05:30,4833.3,4834.8,4819.0,4823.65,9943
2024-06-05 14:45:00+05:30,4826.2,4842.4,4823.65,4831.0,7116
2024-06-05 15:00:00+05:30,4832.9,4843.45,4821.35,4821.5,16151
2024-06-05 15:15:00+05:30,4823.5,4828.15,4809.1,4821.55,19028
2024-06-06 09:15:00+05:30,4840.35,4860.0,4800.0,4813.7,19113
2024-06-06 09:30:00+05:30,4814.65,4818.9,4781.3,4795.25,8477
2024-06-06 09:45:00+05:30,4798.8,4803.25,4775.0,4799.3,5268
2024-06-06 10:00:00+05:30,4799.3,4820.6,4796.15,4813.0,2447
2024-06-06 10:15:00+05:30,4815.65,4822.75,4800.0,4806.45,4123
2024-06-06 10:30:00+05:30,4806.45,4817.75,4791.45,4803.1,3795
2024-06-06 10:45:00+05:30,4803.1,4811.65,4800.0,4801.4,2334
2024-06-06 11:00:00+05:30,4801.4,4813.0,4801.05,4803.7,7470
2024-06-06 11:15:00+05:30,4809.1,4812.25,4800.0,4802.45,5803
2024-06-06 11:30:00+05:30,4802.45,4809.95,4799.0,4804.7,6260
2024-06-06 11:45:00+05:30,4803.9,4814.7,4800.0,4809.45,10575
2024-06-06 12:00:00+05:30,4806.05,4811.4,4802.15,4805.0,3312
2024-06-06 12:15:00+05:30,4805.0,4830.0,4805.0,4826.35,3326
2024-06-06 12:30:00+05:30,4826.35,4848.0,4821.3,4848.0,4750
2024-06-06 12:45:00+05:30,4848.0,4868.7,4842.55,4857.95,6457
2024-06-06 13:00:00+05:30,4854.7,4858.45,4837.3,4850.15,4491
2024-06-06 13:15:00+05:30,4850.15,4859.9,4850.0,4853.85,1461
2024-06-06 13:30:00+05:30,4853.85,4867.0,4850.15,4863.05,2211
2024-06-06 13:45:00+05:30,4863.05,4866.55,4851.35,4854.55,1753
2024-06-06 14:00:00+05:30,4854.55,4863.4,4854.1,4863.05,3961
2024-06-06 14:15:00+05:30,4863.05,4865.0,4856.6,4864.95,2317
2024-06-06 14:30:00+05:30,4864.95,4882.8,4863.05,4872.75,9099
2024-06-06 14:45:00+05:30,4872.75,4889.1,4869.05,4873.0,5538
2024-06-06 15:00:00+05:30,4873.0,4889.0,4867.1,4870.15,12467
2024-06-06 15:15:00+05:30,4870.1,4870.2,4800.0,4841.1,47442
2024-06-07 09:15:00+05:30,4856.3,4887.95,4827.2,4850.6,10548
2024-06-07 09:30:00+05:30,4850.6,4878.1,4848.9,4871.6,2724
2024-06-07 09:45:00+05:30,4871.6,4899.95,4869.0,4882.15,5682
2024-06-07 10:00:00+05:30,4882.15,4906.0,4880.75,4885.85,4021
2024-06-07 10:15:00+05:30,4885.85,4931.45,4883.2,4926.05,7541
2024-06-07 10:30:00+05:30,4926.05,4928.9,4901.05,4925.35,4190
2024-06-07 10:45:00+05:30,4925.35,4938.85,4912.3,4922.5,6196
2024-06-07 11:00:00+05:30,4922.5,4937.75,4907.9,4910.0,6916
2024-06-07 11:15:00+05:30,4910.0,4954.0,4894.4,4936.9,12901
2024-06-07 11:30:00+05:30,4936.9,4940.6,4920.0,4937.4,4154
2024-06-07 11:45:00+05:30,4937.4,4950.0,4917.6,4932.5,24013
2024-06-07 12:00:00+05:30,4928.3,4939.4,4925.0,4934.3,4615
2024-06-07 12:15:00+05:30,4934.3,4942.0,4932.0,4932.2,2907
2024-06-07 12:30:00+05:30,4932.2,4956.45,4931.55,4942.15,5346
2024-06-07 12:45:00+05:30,4942.15,4944.45,4932.0,4936.3,2997
2024-06-07 13:00:00+05:30,4936.3,4936.3,4895.0,4902.05,4523
2024-06-07 13:15:00+05:30,4903.55,4920.0,4900.0,4904.1,3373
2024-06-07 13:30:00+05:30,4904.1,4926.6,4900.0,4926.55,3614
2024-06-07 13:45:00+05:30,4926.55,4934.0,4919.85,4925.05,3226
2024-06-07 14:00:00+05:30,4925.05,4945.0,4925.0,4935.0,4455
2024-06-07 14:15:00+05:30,4935.05,4952.0,4926.15,4950.0,6935
2024-06-07 14:30:00+05:30,4950.0,4958.9,4945.55,4946.05,4865
2024-06-07 14:45:00+05:30,4946.05,4963.35,4946.05,4960.0,5468
2024-06-07 15:00:00+05:30,4959.1,4962.0,4948.0,4956.35,10114
2024-06-07 15:15:00+05:30,4959.95,4963.8,4945.75,4950.0,14843
2024-06-10 09:15:00+05:30,4989.0,4989.0,4942.6,4966.75,7377
2024-06-10 09:30:00+05:30,4966.75,4968.4,4940.0,4958.35,4617
2024-06-10 09:45:00+05:30,4958.35,4967.95,4952.0,4962.65,1526
2024-06-10 10:00:00+05:30,4962.65,4973.7,4941.3,4967.05,2389
2024-06-10 10:15:00+05:30,4967.05,4979.2,4965.0,4968.6,2703
2024-06-10 10:30:00+05:30,4968.6,4984.45,4968.6,4975.05,1807
2024-06-10 10:45:00+05:30,4975.05,4993.45,4974.0,4975.55,2811
2024-06-10 11:00:00+05:30,4975.55,4994.0,4974.1,4981.15,2803
2024-06-10 11:15:00+05:30,4981.15,4988.3,4970.05,4981.55,1504
2024-06-10 11:30:00+05:30,4981.55,4985.0,4950.0,4966.55,2146
2024-06-10 11:45:00+05:30,4966.55,4979.6,4957.55,4970.1,1635
2024-06-10 12:00:00+05:30,4970.1,4981.4,4962.5,4968.15,1097
2024-06-10 12:15:00+05:30,4968.15,4979.8,4968.15,4975.95,1202
2024-06-10 12:30:00+05:30,4975.95,4987.4,4973.0,4979.1,1928
2024-06-10 12:45:00+05:30,4979.1,4985.0,4975.35,4975.35,1767
2024-06-10 13:00:00+05:30,4976.15,4989.95,4976.15,4989.0,1555
2024-06-10 13:15:00+05:30,4989.0,5000.0,4986.1,4988.9,3663
2024-06-10 13:30:00+05:30,4988.9,4998.5,4984.05,4993.0,2134
2024-06-10 13:45:00+05:30,4993.0,4998.7,4989.05,4994.7,1550
2024-06-10 14:00:00+05:30,4994.7,5017.35,4994.7,5012.4,9317
2024-06-10 14:15:00+05:30,5012.4,5014.0,5000.0,5000.0,4242
2024-06-10 14:30:00+05:30,5000.0,5029.05,4998.15,5028.35,7519
2024-06-10 14:45:00+05:30,5028.35,5038.0,5022.8,5028.75,4161
2024-06-10 15:00:00+05:30,5029.55,5043.4,5020.0,5035.55,6611
2024-06-10 15:15:00+05:30,5035.55,5040.0,5012.5,5012.5,8538
2024-06-11 09:15:00+05:30,5030.3,5045.95,5001.55,5010.0,6533
2024-06-11 09:30:00+05:30,5010.0,5014.25,4981.2,4981.2,5882
2024-06-11 09:45:00+05:30,4981.2,5040.0,4981.2,5032.45,3812
2024-06-11 10:00:00+05:30,5035.45,5044.35,5025.55,5037.7,3379
2024-06-11 10:15:00+05:30,5037.7,5053.45,5035.05,5047.3,3862
2024-06-11 10:30:00+05:30,5047.3,5055.0,5041.8,5046.1,2851
2024-06-11 10:45:00+05:30,5046.1,5069.9,5045.35,5064.2,6234
2024-06-11 11:00:00+05:30,5064.2,5087.95,5058.6,5087.95,7768
2024-06-11 11:15:00+05:30,5085.75,5092.65,5061.25,5061.65,3302
2024-06-11 11:30:00+05:30,5061.65,5075.15,5059.5,5075.0,1509
2024-06-11 11:45:00+05:30,5075.0,5077.95,5064.15,5067.75,2135
2024-06-11 12:00:00+05:30,5067.75,5067.75,5055.05,5060.05,6457
2024-06-11 12:15:00+05:30,5060.0,5067.85,5055.7,5058.2,5030
2024-06-11 12:30:00+05:30,5058.2,5067.9,5055.5,5060.05,3726
2024-06-11 12:45:00+05:30,5060.05,5060.05,5055.85,5057.1,3941
2024-06-11 13:00:00+05:30,5060.0,5062.75,5051.0,5056.9,5465
2024-06-11 13:15:00+05:30,5056.9,5070.85,5055.3,5066.65,4779
2024-06-11 13:30:00+05:30,5066.65,5079.7,5060.85,5076.85,5663
2024-06-11 13:45:00+05:30,5080.0,5084.35,5074.05,5077.1,3313
2024-06-11 14:00:00+05:30,5077.1,5080.6,5073.1,5077.15,5181
2024-06-11 14:15:00+05:30,5077.15,5078.95,5062.55,5067.5,4479
2024-06-11 14:30:00+05:30,5067.5,5070.6,5064.65,5067.0,3488
2024-06-11 14:45:00+05:30,5067.0,5099.0,5065.0,5082.15,9752
2024-06-11 15:00:00+05:30,5083.85,5083.85,5065.0,5067.3,10755
2024-06-11 15:15:00+05:30,5067.3,5073.65,5061.95,5068.7,13793
2024-06-12 09:15:00+05:30,5091.95,5102.95,5054.05,5068.6,6074
2024-06-12 09:30:00+05:30,5070.95,5104.45,5062.95,5083.35,3490
2024-06-12 09:45:00+05:30,5083.35,5094.3,5083.35,5087.15,2435
2024-06-12 10:00:00+05:30,5087.15,5089.7,5076.0,5087.25,3273
2024-06-12 10:15:00+05:30,5087.25,5088.5,5066.85,5068.55,1691
2024-06-12 10:30:00+05:30,5068.55,5080.45,5065.9,5070.0,1143
2024-06-12 10:45:00+05:30,5070.0,5076.8,5068.95,5071.35,883
2024-06-12 11:00:00+05:30,5071.35,5120.7,5069.4,5075.25,22067
2024-06-12 11:15:00+05:30,5075.25,5091.2,5070.6,5078.1,1741
2024-06-12 11:30:00+05:30,5078.1,5090.0,5070.05,5070.5,1486
2024-06-12 11:45:00+05:30,5070.5,5074.8,5065.55,5070.3,1970
2024-06-12 12:00:00+05:30,5070.3,5089.75,5064.2,5083.3,53245
2024-06-12 12:15:00+05:30,5083.3,5086.5,5080.25,5082.2,11555
2024-06-12 12:30:00+05:30,5082.2,5085.05,5080.8,5083.0,1713
2024-06-12 12:45:00+05:30,5083.0,5085.0,5082.05,5082.05,1736
2024-06-12 13:00:00+05:30,5082.05,5083.15,5070.0,5070.8,4585
2024-06-12 13:15:00+05:30,5070.8,5079.5,5065.05,5077.25,1593
2024-06-12 13:30:00+05:30,5077.25,5080.5,5070.85,5078.55,1223
2024-06-12 13:45:00+05:30,5078.55,5079.45,5070.1,5077.0,1914
2024-06-12 14:00:00+05:30,5077.4,5087.25,5070.1,5079.05,8278
2024-06-12 14:15:00+05:30,5079.05,5081.75,5075.0,5077.8,1698
2024-06-12 14:30:00+05:30,5077.8,5081.75,5075.0,5078.3,1553
2024-06-12 14:45:00+05:30,5078.3,5083.15,5075.0,5079.8,4054
2024-06-12 15:00:00+05:30,5079.5,5080.0,5070.05,5073.5,14295
2024-06-12 15:15:00+05:30,5073.5,5096.05,5073.5,5090.0,12350
2024-06-13 09:15:00+05:30,5086.0,5105.0,5065.0,5069.25,3020
2024-06-13 09:30:00+05:30,5065.1,5069.9,5055.65,5057.5,2352
2024-06-13 09:45:00+05:30,5059.95,5074.4,5055.05,5064.85,2215
2024-06-13 10:00:00+05:30,5064.85,5080.0,5062.75,5080.0,4943
2024-06-13 10:15:00+05:30,5080.0,5086.45,5072.0,5072.0,6831
2024-06-13 10:30:00+05:30,5072.0,5073.0,5057.0,5059.75,3438
2024-06-13 10:45:00+05:30,5059.75,5066.3,5056.3,5059.0,3412
2024-06-13 11:00:00+05:30,5058.05,5074.7,5056.0,5060.2,2812
2024-06-13 11:15:00+05:30,5060.25,5066.55,5051.0,5062.85,2980
2024-06-13 11:30:00+05:30,5062.85,5068.45,5055.3,5064.9,1791
2024-06-13 11:45:00+05:30,5062.15,5072.9,5057.85,5059.9,5543
2024-06-13 12:00:00+05:30,5059.9,5076.65,5056.0,5065.5,10116
2024-06-13 12:15:00+05:30,5065.5,5078.85,5056.05,5070.2,4231
2024-06-13 12:30:00+05:30,5070.2,5076.75,5060.3,5061.6,4438
2024-06-13 12:45:00+05:30,5061.6,5072.95,5058.15,5066.05,3154
2024-06-13 13:00:00+05:30,5066.05,5075.0,5062.95,5068.8,2395
2024-06-13 13:15:00+05:30,5067.0,5072.8,5065.0,5070.0,3271
2024-06-13 13:30:00+05:30,5070.0,5074.95,5065.0,5066.3,2388
2024-06-13 13:45:00+05:30,5066.3,5070.0,5064.15,5069.8,1068
2024-06-13 14:00:00+05:30,5068.0,5070.0,5062.1,5063.9,2102
2024-06-13 14:15:00+05:30,5063.9,5073.0,5056.4,5067.8,3360
2024-06-13 14:30:00+05:30,5067.45,5087.3,5066.3,5085.6,13233
2024-06-13 14:45:00+05:30,5085.6,5088.45,5078.5,5083.95,4159
2024-06-13 15:00:00+05:30,5084.2,5090.35,5082.15,5087.2,7723
2024-06-13 15:15:00+05:30,5087.1,5114.9,5080.75,5113.7,10838
2024-06-14 09:15:00+05:30,5114.95,5134.6,5033.0,5073.65,10405
2024-06-14 09:30:00+05:30,5073.35,5089.4,5068.0,5074.75,5089
2024-06-14 09:45:00+05:30,5074.75,5106.4,5071.2,5087.65,5389
2024-06-14 10:00:00+05:30,5087.65,5093.2,5080.55,5084.8,2737
2024-06-14 10:15:00+05:30,5084.8,5088.5,5073.6,5081.2,1780
2024-06-14 10:30:00+05:30,5081.2,5093.0,5080.8,5090.2,1168
2024-06-14 10:45:00+05:30,5090.2,5100.85,5090.2,5094.0,1674
2024-06-14 11:00:00+05:30,5094.0,5108.25,5085.45,5100.45,3838
2024-06-14 11:15:00+05:30,5100.45,5108.5,5100.0,5106.85,1283
2024-06-14 11:30:00+05:30,5106.85,5108.75,5099.95,5101.55,1296
2024-06-14 11:45:00+05:30,5101.55,5106.75,5100.0,5103.2,1336
2024-06-14 12:00:00+05:30,5103.2,5107.4,5080.55,5083.35,5576
2024-06-14 12:15:00+05:30,5083.35,5084.0,5073.05,5082.35,1589
2024-06-14 12:30:00+05:30,5082.35,5088.1,5073.4,5074.7,1392
2024-06-14 12:45:00+05:30,5074.7,5082.0,5074.05,5074.8,863
2024-06-14 13:00:00+05:30,5074.8,5074.85,5060.0,5071.2,1824
2024-06-14 13:15:00+05:30,5071.2,5072.7,5056.75,5072.7,3169
2024-06-14 13:30:00+05:30,5072.7,5072.7,5064.0,5066.85,1920
2024-06-14 13:45:00+05:30,5066.85,5080.9,5063.85,5078.6,2910
2024-06-14 14:00:00+05:30,5078.6,5103.85,5078.6,5092.4,2848
2024-06-14 14:15:00+05:30,5092.4,5102.0,5090.0,5100.25,7499
2024-06-14 14:30:00+05:30,5100.25,5114.95,5100.25,5103.5,1640
2024-06-14 14:45:00+05:30,5103.5,5104.95,5090.0,5092.95,1928
2024-06-14 15:00:00+05:30,5092.95,5108.0,5092.95,5104.35,3438
2024-06-14 15:15:00+05:30,5104.4,5108.25,5094.05,5095.1,5151
2024-06-18 09:15:00+05:30,5123.0,5123.0,4950.3,4966.55,23406
2024-06-18 09:30:00+05:30,4966.0,4991.2,4960.7,4964.7,9089
2024-06-18 09:45:00+05:30,4962.0,4977.25,4956.0,4972.85,7084
2024-06-18 10:00:00+05:30,4972.85,4973.0,4957.05,4964.55,5729
2024-06-18 10:15:00+05:30,4962.85,4973.0,4958.0,4968.95,4698
2024-06-18 10:30:00+05:30,4968.95,4975.0,4951.95,4961.2,6111
2024-06-18 10:45:00+05:30,4961.2,4961.45,4908.8,4942.45,18391
2024-06-18 11:00:00+05:30,4942.45,4949.9,4940.0,4943.75,15163
2024-06-18 11:15:00+05:30,4943.75,4955.0,4940.0,4954.0,7673
2024-06-18 11:30:00+05:30,4954.0,4980.0,4950.8,4967.3,11808
2024-06-18 11:45:00+05:30,4967.3,4970.0,4953.0,4966.0,6956
2024-06-18 12:00:00+05:30,4966.0,4999.0,4965.1,4995.0,14136
2024-06-18 12:15:00+05:30,4995.0,5023.05,4991.1,5001.8,21202
2024-06-18 12:30:00+05:30,5001.8,5020.0,4998.5,5010.8,8127
2024-06-18 12:45:00+05:30,5010.9,5014.35,5000.75,5004.55,3799
2024-06-18 13:00:00+05:30,5004.55,5018.45,4997.25,5013.65,4775
2024-06-18 13:15:00+05:30,5013.65,5085.15,4952.0,5058.95,112512
2024-06-18 13:30:00+05:30,5058.95,5070.2,5048.2,5063.1,8445
2024-06-18 13:45:00+05:30,5061.0,5098.55,5055.5,5095.15,14662
2024-06-18 14:00:00+05:30,5095.15,5149.3,5081.75,5146.95,33858
2024-06-18 14:15:00+05:30,5149.3,5235.6,5142.45,5203.75,90696
2024-06-18 14:30:00+05:30,5202.2,5238.0,5195.35,5218.55,49104
2024-06-18 14:45:00+05:30,5219.4,5222.35,5201.25,5213.3,23945
2024-06-18 15:00:00+05:30,5213.3,5225.0,5206.35,5214.4,33794
2024-06-18 15:15:00+05:30,5214.4,5233.0,5208.4,5227.0,44907
2024-06-19 09:15:00+05:30,5232.0,5240.0,5197.1,5197.1,12996
2024-06-19 09:30:00+05:30,5197.1,5258.85,5189.15,5243.1,21681
2024-06-19 09:45:00+05:30,5243.1,5258.0,5233.7,5241.75,12446
2024-06-19 10:00:00+05:30,5241.75,5258.0,5193.0,5193.0,14483
2024-06-19 10:15:00+05:30,5193.0,5194.0,5160.0,5185.95,9123
2024-06-19 10:30:00+05:30,5185.95,5185.95,5165.75,5173.55,3275
2024-06-19 10:45:00+05:30,5173.55,5186.6,5162.15,5186.35,2502
2024-06-19 11:00:00+05:30,5185.85,5197.85,5180.0,5195.7,3016
2024-06-19 11:15:00+05:30,5198.6,5203.4,5187.05,5194.4,2147
2024-06-19 11:30:00+05:30,5194.4,5203.4,5181.7,5197.85,1366
2024-06-19 11:45:00+05:30,5197.85,5209.25,5192.65,5204.4,1619
2024-06-19 12:00:00+05:30,5204.4,5222.2,5201.6,5211.05,4420
2024-06-19 12:15:00+05:30,5209.3,5240.0,5207.9,5239.0,4874
2024-06-19 12:30:00+05:30,5239.0,5239.75,5211.1,5215.0,2912
2024-06-19 12:45:00+05:30,5215.0,5216.95,5191.85,5215.0,4379
2024-06-19 13:00:00+05:30,5215.0,5258.0,5215.0,5251.9,25415
2024-06-19 13:15:00+05:30,5251.9,5254.5,5222.5,5226.75,5047
2024-06-19 13:30:00+05:30,5226.75,5249.3,5224.8,5242.2,5864
2024-06-19 13:45:00+05:30,5242.2,5247.0,5236.0,5237.25,2158
2024-06-19 14:00:00+05:30,5237.25,5241.65,5210.05,5213.15,4347
2024-06-19 14:15:00+05:30,5213.15,5220.8,5201.0,5202.15,2712
2024-06-19 14:30:00+05:30,5202.15,5208.45,5192.4,5195.0,3299
2024-06-19 14:45:00+05:30,5195.0,5206.8,5185.35,5189.7,7015
2024-06-19 15:00:00+05:30,5189.7,5195.25,5177.65,5178.95,7872
2024-06-19 15:15:00+05:30,5180.6,5198.0,5174.0,5189.3,9671
2024-06-20 09:15:00+05:30,5184.85,5184.85,5137.7,5153.05,5407
2024-06-20 09:30:00+05:30,5153.05,5169.85,5153.05,5166.05,2082
2024-06-20 09:45:00+05:30,5166.15,5171.95,5146.7,5152.0,1938
2024-06-20 10:00:00+05:30,5152.0,5158.9,5146.15,5148.25,1212
2024-06-20 10:15:00+05:30,5151.9,5155.45,5146.55,5150.3,842
2024-06-20 10:30:00+05:30,5154.4,5160.0,5150.2,5159.95,1572
2024-06-20 10:45:00+05:30,5160.0,5164.9,5150.0,5155.15,1366
2024-06-20 11:00:00+05:30,5155.15,5158.5,5150.0,5155.25,685
2024-06-20 11:15:00+05:30,5155.25,5164.75,5155.25,5159.9,1116
2024-06-20 11:30:00+05:30,5160.0,5177.9,5160.0,5177.9,1783
2024-06-20 11:45:00+05:30,5177.9,5195.45,5175.0,5186.5,5949
2024-06-20 12:00:00+05:30,5186.5,5222.7,5186.5,5211.55,6678
2024-06-20 12:15:00+05:30,5211.55,5215.6,5200.25,5212.35,3748
2024-06-20 12:30:00+05:30,5212.35,5216.15,5192.4,5198.2,2646
2024-06-20 12:45:00+05:30,5198.2,5200.05,5187.5,5197.35,1480
2024-06-20 13:00:00+05:30,5194.1,5204.25,5187.15,5189.8,1693
2024-06-20 13:15:00+05:30,5187.75,5195.0,5176.0,5177.4,2737
2024-06-20 13:30:00+05:30,5177.4,5183.25,5166.75,5172.55,4662
2024-06-20 13:45:00+05:30,5172.55,5177.75,5160.1,5160.1,1446
2024-06-20 14:00:00+05:30,5160.1,5171.0,5156.75,5164.75,1160
2024-06-20 14:15:00+05:30,5164.75,5170.95,5160.45,5165.95,958
2024-06-20 14:30:00+05:30,5165.95,5177.15,5158.55,5168.7,1916
2024-06-20 14:45:00+05:30,5168.7,5175.0,5164.3,5164.95,1200
2024-06-20 15:00:00+05:30,5166.1,5171.45,5146.55,5156.45,5982
2024-06-20 15:15:00+05:30,5156.45,5178.05,5151.9,5155.0,6002
2024-06-21 09:15:00+05:30,5160.15,5180.9,5155.55,5162.65,2477
2024-06-21 09:30:00+05:30,5162.65,5185.5,5150.3,5153.95,3689
2024-06-21 09:45:00+05:30,5151.05,5164.55,5142.15,5148.1,1787
2024-06-21 10:00:00+05:30,5148.1,5159.3,5145.55,5154.4,1272
2024-06-21 10:15:00+05:30,5154.4,5184.75,5153.25,5170.5,1681
2024-06-21 10:30:00+05:30,5170.35,5198.45,5169.1,5169.1,2104
2024-06-21 10:45:00+05:30,5169.1,5173.45,5156.6,5161.9,1264
2024-06-21 11:00:00+05:30,5161.9,5167.05,5153.9,5157.8,745
2024-06-21 11:15:00+05:30,5157.8,5161.0,5155.2,5161.0,632
2024-06-21 11:30:00+05:30,5161.0,5161.0,5143.85,5145.5,1649
2024-06-21 11:45:00+05:30,5145.5,5152.25,5127.25,5127.25,2033
2024-06-21 12:00:00+05:30,5127.25,5131.95,5123.0,5127.9,990
2024-06-21 12:15:00+05:30,5127.9,5127.9,5107.55,5115.05,2640
2024-06-21 12:30:00+05:30,5115.05,5152.45,5115.0,5150.1,7446
2024-06-21 12:45:00+05:30,5150.15,5156.2,5136.4,5145.05,2362
2024-06-21 13:00:00+05:30,5145.05,5149.65,5125.95,5127.15,2366
2024-06-21 13:15:00+05:30,5127.15,5146.9,5127.15,5141.1,964
2024-06-21 13:30:00+05:30,5141.1,5153.85,5135.55,5143.75,1565
2024-06-21 13:45:00+05:30,5143.75,5148.9,5141.05,5145.3,939
2024-06-21 14:00:00+05:30,5145.3,5161.3,5145.25,5146.0,1499
2024-06-21 14:15:00+05:30,5146.0,5146.25,5116.65,5117.75,2337
2024-06-21 14:30:00+05:30,5117.75,5137.35,5116.7,5129.95,1431
2024-06-21 14:45:00+05:30,5129.95,5136.1,5119.0,5133.15,1284
2024-06-21 15:00:00+05:30,5132.1,5147.9,5124.1,5126.9,15671
2024-06-21 15:15:00+05:30,5126.95,5142.2,5080.1,5104.75,22746
2024-06-24 09:15:00+05:30,5088.0,5109.9,5047.65,5082.9,4857
2024-06-24 09:30:00+05:30,5082.9,5098.85,5068.3,5074.15,3618
2024-06-24 09:45:00+05:30,5071.55,5077.25,5062.0,5068.85,1313
2024-06-24 10:00:00+05:30,5068.85,5071.05,5062.05,5067.4,1295
2024-06-24 10:15:00+05:30,5067.4,5074.3,5041.2,5046.75,3324
2024-06-24 10:30:00+05:30,5046.75,5049.0,5026.55,5040.0,3522
2024-06-24 10:45:00+05:30,5040.0,5046.9,5030.0,5046.15,3429
2024-06-24 11:00:00+05:30,5045.15,5050.0,5035.8,5042.65,2483
2024-06-24 11:15:00+05:30,5042.65,5050.0,5042.65,5046.8,1380
2024-06-24 11:30:00+05:30,5046.8,5056.85,5046.8,5053.75,1116
2024-06-24 11:45:00+05:30,5053.9,5068.3,5044.0,5047.7,3281
2024-06-24 12:00:00+05:30,5047.3,5051.85,5040.8,5042.9,1856
2024-06-24 12:15:00+05:30,5042.9,5047.15,5036.2,5040.7,2056
2024-06-24 12:30:00+05:30,5040.7,5041.6,5028.0,5030.75,1864
2024-06-24 12:45:00+05:30,5030.75,5032.45,5022.0,5022.3,3951
2024-06-24 13:00:00+05:30,5022.3,5025.65,5007.65,5012.0,4261
2024-06-24 13:15:00+05:30,5010.25,5017.45,5008.2,5016.05,2454
2024-06-24 13:30:00+05:30,5016.05,5016.55,5013.05,5013.35,1477
2024-06-24 13:45:00+05:30,5013.35,5016.2,5010.0,5014.05,2857
2024-06-24 14:00:00+05:30,5014.05,5015.0,4980.75,4980.9,10871
2024-06-24 14:15:00+05:30,4980.9,4993.4,4974.8,4990.0,13180
2024-06-24 14:30:00+05:30,4990.0,4993.65,4974.0,4985.05,10948
2024-06-24 14:45:00+05:30,4985.05,4998.75,4982.05,4997.9,9206
2024-06-24 15:00:00+05:30,4998.8,5021.95,4992.2,5012.0,15722
2024-06-24 15:15:00+05:30,5011.75,5020.6,4991.9,5009.0,24317
2024-06-25 09:15:00+05:30,5030.0,5118.55,5032.1,5098.85,30019
2024-06-25 09:30:00+05:30,5098.85,5106.7,5076.9,5081.95,8267
2024-06-25 09:45:00+05:30,5081.7,5090.6,5052.35,5060.4,5325
2024-06-25 10:00:00+05:30,5060.4,5066.9,5050.05,5062.25,2671
2024-06-25 10:15:00+05:30,5062.25,5085.95,5062.25,5076.4,3075
2024-06-25 10:30:00+05:30,5076.4,5088.45,5076.4,5080.0,2542
2024-06-25 10:45:00+05:30,5080.0,5086.25,5066.2,5077.95,4036
2024-06-25 11:00:00+05:30,5074.95,5079.8,5035.8,5039.1,9616
2024-06-25 11:15:00+05:30,5040.0,5048.95,5031.0,5033.0,7994
2024-06-25 11:30:00+05:30,5031.95,5204.95,5008.55,5194.9,76709
2024-06-25 11:45:00+05:30,5192.75,5259.0,5181.0,5221.0,123697
2024-06-25 12:00:00+05:30,5220.0,5224.0,5190.0,5190.0,29783
2024-06-25 12:15:00+05:30,5190.0,5191.85,5170.0,5172.0,42784
2024-06-25 12:30:00+05:30,5173.05,5173.05,5130.5,5138.0,41906
2024-06-25 12:45:00+05:30,5138.0,5139.85,5125.0,5125.4,22235
2024-06-25 13:00:00+05:30,5125.3,5127.85,5088.8,5094.0,29533
2024-06-25 13:15:00+05:30,5094.0,5096.8,5071.0,5074.8,15373
2024-06-25 13:30:00+05:30,5072.0,5098.75,5070.75,5083.25,16396
2024-06-25 13:45:00+05:30,5080.4,5097.2,5076.5,5082.5,12397
2024-06-25 14:00:00+05:30,5085.3,5089.45,5068.9,5077.2,11694
2024-06-25 14:15:00+05:30,5077.2,5127.35,5065.05,5098.6,22977
2024-06-25 14:30:00+05:30,5099.05,5116.7,5075.8,5081.25,17637
2024-06-25 14:45:00+05:30,5081.25,5088.0,5066.25,5079.65,11998
2024-06-25 15:00:00+05:30,5079.65,5101.35,5079.65,5092.05,17053
2024-06-25 15:15:00+05:30,5092.8,5100.25,5076.2,5085.0,17578
2024-06-26 09:15:00+05:30,5099.9,5108.9,5002.0,5006.15,21967
2024-06-26 09:30:00+05:30,5006.15,5036.8,5005.0,5028.15,10820
2024-06-26 09:45:00+05:30,5028.15,5039.45,5024.0,5027.6,9297
2024-06-26 10:00:00+05:30,5027.6,5050.45,5025.0,5027.25,6541
2024-06-26 10:15:00+05:30,5027.3,5066.05,5027.3,5055.35,10184
2024-06-26 10:30:00+05:30,5052.45,5070.0,5051.95,5066.2,6689
2024-06-26 10:45:00+05:30,5066.2,5078.95,5041.7,5054.5,10523
2024-06-26 11:00:00+05:30,5054.5,5063.95,5046.5,5050.0,6073
2024-06-26 11:15:00+05:30,5050.0,5065.4,5047.0,5054.6,10074
2024-06-26 11:30:00+05:30,5054.6,5069.3,5054.6,5066.05,5909
2024-06-26 11:45:00+05:30,5066.1,5069.0,5059.6,5067.8,5052
2024-06-26 12:00:00+05:30,5067.8,5070.6,5059.6,5060.75,5652
2024-06-26 12:15:00+05:30,5060.75,5083.35,5060.75,5067.05,8996
2024-06-26 12:30:00+05:30,5067.25,5069.8,5047.6,5050.4,5379
2024-06-26 12:45:00+05:30,5050.4,5057.8,5044.3,5050.05,12743
2024-06-26 13:00:00+05:30,5050.05,5053.5,5014.8,5030.4,8371
2024-06-26 13:15:00+05:30,5027.15,5029.1,5020.0,5021.0,5692
2024-06-26 13:30:00+05:30,5021.0,5027.1,5017.4,5020.0,4397
2024-06-26 13:45:00+05:30,5017.4,5025.0,5017.15,5018.3,3712
2024-06-26 14:00:00+05:30,5018.55,5025.0,5017.4,5018.7,3490
2024-06-26 14:15:00+05:30,5018.7,5025.0,5011.0,5016.95,8062
2024-06-26 14:30:00+05:30,5016.95,5023.0,5015.5,5020.05,5922
2024-06-26 14:45:00+05:30,5019.95,5020.9,4983.25,4989.2,24939
2024-06-26 15:00:00+05:30,4989.2,4999.0,4951.4,4990.2,123054
2024-06-26 15:15:00+05:30,4990.35,5017.05,4989.95,5000.0,16656
2024-06-27 09:15:00+05:30,5000.0,5034.3,4995.1,5011.7,12877
2024-06-27 09:30:00+05:30,5011.7,5029.45,5006.35,5009.4,6188
2024-06-27 09:45:00+05:30,5009.4,5015.6,4988.8,4989.45,8512
2024-06-27 10:00:00+05:30,4989.45,4999.3,4976.65,4976.65,8100
2024-06-27 10:15:00+05:30,4976.65,4981.35,4964.3,4975.55,14706
2024-06-27 10:30:00+05:30,4975.55,4985.45,4964.0,4968.05,21868
2024-06-27 10:45:00+05:30,4975.0,4988.95,4968.05,4985.3,14556
2024-06-27 11:00:00+05:30,4986.25,4997.9,4984.65,4991.05,12316
2024-06-27 11:15:00+05:30,4991.05,4991.05,4973.45,4980.0,24182
2024-06-27 11:30:00+05:30,4980.0,4984.45,4971.65,4975.0,14071
2024-06-27 11:45:00+05:30,4975.0,4982.05,4954.4,4959.1,25355
2024-06-27 12:00:00+05:30,4957.25,4960.0,4939.95,4951.55,37053
2024-06-27 12:15:00+05:30,4951.6,4964.0,4942.7,4949.95,11957
2024-06-27 12:30:00+05:30,4949.95,4952.05,4935.2,4939.95,20596
2024-06-27 12:45:00+05:30,4939.95,4959.45,4938.3,4953.45,11975
2024-06-27 13:00:00+05:30,4953.25,4960.45,4936.0,4960.35,13211
2024-06-27 13:15:00+05:30,4960.05,4964.0,4957.55,4960.05,18743
2024-06-27 13:30:00+05:30,4960.05,4963.4,4938.0,4950.0,26226
2024-06-27 13:45:00+05:30,4950.0,4955.15,4945.55,4950.0,17666
2024-06-27 14:00:00+05:30,4950.0,4961.95,4931.45,4940.65,21477
2024-06-27 14:15:00+05:30,4940.7,4944.9,4933.65,4941.85,13547
2024-06-27 14:30:00+05:30,4941.85,4945.0,4937.7,4945.0,25891
2024-06-27 14:45:00+05:30,4945.0,4961.75,4944.6,4960.0,46559
2024-06-27 15:00:00+05:30,4961.3,4970.0,4905.1,4908.55,273488
2024-06-27 15:15:00+05:30,4908.55,4939.9,4896.9,4937.0,219205
2024-06-28 09:15:00+05:30,4932.0,5020.0,4932.0,5015.2,11087
2024-06-28 09:30:00+05:30,5019.2,5020.0,4995.1,5005.95,9528
2024-06-28 09:45:00+05:30,5005.95,5005.95,4984.05,4995.45,4229
2024-06-28 10:00:00+05:30,4995.45,5000.5,4953.1,4962.75,11449
2024-06-28 10:15:00+05:30,4962.75,4971.95,4954.8,4960.6,8768
2024-06-28 10:30:00+05:30,4960.6,4970.4,4957.9,4964.25,5227
2024-06-28 10:45:00+05:30,4964.25,4980.7,4962.65,4969.05,5645
2024-06-28 11:00:00+05:30,4967.9,4978.4,4965.35,4976.95,6884
2024-06-28 11:15:00+05:30,4977.15,4980.45,4951.15,4957.5,8845
2024-06-28 11:30:00+05:30,4957.5,4961.25,4947.45,4948.15,4035
2024-06-28 11:45:00+05:30,4948.15,4957.45,4930.55,4937.7,9109
2024-06-28 12:00:00+05:30,4937.7,4948.2,4931.0,4943.7,4948
2024-06-28 12:15:00+05:30,4943.7,4953.75,4935.95,4947.4,4414
2024-06-28 12:30:00+05:30,4947.4,4952.45,4937.95,4948.1,4068
2024-06-28 12:45:00+05:30,4948.1,4952.85,4939.25,4946.4,3045
2024-06-28 13:00:00+05:30,4946.4,4954.5,4939.65,4951.45,3997
2024-06-28 13:15:00+05:30,4951.45,4961.7,4951.4,4959.8,5563
2024-06-28 13:30:00+05:30,4959.8,4967.65,4958.15,4961.25,9318
2024-06-28 13:45:00+05:30,4961.25,4966.45,4959.1,4960.2,7085
2024-06-28 14:00:00+05:30,4960.2,4967.95,4960.0,4963.0,11649
2024-06-28 14:15:00+05:30,4963.0,4969.2,4958.6,4960.9,9261
2024-06-28 14:30:00+05:30,4960.9,4974.25,4959.8,4969.75,16087
2024-06-28 14:45:00+05:30,4969.75,5000.0,4969.75,4995.15,17345
2024-06-28 15:00:00+05:30,4993.9,4999.75,4985.55,4993.05,48241
2024-06-28 15:15:00+05:30,4993.15,4996.65,4984.55,4993.35,42571
2024-07-01 09:15:00+05:30,4992.0,5010.8,4979.7,4995.8,4417
2024-07-01 09:30:00+05:30,4995.8,4995.8,4978.4,4979.15,4131
2024-07-01 09:45:00+05:30,4979.15,4993.75,4965.1,4976.8,6732
2024-07-01 10:00:00+05:30,4977.6,4984.45,4963.75,4976.9,3261
2024-07-01 10:15:00+05:30,4976.9,4985.0,4974.9,4979.0,1759
2024-07-01 10:30:00+05:30,4979.0,4983.4,4976.2,4981.75,1907
2024-07-01 10:45:00+05:30,4980.05,5002.45,4977.05,4980.0,11342
2024-07-01 11:00:00+05:30,4980.0,4981.55,4973.65,4975.0,1927
2024-07-01 11:15:00+05:30,4975.0,4977.55,4960.55,4973.2,4149
2024-07-01 11:30:00+05:30,4973.9,4976.0,4970.0,4971.1,1430
2024-07-01 11:45:00+05:30,4971.1,4973.75,4950.0,4951.05,7110
2024-07-01 12:00:00+05:30,4951.0,4963.0,4941.0,4943.4,7354
2024-07-01 12:15:00+05:30,4943.4,4953.2,4941.55,4950.1,3701
2024-07-01 12:30:00+05:30,4950.1,4961.25,4948.55,4951.0,13799
2024-07-01 12:45:00+05:30,4951.0,4955.0,4949.05,4950.05,7841
2024-07-01 13:00:00+05:30,4950.05,4954.0,4949.0,4950.0,7150
2024-07-01 13:15:00+05:30,4950.0,4953.3,4949.65,4950.05,4620
2024-07-01 13:30:00+05:30,4950.0,4969.0,4950.0,4967.75,6600
2024-07-01 13:45:00+05:30,4966.6,4969.05,4957.05,4962.45,7245
2024-07-01 14:00:00+05:30,4961.35,4963.2,4959.0,4960.0,5646
2024-07-01 14:15:00+05:30,4960.0,4968.9,4954.7,4960.05,19983
2024-07-01 14:30:00+05:30,4960.05,4963.9,4960.0,4960.0,6631
2024-07-01 14:45:00+05:30,4960.85,4961.4,4955.15,4958.0,8255
2024-07-01 15:00:00+05:30,4959.3,4964.3,4950.45,4960.35,14771
2024-07-01 15:15:00+05:30,4960.35,4967.6,4959.05,4964.0,10251
2024-07-02 09:15:00+05:30,4968.6,4979.9,4952.0,4952.0,3746
2024-07-02 09:30:00+05:30,4952.0,4952.25,4923.0,4924.3,6758
2024-07-02 09:45:00+05:30,4924.1,4942.95,4917.0,4927.05,4983
2024-07-02 10:00:00+05:30,4927.05,4932.25,4919.0,4926.8,3492
2024-07-02 10:15:00+05:30,4926.8,4945.75,4925.45,4929.0,6100
2024-07-02 10:30:00+05:30,4929.0,4933.9,4925.0,4925.0,8656
2024-07-02 10:45:00+05:30,4925.0,4930.85,4922.3,4925.0,6842
2024-07-02 11:00:00+05:30,4925.0,4928.95,4915.0,4924.75,12635
2024-07-02 11:15:00+05:30,4924.75,4929.0,4919.95,4920.05,7269
2024-07-02 11:30:00+05:30,4920.0,4922.5,4917.2,4920.0,8871
2024-07-02 11:45:00+05:30,4920.0,4925.8,4919.95,4920.05,7354
2024-07-02 12:00:00+05:30,4920.05,4926.0,4915.0,4915.0,11119
2024-07-02 12:15:00+05:30,4915.0,4920.95,4915.0,4920.55,7101
2024-07-02 12:30:00+05:30,4920.55,4922.5,4901.5,4901.7,24954
2024-07-02 12:45:00+05:30,4901.7,4906.65,4872.0,4875.2,7810
2024-07-02 13:00:00+05:30,4877.45,4885.8,4872.5,4881.85,7550
2024-07-02 13:15:00+05:30,4881.85,4889.15,4876.3,4887.3,7326
2024-07-02 13:30:00+05:30,4891.9,4904.95,4891.45,4900.05,8117
2024-07-02 13:45:00+05:30,4900.0,4904.55,4899.35,4900.3,9859
2024-07-02 14:00:00+05:30,4900.25,4908.15,4899.8,4906.3,11660
2024-07-02 14:15:00+05:30,4905.95,4906.3,4905.0,4906.0,7809
2024-07-02 14:30:00+05:30,4906.0,4914.0,4901.35,4902.75,15695
2024-07-02 14:45:00+05:30,4905.05,4912.65,4903.15,4910.0,11359
2024-07-02 15:00:00+05:30,4910.0,4917.95,4904.95,4917.05,30388
2024-07-02 15:15:00+05:30,4917.05,4940.0,4915.8,4939.8,39850
2024-07-03 09:15:00+05:30,4933.95,4960.05,4926.05,4959.15,3536
2024-07-03 09:30:00+05:30,4959.15,4973.6,4945.05,4964.35,1575
2024-07-03 09:45:00+05:30,4964.35,4969.6,4953.05,4957.2,3707
2024-07-03 10:00:00+05:30,4957.2,4972.75,4956.15,4972.75,1655
2024-07-03 10:15:00+05:30,4972.75,4982.0,4967.05,4967.1,1618
2024-07-03 10:30:00+05:30,4967.1,4969.0,4955.0,4967.45,1271
2024-07-03 10:45:00+05:30,4967.45,4969.55,4960.0,4966.0,1209
2024-07-03 11:00:00+05:30,4966.0,4979.95,4962.6,4979.95,1836
2024-07-03 11:15:00+05:30,4979.95,5028.55,4979.95,5010.0,15584
2024-07-03 11:30:00+05:30,5010.0,5017.45,5000.0,5015.0,6102
2024-07-03 11:45:00+05:30,5015.0,5029.2,5008.45,5020.0,4827
2024-07-03 12:00:00+05:30,5020.0,5029.0,5016.0,5029.0,4298
2024-07-03 12:15:00+05:30,5029.0,5030.0,5014.4,5019.0,3134
2024-07-03 12:30:00+05:30,5019.0,5019.0,5002.05,5007.0,2366
2024-07-03 12:45:00+05:30,5007.0,5010.05,4993.2,5000.1,3193
2024-07-03 13:00:00+05:30,5000.1,5004.8,4990.0,4990.45,1879
2024-07-03 13:15:00+05:30,4990.45,5003.0,4985.0,4998.0,5155
2024-07-03 13:30:00+05:30,4998.0,5005.9,4991.15,5004.9,2974
2024-07-03 13:45:00+05:30,5004.9,5010.0,5000.0,5007.7,3068
2024-07-03 14:00:00+05:30,5007.7,5018.95,4998.6,5011.3,3678
2024-07-03 14:15:00+05:30,5011.35,5015.85,5000.0,5002.95,3513
2024-07-03 14:30:00+05:30,5000.4,5004.5,4992.4,5000.0,3159
2024-07-03 14:45:00+05:30,5000.0,5014.2,4988.0,4988.0,10845
2024-07-03 15:00:00+05:30,4988.0,4996.45,4969.0,4970.0,10767
2024-07-03 15:15:00+05:30,4970.0,4990.0,4956.1,4975.0,18402
2024-07-04 09:15:00+05:30,4976.1,4986.5,4955.25,4973.4,3428
2024-07-04 09:30:00+05:30,4973.4,4993.2,4970.05,4976.55,2240
2024-07-04 09:45:00+05:30,4976.55,4990.6,4960.8,4976.65,2475
2024-07-04 10:00:00+05:30,4976.65,4981.95,4970.5,4976.5,556
2024-07-04 10:15:00+05:30,4976.5,4985.45,4973.3,4980.0,360
2024-07-04 10:30:00+05:30,4980.0,4980.0,4967.5,4978.85,543
2024-07-04 10:45:00+05:30,4978.85,4981.05,4970.7,4979.4,337
2024-07-04 11:00:00+05:30,4979.4,5011.4,4975.15,5000.0,3847
2024-07-04 11:15:00+05:30,5000.0,5009.9,4993.05,5004.55,2327
2024-07-04 11:30:00+05:30,5004.55,5013.6,4995.0,4995.0,3739
2024-07-04 11:45:00+05:30,4995.0,4996.8,4985.05,4987.0,1184
2024-07-04 12:00:00+05:30,4987.0,5009.6,4974.2,4983.6,3393
2024-07-04 12:15:00+05:30,4983.6,4996.25,4983.6,4987.85,1276
2024-07-04 12:30:00+05:30,4987.85,5010.0,4987.55,5007.0,1151
2024-07-04 12:45:00+05:30,5007.0,5019.0,5003.0,5005.2,2735
2024-07-04 13:00:00+05:30,5005.2,5009.9,4986.65,4986.65,867
2024-07-04 13:15:00+05:30,4986.65,5003.15,4977.55,5001.3,7592
2024-07-04 13:30:00+05:30,5001.3,5006.6,4998.05,5001.5,2359
2024-07-04 13:45:00+05:30,5001.5,5001.5,4997.55,4998.95,1729
2024-07-04 14:00:00+05:30,4998.95,4998.95,4983.75,4986.15,8423
2024-07-04 14:15:00+05:30,4986.15,5000.0,4984.6,4989.8,8364
2024-07-04 14:30:00+05:30,4989.8,5002.55,4987.7,5000.3,9628
2024-07-04 14:45:00+05:30,5000.3,5001.9,4988.5,5000.0,13006
2024-07-04 15:00:00+05:30,5000.8,5003.7,4960.0,4963.4,18128
2024-07-04 15:15:00+05:30,4963.4,4986.75,4963.4,4986.75,6511
2024-07-05 09:15:00+05:30,4990.9,5039.45,4990.6,5029.85,7511
2024-07-05 09:30:00+05:30,5029.9,5066.6,5027.75,5040.55,18299
2024-07-05 09:45:00+05:30,5040.5,5043.6,5015.05,5023.4,4421
2024-07-05 10:00:00+05:30,5023.35,5027.4,5001.0,5007.75,3311
2024-07-05 10:15:00+05:30,5007.75,5030.0,5006.5,5015.2,2852
2024-07-05 10:30:00+05:30,5015.65,5026.95,5015.4,5024.05,1215
2024-07-05 10:45:00+05:30,5024.05,5035.85,5023.6,5025.0,1808
2024-07-05 11:00:00+05:30,5025.0,5026.25,5013.2,5015.05,938
2024-07-05 11:15:00+05:30,5015.05,5020.0,5012.5,5015.35,636
2024-07-05 11:30:00+05:30,5015.35,5059.65,5010.9,5055.95,7389
2024-07-05 11:45:00+05:30,5055.95,5070.0,5050.75,5069.35,10289
2024-07-05 12:00:00+05:30,5069.35,5085.0,5062.65,5071.95,12150
2024-07-05 12:15:00+05:30,5071.95,5072.45,5046.1,5051.15,3680
2024-07-05 12:30:00+05:30,5051.15,5055.0,5049.05,5050.4,2832
2024-07-05 12:45:00+05:30,5050.4,5055.0,5047.0,5050.0,1617
2024-07-05 13:00:00+05:30,5050.0,5056.2,5050.0,5055.0,3055
2024-07-05 13:15:00+05:30,5055.0,5057.3,5051.6,5055.0,8427
2024-07-05 13:30:00+05:30,5055.0,5068.0,5054.05,5064.95,5565
2024-07-05 13:45:00+05:30,5064.95,5066.9,5058.0,5065.0,6322
2024-07-05 14:00:00+05:30,5065.0,5066.75,5061.9,5065.0,10255
2024-07-05 14:15:00+05:30,5065.0,5066.9,5056.8,5056.8,9520
2024-07-05 14:30:00+05:30,5056.8,5062.65,5055.05,5057.75,6789
2024-07-05 14:45:00+05:30,5060.0,5062.15,5056.2,5060.0,10253
2024-07-05 15:00:00+05:30,5058.7,5070.0,5056.8,5065.0,14509
2024-07-05 15:15:00+05:30,5065.0,5084.0,5055.05,5075.0,12986
2024-07-08 09:15:00+05:30,5090.0,5120.95,5075.4,5111.0,11435
2024-07-08 09:30:00+05:30,5111.0,5118.8,5064.3,5068.9,6217
2024-07-08 09:45:00+05:30,5068.9,5099.9,5063.0,5086.0,3957
2024-07-08 10:00:00+05:30,5081.85,5102.45,5081.85,5099.0,3879
2024-07-08 10:15:00+05:30,5099.0,5116.9,5093.45,5115.35,3895
2024-07-08 10:30:00+05:30,5115.35,5149.9,5109.1,5149.0,18788
2024-07-08 10:45:00+05:30,5149.0,5156.7,5134.7,5145.7,11640
2024-07-08 11:00:00+05:30,5144.75,5169.0,5141.15,5154.95,14703
2024-07-08 11:15:00+05:30,5155.0,5160.0,5148.55,5152.0,6171
2024-07-08 11:30:00+05:30,5152.0,5157.95,5150.0,5153.35,3624
2024-07-08 11:45:00+05:30,5153.35,5158.6,5147.95,5149.45,11852
2024-07-08 12:00:00+05:30,5150.0,5153.25,5145.05,5150.0,18783
2024-07-08 12:15:00+05:30,5150.0,5200.0,5148.05,5200.0,21881
2024-07-08 12:30:00+05:30,5200.0,5209.25,5192.4,5200.05,12307
2024-07-08 12:45:00+05:30,5200.05,5206.55,5193.0,5199.5,5792
2024-07-08 13:00:00+05:30,5199.5,5201.0,5184.8,5194.0,3680
2024-07-08 13:15:00+05:30,5194.0,5204.2,5170.95,5176.8,5634
2024-07-08 13:30:00+05:30,5176.8,5188.4,5161.55,5186.2,6205
2024-07-08 13:45:00+05:30,5186.2,5193.25,5152.35,5164.95,29777
2024-07-08 14:00:00+05:30,5164.95,5185.15,5160.7,5184.95,3470
2024-07-08 14:15:00+05:30,5184.95,5200.4,5184.0,5200.0,6086
2024-07-08 14:30:00+05:30,5200.0,5205.0,5186.95,5194.75,7692
2024-07-08 14:45:00+05:30,5194.8,5230.3,5194.8,5218.55,24621
2024-07-08 15:00:00+05:30,5218.55,5223.65,5207.65,5213.5,10910
2024-07-08 15:15:00+05:30,5213.5,5243.7,5209.55,5230.0,18654
2024-07-09 09:15:00+05:30,5250.0,5283.0,5221.85,5239.45,34548
2024-07-09 09:30:00+05:30,5239.4,5265.0,5236.15,5264.0,10408
2024-07-09 09:45:00+05:30,5264.0,5276.95,5260.5,5272.45,14143
2024-07-09 10:00:00+05:30,5272.5,5299.2,5270.0,5298.0,15191
2024-07-09 10:15:00+05:30,5293.5,5298.0,5270.0,5282.3,13586
2024-07-09 10:30:00+05:30,5285.0,5304.35,5285.0,5299.1,11964
2024-07-09 10:45:00+05:30,5299.1,5307.15,5280.05,5300.0,12685
2024-07-09 11:00:00+05:30,5302.0,5332.3,5297.25,5316.0,30055
2024-07-09 11:15:00+05:30,5316.0,5328.0,5290.5,5295.65,11377
2024-07-09 11:30:00+05:30,5295.65,5304.95,5289.15,5300.95,4855
2024-07-09 11:45:00+05:30,5300.95,5314.95,5300.95,5302.7,16949
2024-07-09 12:00:00+05:30,5302.7,5315.0,5300.0,5310.1,6027
2024-07-09 12:15:00+05:30,5310.1,5326.4,5305.05,5321.1,6287
2024-07-09 12:30:00+05:30,5321.1,5328.0,5316.5,5317.1,3704
2024-07-09 12:45:00+05:30,5318.1,5328.0,5316.0,5325.55,5549
2024-07-09 13:00:00+05:30,5327.0,5330.0,5320.75,5320.85,7464
2024-07-09 13:15:00+05:30,5320.85,5324.5,5310.05,5317.0,5719
2024-07-09 13:30:00+05:30,5317.0,5327.65,5314.6,5324.9,7923
2024-07-09 13:45:00+05:30,5324.9,5348.8,5321.6,5331.3,13217
2024-07-09 14:00:00+05:30,5331.3,5347.0,5329.2,5337.55,9123
2024-07-09 14:15:00+05:30,5337.55,5339.2,5325.0,5327.3,8773
2024-07-09 14:30:00+05:30,5327.3,5343.55,5325.3,5341.7,7567
2024-07-09 14:45:00+05:30,5340.1,5341.7,5327.0,5332.0,6693
2024-07-09 15:00:00+05:30,5329.05,5339.35,5324.95,5335.5,24379
2024-07-09 15:15:00+05:30,5335.5,5340.9,5308.0,5325.35,36983
2024-07-10 09:15:00+05:30,5324.15,5338.0,5293.3,5296.25,10500
2024-07-10 09:30:00+05:30,5291.45,5295.0,5261.05,5277.4,8173
2024-07-10 09:45:00+05:30,5276.95,5276.95,5231.65,5236.25,5831
2024-07-10 10:00:00+05:30,5232.75,5242.95,5222.05,5232.25,8009
2024-07-10 10:15:00+05:30,5230.0,5237.0,5188.55,5213.1,31152
2024-07-10 10:30:00+05:30,5213.55,5221.95,5176.0,5200.1,11699
2024-07-10 10:45:00+05:30,5200.1,5214.95,5194.3,5203.0,3238
2024-07-10 11:00:00+05:30,5200.2,5205.7,5182.4,5184.9,5447
2024-07-10 11:15:00+05:30,5184.9,5188.0,5156.05,5160.1,6196
2024-07-10 11:30:00+05:30,5160.15,5178.5,5157.65,5178.35,5329
2024-07-10 11:45:00+05:30,5178.35,5219.0,5175.0,5216.0,119857
2024-07-10 12:00:00+05:30,5214.0,5215.9,5194.0,5196.95,5853
2024-07-10 12:15:00+05:30,5196.95,5209.45,5188.9,5206.85,5330
2024-07-10 12:30:00+05:30,5207.85,5225.75,5206.95,5225.0,8205
2024-07-10 12:45:00+05:30,5225.0,5225.0,5214.2,5223.95,4774
2024-07-10 13:00:00+05:30,5223.95,5225.05,5215.55,5220.35,3183
2024-07-10 13:15:00+05:30,5220.35,5230.0,5211.65,5220.0,5692
2024-07-10 13:30:00+05:30,5220.0,5221.8,5214.3,5218.95,4279
2024-07-10 13:45:00+05:30,5218.95,5222.7,5218.15,5220.2,3895
2024-07-10 14:00:00+05:30,5220.2,5220.85,5203.6,5218.0,4404
2024-07-10 14:15:00+05:30,5218.0,5225.15,5210.8,5221.55,4570
2024-07-10 14:30:00+05:30,5221.55,5238.9,5220.45,5226.6,10018
2024-07-10 14:45:00+05:30,5226.6,5236.95,5223.05,5225.1,8730
2024-07-10 15:00:00+05:30,5225.1,5233.0,5220.0,5223.5,9310
2024-07-10 15:15:00+05:30,5223.5,5233.9,5216.05,5232.0,9253
2024-07-11 09:15:00+05:30,5265.0,5278.95,5220.1,5239.4,9661
2024-07-11 09:30:00+05:30,5239.4,5294.95,5239.2,5254.0,15393
2024-07-11 09:45:00+05:30,5254.0,5258.4,5240.7,5253.5,3817
2024-07-11 10:00:00+05:30,5253.5,5268.4,5242.0,5242.05,8410
2024-07-11 10:15:00+05:30,5242.05,5258.2,5233.0,5245.15,22592
2024-07-11 10:30:00+05:30,5245.15,5246.75,5226.1,5244.5,27325
2024-07-11 10:45:00+05:30,5244.5,5246.0,5231.1,5240.2,2657
2024-07-11 11:00:00+05:30,5240.2,5247.1,5235.2,5241.65,5266
2024-07-11 11:15:00+05:30,5241.65,5244.8,5230.0,5234.95,5836
2024-07-11 11:30:00+05:30,5234.95,5241.95,5231.55,5235.0,2615
2024-07-11 11:45:00+05:30,5235.0,5240.95,5231.45,5240.95,2948
2024-07-11 12:00:00+05:30,5240.95,5243.35,5221.25,5236.0,3667
2024-07-11 12:15:00+05:30,5236.0,5241.0,5230.6,5233.3,2524
2024-07-11 12:30:00+05:30,5233.3,5241.5,5229.05,5231.0,4845
2024-07-11 12:45:00+05:30,5231.0,5240.2,5220.2,5222.0,2783
2024-07-11 13:00:00+05:30,5221.2,5230.6,5194.55,5223.5,6775
2024-07-11 13:15:00+05:30,5223.5,5227.45,5213.1,5213.25,1576
2024-07-11 13:30:00+05:30,5213.25,5217.15,5205.6,5206.0,1489
2024-07-11 13:45:00+05:30,5206.0,5213.65,5190.0,5202.15,4128
2024-07-11 14:00:00+05:30,5202.15,5212.55,5202.15,5203.55,1448
2024-07-11 14:15:00+05:30,5203.4,5216.9,5203.4,5211.05,2553
2024-07-11 14:30:00+05:30,5211.05,5231.25,5210.05,5231.15,34145
2024-07-11 14:45:00+05:30,5231.15,5234.85,5212.85,5216.6,3406
2024-07-11 15:00:00+05:30,5216.0,5216.6,5182.2,5201.3,23190
2024-07-11 15:15:00+05:30,5200.55,5212.75,5194.95,5208.85,20908
2024-07-12 09:15:00+05:30,5217.0,5268.0,5208.85,5252.95,12320
2024-07-12 09:30:00+05:30,5252.95,5254.45,5223.15,5233.0,4319
2024-07-12 09:45:00+05:30,5233.0,5237.95,5211.0,5236.1,2572
2024-07-12 10:00:00+05:30,5236.1,5244.65,5201.0,5201.0,4791
2024-07-12 10:15:00+05:30,5201.0,5216.95,5175.0,5210.0,61272
2024-07-12 10:30:00+05:30,5210.0,5210.0,5201.2,5209.55,1794
2024-07-12 10:45:00+05:30,5209.55,5224.2,5207.0,5212.85,1554
2024-07-12 11:00:00+05:30,5212.85,5217.0,5207.9,5210.0,3732
2024-07-12 11:15:00+05:30,5210.05,5213.0,5187.5,5194.85,3938
2024-07-12 11:30:00+05:30,5190.0,5192.6,5164.75,5187.45,5318
2024-07-12 11:45:00+05:30,5187.45,5192.95,5182.55,5186.05,2300
2024-07-12 12:00:00+05:30,5186.05,5201.95,5176.55,5196.75,6321
2024-07-12 12:15:00+05:30,5196.75,5198.0,5179.35,5184.85,2209
2024-07-12 12:30:00+05:30,5184.85,5187.55,5173.55,5184.9,2850
2024-07-12 12:45:00+05:30,5184.95,5198.1,5180.0,5195.0,2022
2024-07-12 13:00:00+05:30,5195.0,5199.0,5189.25,5199.0,1867
2024-07-12 13:15:00+05:30,5199.0,5209.0,5194.55,5199.95,2723
2024-07-12 13:30:00+05:30,5199.95,5214.2,5199.95,5204.6,2949
2024-07-12 13:45:00+05:30,5204.6,5209.8,5201.2,5204.45,1157
2024-07-12 14:00:00+05:30,5204.45,5213.65,5201.65,5211.0,874
2024-07-12 14:15:00+05:30,5211.0,5222.95,5203.9,5220.4,3828
2024-07-12 14:30:00+05:30,5220.4,5223.0,5208.2,5219.0,8715
2024-07-12 14:45:00+05:30,5219.9,5220.0,5201.2,5209.75,3010
2024-07-12 15:00:00+05:30,5209.7,5210.85,5199.6,5200.0,4803
2024-07-12 15:15:00+05:30,5200.95,5205.15,5184.55,5184.55,7886
2024-07-15 09:15:00+05:30,5236.1,5325.0,5230.0,5258.2,80642
2024-07-15 09:30:00+05:30,5258.2,5323.1,5241.0,5318.7,34065
2024-07-15 09:45:00+05:30,5318.7,5318.95,5257.55,5272.6,20976
2024-07-15 10:00:00+05:30,5272.6,5386.3,5269.55,5378.9,58791
2024-07-15 10:15:00+05:30,5377.05,5419.2,5363.45,5378.55,60843
2024-07-15 10:30:00+05:30,5378.55,5399.55,5351.2,5354.0,18150
2024-07-15 10:45:00+05:30,5354.0,5415.95,5354.0,5405.45,21604
2024-07-15 11:00:00+05:30,5405.45,5407.0,5364.0,5370.55,40942
2024-07-15 11:15:00+05:30,5370.2,5408.0,5365.65,5394.85,18946
2024-07-15 11:30:00+05:30,5394.0,5403.3,5380.3,5402.35,12430
2024-07-15 11:45:00+05:30,5402.35,5415.0,5391.05,5400.55,15747
2024-07-15 12:00:00+05:30,5400.65,5450.0,5399.35,5408.1,58060
2024-07-15 12:15:00+05:30,5408.1,5408.2,5363.3,5370.7,35099
2024-07-15 12:30:00+05:30,5370.7,5405.0,5365.0,5399.0,19393
2024-07-15 12:45:00+05:30,5399.0,5409.4,5374.6,5380.1,14529
2024-07-15 13:00:00+05:30,5380.1,5385.1,5356.0,5356.7,13239
2024-07-15 13:15:00+05:30,5356.7,5374.45,5356.7,5358.3,14831
2024-07-15 13:30:00+05:30,5358.3,5379.9,5356.5,5369.8,17623
2024-07-15 13:45:00+05:30,5369.8,5379.9,5352.0,5371.9,17685
2024-07-15 14:00:00+05:30,5371.9,5408.0,5362.25,5397.45,19698
2024-07-15 14:15:00+05:30,5397.45,5409.0,5388.95,5404.7,13740
2024-07-15 14:30:00+05:30,5403.05,5404.1,5380.4,5396.7,13733
2024-07-15 14:45:00+05:30,5396.7,5406.9,5385.35,5391.0,21995
2024-07-15 15:00:00+05:30,5393.5,5393.5,5366.8,5380.4,29398
2024-07-15 15:15:00+05:30,5380.4,5399.75,5374.0,5399.75,25121
2024-07-16 09:15:00+05:30,5445.0,5445.0,5378.15,5381.0,11775
2024-07-16 09:30:00+05:30,5381.0,5386.8,5364.7,5370.05,12630
2024-07-16 09:45:00+05:30,5370.05,5410.0,5370.0,5387.6,6687
2024-07-16 10:00:00+05:30,5387.6,5387.6,5368.6,5377.3,8484
2024-07-16 10:15:00+05:30,5377.0,5393.75,5365.0,5367.2,9922
2024-07-16 10:30:00+05:30,5367.2,5379.3,5366.2,5378.25,4186
2024-07-16 10:45:00+05:30,5378.25,5393.25,5377.7,5393.25,3108
2024-07-16 11:00:00+05:30,5393.25,5400.0,5391.9,5394.9,2154
2024-07-16 11:15:00+05:30,5394.9,5394.9,5380.5,5383.45,2009
2024-07-16 11:30:00+05:30,5383.45,5384.35,5347.4,5347.4,5636
2024-07-16 11:45:00+05:30,5352.15,5352.15,5330.05,5342.1,6333
2024-07-16 12:00:00+05:30,5342.1,5342.95,5335.0,5338.65,3474
2024-07-16 12:15:00+05:30,5340.05,5348.2,5337.25,5338.9,1968
2024-07-16 12:30:00+05:30,5340.95,5350.35,5322.0,5325.4,10108
2024-07-16 12:45:00+05:30,5325.4,5329.9,5319.0,5323.4,3673
2024-07-16 13:00:00+05:30,5323.4,5330.8,5322.1,5324.95,2156
2024-07-16 13:15:00+05:30,5324.95,5324.95,5299.0,5300.0,11017
2024-07-16 13:30:00+05:30,5300.25,5316.8,5295.1,5313.1,4194
2024-07-16 13:45:00+05:30,5313.1,5328.95,5300.0,5312.6,17755
2024-07-16 14:00:00+05:30,5312.6,5323.0,5297.7,5304.95,18008
2024-07-16 14:15:00+05:30,5305.65,5317.7,5301.7,5310.0,4006
2024-07-16 14:30:00+05:30,5310.0,5312.45,5271.65,5296.55,44462
2024-07-16 14:45:00+05:30,5297.65,5306.85,5295.0,5300.5,4787
2024-07-16 15:00:00+05:30,5300.5,5312.6,5298.95,5300.2,8775
2024-07-16 15:15:00+05:30,5300.2,5300.7,5283.45,5294.0,21500
2024-07-18 09:15:00+05:30,5330.0,5330.0,5258.9,5285.0,5875
2024-07-18 09:30:00+05:30,5283.1,5283.25,5233.0,5248.55,5581
2024-07-18 09:45:00+05:30,5249.25,5258.75,5220.0,5234.55,6439
2024-07-18 10:00:00+05:30,5234.55,5258.75,5227.45,5254.6,4570
2024-07-18 10:15:00+05:30,5257.4,5257.45,5210.0,5213.2,5673
2024-07-18 10:30:00+05:30,5214.9,5248.3,5200.0,5242.7,7589
2024-07-18 10:45:00+05:30,5242.7,5249.95,5230.7,5238.25,5915
2024-07-18 11:00:00+05:30,5238.25,5239.35,5224.6,5234.55,5021
2024-07-18 11:15:00+05:30,5234.6,5235.35,5194.15,5203.25,7834
2024-07-18 11:30:00+05:30,5203.25,5213.5,5191.25,5212.85,4809
2024-07-18 11:45:00+05:30,5212.85,5219.75,5204.3,5207.95,4607
2024-07-18 12:00:00+05:30,5207.9,5213.95,5190.0,5210.55,4800
2024-07-18 12:15:00+05:30,5210.55,5211.25,5200.0,5203.3,2776
2024-07-18 12:30:00+05:30,5203.3,5216.8,5199.9,5213.9,3326
2024-07-18 12:45:00+05:30,5211.8,5224.05,5202.7,5214.95,4414
2024-07-18 13:00:00+05:30,5214.95,5240.0,5210.95,5236.6,4007
2024-07-18 13:15:00+05:30,5236.6,5240.05,5226.85,5232.05,3228
2024-07-18 13:30:00+05:30,5231.95,5236.1,5220.0,5227.35,2765
2024-07-18 13:45:00+05:30,5227.35,5248.45,5224.55,5244.7,4990
2024-07-18 14:00:00+05:30,5244.7,5263.15,5241.45,5260.0,4010
2024-07-18 14:15:00+05:30,5258.3,5263.95,5245.7,5248.85,5383
2024-07-18 14:30:00+05:30,5249.0,5260.0,5240.35,5260.0,7613
2024-07-18 14:45:00+05:30,5262.4,5278.15,5259.4,5268.8,5407
2024-07-18 15:00:00+05:30,5268.8,5280.0,5268.7,5271.15,7135
2024-07-18 15:15:00+05:30,5270.9,5280.0,5252.4,5254.25,9492
2024-07-19 09:15:00+05:30,5250.0,5268.25,5195.0,5230.95,5508
2024-07-19 09:30:00+05:30,5230.95,5233.65,5211.0,5215.3,2646
2024-07-19 09:45:00+05:30,5215.3,5219.75,5200.0,5214.9,2964
2024-07-19 10:00:00+05:30,5214.9,5215.35,5190.05,5192.7,3532
2024-07-19 10:15:00+05:30,5195.15,5204.8,5185.55,5193.4,7953
2024-07-19 10:30:00+05:30,5193.4,5195.55,5168.95,5188.65,2956
2024-07-19 10:45:00+05:30,5188.65,5189.55,5166.1,5171.65,1486
2024-07-19 11:00:00+05:30,5171.65,5186.35,5159.3,5182.6,2508
2024-07-19 11:15:00+05:30,5182.5,5197.4,5175.0,5195.25,3528
2024-07-19 11:30:00+05:30,5195.25,5200.45,5180.2,5193.85,2334
2024-07-19 11:45:00+05:30,5193.85,5193.95,5171.35,5174.5,2126
2024-07-19 12:00:00+05:30,5174.5,5214.95,5170.2,5214.95,5154
2024-07-19 12:15:00+05:30,5214.95,5219.35,5195.0,5210.7,6166
2024-07-19 12:30:00+05:30,5210.7,5220.0,5175.05,5191.85,6965
2024-07-19 12:45:00+05:30,5191.85,5202.85,5172.05,5174.2,4178
2024-07-19 13:00:00+05:30,5174.2,5186.05,5168.15,5173.0,3536
2024-07-19 13:15:00+05:30,5173.0,5180.0,5164.5,5174.35,3645
2024-07-19 13:30:00+05:30,5174.35,5182.5,5155.1,5159.4,3877
2024-07-19 13:45:00+05:30,5159.4,5183.8,5154.0,5179.7,5213
2024-07-19 14:00:00+05:30,5179.7,5182.35,5140.55,5143.65,6568
2024-07-19 14:15:00+05:30,5143.65,5144.0,5124.25,5139.75,6430
2024-07-19 14:30:00+05:30,5139.75,5139.8,5116.65,5126.0,5259
2024-07-19 14:45:00+05:30,5126.0,5148.8,5123.15,5138.4,9491
2024-07-19 15:00:00+05:30,5136.7,5140.9,5121.25,5128.25,10364
2024-07-19 15:15:00+05:30,5128.25,5149.45,5111.55,5144.0,15032
2024-07-22 09:15:00+05:30,5130.0,5171.95,5087.0,5171.95,5267
2024-07-22 09:30:00+05:30,5171.95,5207.8,5165.15,5200.0,3194
2024-07-22 09:45:00+05:30,5200.0,5201.95,5182.15,5195.35,3370
2024-07-22 10:00:00+05:30,5195.35,5222.45,5187.05,5216.65,4494
2024-07-22 10:15:00+05:30,5216.65,5233.55,5210.2,5229.6,3225
2024-07-22 10:30:00+05:30,5229.6,5240.95,5228.3,5236.75,3038
2024-07-22 10:45:00+05:30,5236.75,5243.95,5162.45,5203.4,6605
2024-07-22 11:00:00+05:30,5201.35,5206.45,5176.55,5185.0,5648
2024-07-22 11:15:00+05:30,5185.0,5203.8,5176.55,5200.0,2909
2024-07-22 11:30:00+05:30,5200.0,5207.0,5191.5,5201.5,4024
2024-07-22 11:45:00+05:30,5201.5,5205.65,5185.15,5194.9,5510
2024-07-22 12:00:00+05:30,5194.9,5200.0,5181.35,5199.25,3789
2024-07-22 12:15:00+05:30,5199.2,5200.0,5192.6,5196.85,3621
2024-07-22 12:30:00+05:30,5196.15,5208.0,5196.1,5208.0,3272
2024-07-22 12:45:00+05:30,5208.0,5229.0,5200.55,5217.75,17350
2024-07-22 13:00:00+05:30,5217.75,5227.45,5210.2,5220.0,3219
2024-07-22 13:15:00+05:30,5219.9,5236.3,5219.2,5226.85,4091
2024-07-22 13:30:00+05:30,5226.85,5240.0,5226.85,5237.5,3120
2024-07-22 13:45:00+05:30,5237.5,5240.55,5227.1,5233.6,3965
2024-07-22 14:00:00+05:30,5232.2,5238.5,5222.0,5222.1,5881
2024-07-22 14:15:00+05:30,5222.1,5229.3,5218.8,5226.05,4807
2024-07-22 14:30:00+05:30,5226.05,5234.25,5219.75,5232.95,5154
2024-07-22 14:45:00+05:30,5231.1,5234.1,5216.3,5221.3,6804
2024-07-22 15:00:00+05:30,5221.8,5226.05,5205.1,5218.15,11002
2024-07-22 15:15:00+05:30,5219.95,5230.0,5189.9,5230.0,9564
2024-07-23 09:15:00+05:30,5220.0,5234.9,5187.95,5199.15,5881
2024-07-23 09:30:00+05:30,5199.15,5214.0,5184.0,5208.7,3653
2024-07-23 09:45:00+05:30,5208.7,5239.1,5205.2,5233.0,3299
2024-07-23 10:00:00+05:30,5233.0,5235.0,5211.9,5218.75,3812
2024-07-23 10:15:00+05:30,5218.75,5218.75,5195.0,5196.35,3162
2024-07-23 10:30:00+05:30,5196.85,5200.45,5182.65,5189.05,3081
2024-07-23 10:45:00+05:30,5189.05,5189.05,5168.3,5176.75,3805
2024-07-23 11:00:00+05:30,5172.05,5199.0,5172.05,5197.35,2957
2024-07-23 11:15:00+05:30,5197.35,5197.7,5163.05,5183.85,3789
2024-07-23 11:30:00+05:30,5183.85,5199.95,5176.05,5199.95,4956
2024-07-23 11:45:00+05:30,5199.95,5210.0,5188.55,5194.55,3923
2024-07-23 12:00:00+05:30,5193.25,5224.9,5182.65,5205.3,4154
2024-07-23 12:15:00+05:30,5205.3,5205.45,5107.6,5111.55,13389
2024-07-23 12:30:00+05:30,5107.65,5190.25,5030.4,5175.5,11550
2024-07-23 12:45:00+05:30,5175.5,5192.95,5158.15,5185.45,2626
2024-07-23 13:00:00+05:30,5191.45,5204.4,5176.7,5177.2,3664
2024-07-23 13:15:00+05:30,5177.2,5190.95,5162.05,5184.8,2392
2024-07-23 13:30:00+05:30,5184.8,5186.1,5155.0,5157.65,2137
2024-07-23 13:45:00+05:30,5157.65,5190.45,5150.5,5181.4,2085
2024-07-23 14:00:00+05:30,5184.4,5204.8,5184.4,5197.8,2255
2024-07-23 14:15:00+05:30,5197.8,5201.3,5181.0,5192.2,1732
2024-07-23 14:30:00+05:30,5192.2,5196.85,5185.0,5189.1,1942
2024-07-23 14:45:00+05:30,5189.1,5208.95,5186.25,5189.7,2763
2024-07-23 15:00:00+05:30,5189.7,5198.95,5170.0,5176.0,6239
2024-07-23 15:15:00+05:30,5177.3,5202.3,5161.05,5202.3,10194
2024-07-24 09:15:00+05:30,5207.9,5208.0,5160.65,5177.0,3160
2024-07-24 09:30:00+05:30,5177.0,5200.25,5170.95,5186.3,1588
2024-07-24 09:45:00+05:30,5186.3,5210.6,5186.3,5203.6,3109
2024-07-24 10:00:00+05:30,5203.6,5240.95,5200.65,5230.85,4925
2024-07-24 10:15:00+05:30,5232.7,5248.0,5216.0,5225.0,10492
2024-07-24 10:30:00+05:30,5225.0,5225.0,5192.2,5212.45,2857
2024-07-24 10:45:00+05:30,5212.45,5238.0,5209.05,5232.55,1732
2024-07-24 11:00:00+05:30,5230.6,5259.55,5227.95,5257.4,4255
2024-07-24 11:15:00+05:30,5257.4,5270.2,5229.05,5250.0,11037
2024-07-24 11:30:00+05:30,5250.0,5259.55,5250.0,5256.1,1621
2024-07-24 11:45:00+05:30,5258.75,5271.75,5255.1,5267.6,3681
2024-07-24 12:00:00+05:30,5267.6,5270.05,5250.0,5251.75,2238
2024-07-24 12:15:00+05:30,5250.25,5250.45,5200.15,5214.05,11669
2024-07-24 12:30:00+05:30,5214.05,5243.35,5213.9,5224.7,3398
2024-07-24 12:45:00+05:30,5226.0,5226.0,5210.8,5212.8,4598
2024-07-24 13:00:00+05:30,5213.1,5222.45,5210.6,5218.05,2726
2024-07-24 13:15:00+05:30,5218.45,5224.85,5212.6,5214.9,1678
2024-07-24 13:30:00+05:30,5214.05,5217.8,5197.65,5199.85,3402
2024-07-24 13:45:00+05:30,5199.85,5220.7,5199.0,5212.2,2948
2024-07-24 14:00:00+05:30,5212.2,5219.1,5192.2,5198.4,3708
2024-07-24 14:15:00+05:30,5198.4,5200.0,5187.15,5193.0,2150
2024-07-24 14:30:00+05:30,5193.0,5205.55,5192.6,5199.25,4849
2024-07-24 14:45:00+05:30,5196.55,5199.45,5179.5,5183.8,6028
2024-07-24 15:00:00+05:30,5183.8,5201.75,5171.1,5199.05,7163
2024-07-24 15:15:00+05:30,5199.05,5200.0,5185.75,5185.75,7265
2024-07-25 09:15:00+05:30,5155.0,5166.85,5139.05,5160.05,4218
2024-07-25 09:30:00+05:30,5160.05,5176.7,5156.3,5166.6,1225
2024-07-25 09:45:00+05:30,5166.6,5166.6,5148.8,5155.95,1371
2024-07-25 10:00:00+05:30,5155.95,5156.0,5146.55,5153.85,574
2024-07-25 10:15:00+05:30,5153.85,5154.8,5145.8,5152.9,1030
2024-07-25 10:30:00+05:30,5152.9,5156.2,5146.55,5146.8,687
2024-07-25 10:45:00+05:30,5146.8,5171.95,5146.6,5171.95,1090
2024-07-25 11:00:00+05:30,5171.95,5191.45,5167.05,5187.6,1002
2024-07-25 11:15:00+05:30,5187.6,5188.1,5170.5,5173.3,1786
2024-07-25 11:30:00+05:30,5173.3,5179.6,5158.2,5159.75,1331
2024-07-25 11:45:00+05:30,5159.75,5188.0,5159.75,5173.3,7935
2024-07-25 12:00:00+05:30,5173.3,5181.25,5168.3,5177.95,1866
2024-07-25 12:15:00+05:30,5178.1,5180.5,5176.6,5179.2,1772
2024-07-25 12:30:00+05:30,5179.2,5180.0,5174.2,5178.4,1247
2024-07-25 12:45:00+05:30,5178.4,5202.15,5178.4,5184.55,11540
2024-07-25 13:00:00+05:30,5184.55,5206.45,5179.45,5196.9,11968
2024-07-25 13:15:00+05:30,5196.9,5200.15,5171.4,5171.4,3486
2024-07-25 13:30:00+05:30,5171.4,5186.85,5160.15,5160.15,4131
2024-07-25 13:45:00+05:30,5162.6,5168.95,5156.3,5165.95,2262
2024-07-25 14:00:00+05:30,5168.75,5174.2,5161.7,5173.05,1895
2024-07-25 14:15:00+05:30,5173.05,5179.45,5163.1,5171.5,3551
2024-07-25 14:30:00+05:30,5171.5,5171.5,5152.85,5156.3,2558
2024-07-25 14:45:00+05:30,5156.3,5173.05,5156.3,5160.5,2864
2024-07-25 15:00:00+05:30,5160.5,5184.55,5159.7,5180.5,6486
2024-07-25 15:15:00+05:30,5181.85,5196.0,5176.6,5179.1,14310
2024-07-26 09:15:00+05:30,5209.95,5239.4,5189.25,5218.9,6967
2024-07-26 09:30:00+05:30,5218.9,5255.95,5218.55,5247.75,4890
2024-07-26 09:45:00+05:30,5247.75,5269.8,5247.2,5265.7,5212
2024-07-26 10:00:00+05:30,5265.7,5307.7,5262.55,5293.1,11793
2024-07-26 10:15:00+05:30,5293.1,5315.0,5289.05,5298.45,6156
2024-07-26 10:30:00+05:30,5298.45,5314.85,5297.05,5309.05,4460
2024-07-26 10:45:00+05:30,5309.05,5316.85,5290.85,5296.0,2849
2024-07-26 11:00:00+05:30,5296.0,5311.3,5283.1,5283.1,7434
2024-07-26 11:15:00+05:30,5283.1,5302.2,5283.1,5290.45,14946
2024-07-26 11:30:00+05:30,5290.45,5293.25,5279.95,5279.95,7386
2024-07-26 11:45:00+05:30,5279.95,5283.6,5272.6,5278.9,4919
2024-07-26 12:00:00+05:30,5278.9,5279.9,5266.8,5269.9,7693
2024-07-26 12:15:00+05:30,5269.9,5270.75,5255.75,5255.8,2457
2024-07-26 12:30:00+05:30,5255.8,5280.85,5252.0,5273.95,7316
2024-07-26 12:45:00+05:30,5271.05,5280.0,5269.45,5275.15,4925
2024-07-26 13:00:00+05:30,5275.15,5292.5,5273.85,5286.75,6127
2024-07-26 13:15:00+05:30,5286.75,5294.4,5286.75,5288.05,4849
2024-07-26 13:30:00+05:30,5288.05,5290.0,5282.0,5285.75,3798
2024-07-26 13:45:00+05:30,5285.75,5286.95,5269.25,5279.0,3248
2024-07-26 14:00:00+05:30,5279.0,5284.75,5270.15,5280.85,5042
2024-07-26 14:15:00+05:30,5280.85,5297.7,5280.8,5292.2,1891
2024-07-26 14:30:00+05:30,5292.2,5299.0,5290.0,5290.05,2677
2024-07-26 14:45:00+05:30,5290.45,5296.15,5287.9,5293.25,5340
2024-07-26 15:00:00+05:30,5293.3,5297.6,5276.0,5288.05,17227
2024-07-26 15:15:00+05:30,5287.75,5314.9,5282.3,5314.0,20365
2024-07-29 09:15:00+05:30,5325.0,5347.95,5286.25,5291.8,5314
2024-07-29 09:30:00+05:30,5293.25,5295.85,5270.85,5277.65,2795
2024-07-29 09:45:00+05:30,5277.8,5313.15,5275.55,5313.15,3948
2024-07-29 10:00:00+05:30,5313.4,5316.5,5291.0,5291.0,3074
2024-07-29 10:15:00+05:30,5291.05,5304.7,5288.65,5293.55,3350
2024-07-29 10:30:00+05:30,5293.55,5293.55,5282.0,5282.4,2086
2024-07-29 10:45:00+05:30,5282.25,5291.75,5263.2,5278.7,6404
2024-07-29 11:00:00+05:30,5278.7,5282.95,5264.9,5268.05,1900
2024-07-29 11:15:00+05:30,5268.05,5284.45,5267.7,5270.15,3462
2024-07-29 11:30:00+05:30,5270.15,5275.45,5266.1,5268.95,2082
2024-07-29 11:45:00+05:30,5268.95,5271.3,5235.1,5236.5,5991
2024-07-29 12:00:00+05:30,5237.0,5241.7,5229.0,5234.4,3425
2024-07-29 12:15:00+05:30,5234.4,5246.95,5228.0,5238.0,10397
2024-07-29 12:30:00+05:30,5238.0,5252.1,5231.25,5240.3,5863
2024-07-29 12:45:00+05:30,5240.3,5244.45,5232.95,5235.7,4572
2024-07-29 13:00:00+05:30,5235.7,5246.35,5228.2,5228.2,6748
2024-07-29 13:15:00+05:30,5229.8,5233.0,5225.0,5226.1,7675
2024-07-29 13:30:00+05:30,5226.0,5236.45,5225.0,5230.7,6023
2024-07-29 13:45:00+05:30,5236.1,5238.0,5211.65,5212.0,8673
2024-07-29 14:00:00+05:30,5211.6,5216.95,5202.9,5208.45,6462
2024-07-29 14:15:00+05:30,5208.45,5220.45,5207.5,5217.7,5916
2024-07-29 14:30:00+05:30,5217.05,5223.0,5206.45,5210.9,6249
2024-07-29 14:45:00+05:30,5209.45,5212.95,5198.15,5208.1,8551
2024-07-29 15:00:00+05:30,5208.1,5210.15,5192.55,5193.6,15716
2024-07-29 15:15:00+05:30,5195.2,5211.25,5194.9,5209.0,12561
2024-07-30 09:15:00+05:30,5224.9,5224.9,5187.3,5203.45,5838
2024-07-30 09:30:00+05:30,5203.45,5210.95,5182.6,5191.85,6224
2024-07-30 09:45:00+05:30,5194.05,5201.95,5185.05,5192.25,3400
2024-07-30 10:00:00+05:30,5188.6,5198.0,5180.0,5187.0,4162
2024-07-30 10:15:00+05:30,5187.0,5203.05,5182.3,5194.7,2301
2024-07-30 10:30:00+05:30,5194.7,5199.0,5188.05,5191.0,3325
2024-07-30 10:45:00+05:30,5190.05,5220.05,5190.05,5220.05,5074
2024-07-30 11:00:00+05:30,5220.95,5222.95,5202.0,5211.9,4475
2024-07-30 11:15:00+05:30,5211.9,5211.9,5194.8,5196.4,3529
2024-07-30 11:30:00+05:30,5196.1,5206.3,5195.1,5202.75,2139
2024-07-30 11:45:00+05:30,5202.75,5204.8,5195.0,5200.0,2706
2024-07-30 12:00:00+05:30,5200.0,5220.8,5196.05,5217.9,31821
2024-07-30 12:15:00+05:30,5217.9,5220.0,5204.0,5209.0,3355
2024-07-30 12:30:00+05:30,5209.0,5217.65,5203.55,5211.35,3249
2024-07-30 12:45:00+05:30,5211.35,5218.6,5205.0,5215.0,2749
2024-07-30 13:00:00+05:30,5215.0,5218.4,5203.0,5211.35,1675
2024-07-30 13:15:00+05:30,5211.35,5211.35,5204.0,5210.55,1408
2024-07-30 13:30:00+05:30,5210.55,5223.0,5205.4,5223.0,2312
2024-07-30 13:45:00+05:30,5223.0,5245.15,5222.05,5229.25,7493
2024-07-30 14:00:00+05:30,5227.15,5240.0,5227.0,5233.2,3416
2024-07-30 14:15:00+05:30,5235.7,5245.05,5230.0,5241.1,2697
2024-07-30 14:30:00+05:30,5241.1,5245.0,5231.5,5232.1,3815
2024-07-30 14:45:00+05:30,5232.1,5239.7,5230.0,5230.2,4042
2024-07-30 15:00:00+05:30,5230.2,5233.15,5217.15,5221.45,7905
2024-07-30 15:15:00+05:30,5220.0,5244.7,5205.0,5205.0,8750
2024-07-31 09:15:00+05:30,5226.4,5297.75,5194.0,5279.95,11263
2024-07-31 09:30:00+05:30,5279.95,5312.0,5275.55,5303.75,9324
2024-07-31 09:45:00+05:30,5301.0,5307.5,5279.0,5297.4,6761
2024-07-31 10:00:00+05:30,5297.4,5300.0,5290.0,5290.0,2194
2024-07-31 10:15:00+05:30,5290.0,5298.95,5277.55,5285.85,2589
2024-07-31 10:30:00+05:30,5285.85,5290.25,5274.0,5278.8,2117
2024-07-31 10:45:00+05:30,5278.8,5290.0,5260.45,5264.65,3401
2024-07-31 11:00:00+05:30,5264.65,5267.6,5240.6,5264.25,3110
2024-07-31 11:15:00+05:30,5264.25,5264.25,5247.95,5255.0,1747
2024-07-31 11:30:00+05:30,5255.0,5289.85,5252.4,5281.45,6844
2024-07-31 11:45:00+05:30,5281.45,5285.0,5271.5,5275.25,4197
2024-07-31 12:00:00+05:30,5275.25,5284.4,5260.0,5281.0,6380
2024-07-31 12:15:00+05:30,5281.0,5283.95,5273.5,5281.35,1993
2024-07-31 12:30:00+05:30,5281.35,5282.85,5274.0,5281.9,1432
2024-07-31 12:45:00+05:30,5281.9,5290.0,5276.2,5286.0,4505
2024-07-31 13:00:00+05:30,5286.4,5309.0,5286.0,5306.65,6082
2024-07-31 13:15:00+05:30,5306.65,5320.0,5295.2,5316.45,59030
2024-07-31 13:30:00+05:30,5316.45,5316.45,5304.45,5306.5,4594
2024-07-31 13:45:00+05:30,5306.5,5328.0,5294.55,5324.0,7865
2024-07-31 14:00:00+05:30,5324.0,5342.3,5324.0,5333.05,8173
2024-07-31 14:15:00+05:30,5334.0,5344.9,5331.7,5344.4,6031
2024-07-31 14:30:00+05:30,5341.5,5341.5,5315.3,5316.2,4562
2024-07-31 14:45:00+05:30,5313.05,5316.85,5301.0,5304.4,5001
2024-07-31 15:00:00+05:30,5304.4,5315.35,5299.55,5303.15,10922
2024-07-31 15:15:00+05:30,5303.3,5333.95,5302.05,5321.2,13560
2024-08-01 09:15:00+05:30,5353.0,5405.85,5332.55,5373.15,23288
2024-08-01 09:30:00+05:30,5373.15,5384.95,5338.9,5341.75,8535
2024-08-01 09:45:00+05:30,5341.75,5352.5,5335.0,5337.05,3587
2024-08-01 10:00:00+05:30,5337.05,5340.0,5297.0,5297.0,5865
2024-08-01 10:15:00+05:30,5297.0,5329.65,5294.1,5326.4,4324
2024-08-01 10:30:00+05:30,5325.15,5331.0,5305.55,5307.85,13333
2024-08-01 10:45:00+05:30,5307.85,5334.6,5302.0,5304.55,6185
2024-08-01 11:00:00+05:30,5304.55,5320.0,5301.1,5316.65,4213
2024-08-01 11:15:00+05:30,5316.65,5324.9,5308.55,5320.1,2063
2024-08-01 11:30:00+05:30,5320.1,5326.45,5310.65,5312.15,2392
2024-08-01 11:45:00+05:30,5312.15,5312.2,5278.95,5283.0,4013
2024-08-01 12:00:00+05:30,5283.0,5286.7,5263.05,5263.05,3696
2024-08-01 12:15:00+05:30,5265.3,5273.0,5257.7,5270.0,2875
2024-08-01 12:30:00+05:30,5270.0,5297.5,5270.0,5292.1,4928
2024-08-01 12:45:00+05:30,5292.1,5320.45,5287.7,5304.1,5725
2024-08-01 13:00:00+05:30,5304.1,5321.1,5302.9,5310.1,2296
2024-08-01 13:15:00+05:30,5310.1,5321.0,5302.25,5307.9,3644
2024-08-01 13:30:00+05:30,5307.9,5307.9,5284.9,5293.1,2028
2024-08-01 13:45:00+05:30,5293.1,5298.3,5285.7,5294.8,1526
2024-08-01 14:00:00+05:30,5294.8,5303.15,5285.0,5291.35,2197
2024-08-01 14:15:00+05:30,5291.35,5293.8,5270.0,5272.95,2791
2024-08-01 14:30:00+05:30,5272.0,5279.65,5262.6,5277.65,2715
2024-08-01 14:45:00+05:30,5277.05,5286.95,5251.1,5258.0,5044
2024-08-01 15:00:00+05:30,5257.45,5276.3,5255.4,5273.0,12544
2024-08-01 15:15:00+05:30,5271.4,5291.1,5256.35,5273.0,16979
2024-08-02 09:15:00+05:30,5200.0,5286.6,5200.0,5269.5,5204
2024-08-02 09:30:00+05:30,5269.5,5274.55,5242.7,5248.0,1667
2024-08-02 09:45:00+05:30,5248.0,5248.0,5214.65,5222.1,4841
2024-08-02 10:00:00+05:30,5222.1,5236.45,5201.25,5232.0,2854
2024-08-02 10:15:00+05:30,5233.45,5247.95,5232.0,5244.1,1246
2024-08-02 10:30:00+05:30,5244.1,5295.0,5240.25,5288.1,5082
2024-08-02 10:45:00+05:30,5288.1,5297.3,5282.1,5289.85,1848
2024-08-02 11:00:00+05:30,5289.85,5313.35,5282.05,5298.75,4163
2024-08-02 11:15:00+05:30,5298.75,5308.35,5291.0,5295.0,1170
2024-08-02 11:30:00+05:30,5295.0,5296.5,5287.0,5294.3,670
2024-08-02 11:45:00+05:30,5294.3,5297.85,5283.05,5293.35,1681
2024-08-02 12:00:00+05:30,5293.35,5295.1,5286.0,5290.6,819
2024-08-02 12:15:00+05:30,5287.55,5303.95,5287.55,5296.65,1628
2024-08-02 12:30:00+05:30,5296.65,5303.0,5292.05,5301.6,1465
2024-08-02 12:45:00+05:30,5301.6,5306.85,5297.7,5306.85,809
2024-08-02 13:00:00+05:30,5306.9,5315.0,5305.05,5307.5,1749
2024-08-02 13:15:00+05:30,5307.5,5319.95,5306.75,5317.8,811
2024-08-02 13:30:00+05:30,5317.8,5324.9,5310.05,5319.95,1818
2024-08-02 13:45:00+05:30,5319.95,5329.95,5313.05,5324.8,1747
2024-08-02 14:00:00+05:30,5324.8,5344.45,5314.2,5318.85,7816
2024-08-02 14:15:00+05:30,5318.85,5331.3,5308.75,5323.65,6954
2024-08-02 14:30:00+05:30,5323.65,5326.6,5314.0,5315.35,6598
2024-08-02 14:45:00+05:30,5315.35,5315.35,5297.85,5307.4,5948
2024-08-02 15:00:00+05:30,5309.0,5309.95,5280.9,5295.3,9612
2024-08-02 15:15:00+05:30,5295.35,5317.95,5292.05,5306.0,4564
2024-08-05 09:15:00+05:30,5200.05,5238.15,5164.75,5221.0,8118
2024-08-05 09:30:00+05:30,5221.0,5252.1,5211.1,5244.3,7700
2024-08-05 09:45:00+05:30,5244.3,5275.85,5240.0,5262.05,8297
2024-08-05 10:00:00+05:30,5262.05,5307.85,5257.35,5303.65,17517
2024-08-05 10:15:00+05:30,5303.65,5313.6,5261.65,5261.65,13845
2024-08-05 10:30:00+05:30,5261.65,5270.95,5239.05,5247.0,3954
2024-08-05 10:45:00+05:30,5247.3,5251.85,5233.65,5234.35,2403
2024-08-05 11:00:00+05:30,5234.35,5255.9,5210.7,5255.9,32204
2024-08-05 11:15:00+05:30,5255.95,5283.6,5230.0,5276.9,37056
2024-08-05 11:30:00+05:30,5276.9,5308.1,5250.0,5304.7,15281
2024-08-05 11:45:00+05:30,5304.7,5323.35,5288.2,5297.5,10250
2024-08-05 12:00:00+05:30,5297.5,5312.0,5295.0,5308.0,5393
2024-08-05 12:15:00+05:30,5308.0,5316.0,5301.75,5307.0,3609
2024-08-05 12:30:00+05:30,5307.0,5307.3,5290.0,5290.0,9879
2024-08-05 12:45:00+05:30,5290.0,5307.0,5281.55,5281.55,17595
2024-08-05 13:00:00+05:30,5281.55,5296.95,5272.1,5293.1,7027
2024-08-05 13:15:00+05:30,5293.1,5297.15,5276.4,5297.15,3280
2024-08-05 13:30:00+05:30,5296.0,5346.8,5283.05,5339.95,10884
2024-08-05 13:45:00+05:30,5343.0,5368.3,5340.0,5340.0,34546
2024-08-05 14:00:00+05:30,5340.0,5360.0,5330.05,5331.7,78600
2024-08-05 14:15:00+05:30,5336.4,5340.8,5305.2,5307.35,8791
2024-08-05 14:30:00+05:30,5306.85,5320.1,5295.3,5315.95,30321
2024-08-05 14:45:00+05:30,5315.95,5321.8,5306.65,5310.9,3695
2024-08-05 15:00:00+05:30,5311.95,5319.6,5299.55,5311.55,12676
2024-08-05 15:15:00+05:30,5311.6,5319.9,5306.9,5307.9,14032
2024-08-06 09:15:00+05:30,5400.0,5400.0,5325.7,5350.0,21998
2024-08-06 09:30:00+05:30,5350.0,5377.4,5345.35,5350.35,11497
2024-08-06 09:45:00+05:30,5352.7,5398.95,5341.45,5391.0,13855
2024-08-06 10:00:00+05:30,5390.0,5434.8,5370.1,5433.0,25955
2024-08-06 10:15:00+05:30,5432.0,5445.95,5414.45,5425.0,14052
2024-08-06 10:30:00+05:30,5424.95,5424.95,5380.0,5388.55,14502
2024-08-06 10:45:00+05:30,5392.05,5424.15,5388.6,5414.05,7603
2024-08-06 11:00:00+05:30,5414.05,5433.35,5403.85,5417.4,6906
2024-08-06 11:15:00+05:30,5419.2,5443.95,5417.7,5429.95,13447
2024-08-06 11:30:00+05:30,5429.95,5434.0,5420.2,5430.45,3445
2024-08-06 11:45:00+05:30,5430.45,5439.5,5420.0,5424.9,6547
2024-08-06 12:00:00+05:30,5424.9,5426.95,5410.05,5423.6,4277
2024-08-06 12:15:00+05:30,5423.6,5429.95,5410.85,5413.45,5524
2024-08-06 12:30:00+05:30,5413.45,5424.25,5403.4,5405.8,6570
2024-08-06 12:45:00+05:30,5405.8,5427.55,5401.6,5424.8,5628
2024-08-06 13:00:00+05:30,5424.8,5427.55,5404.05,5407.8,3892
2024-08-06 13:15:00+05:30,5407.8,5410.65,5400.05,5402.45,2190
2024-08-06 13:30:00+05:30,5402.75,5405.75,5392.55,5400.9,18947
2024-08-06 13:45:00+05:30,5400.9,5417.2,5379.5,5417.2,29638
2024-08-06 14:00:00+05:30,5419.0,5423.95,5380.0,5385.55,33306
2024-08-06 14:15:00+05:30,5389.7,5389.7,5347.75,5376.3,11732
2024-08-06 14:30:00+05:30,5376.45,5377.85,5347.25,5351.45,4571
2024-08-06 14:45:00+05:30,5352.25,5353.95,5329.9,5346.8,9852
2024-08-06 15:00:00+05:30,5346.65,5348.75,5307.9,5310.3,9404
2024-08-06 15:15:00+05:30,5308.1,5365.0,5304.6,5307.0,9185
2024-08-07 09:15:00+05:30,5337.9,5454.95,5337.9,5442.1,33991
2024-08-07 09:30:00+05:30,5442.05,5488.0,5416.0,5455.3,41791
2024-08-07 09:45:00+05:30,5457.0,5498.55,5437.55,5444.25,23112
2024-08-07 10:00:00+05:30,5444.25,5450.95,5422.8,5426.1,15624
2024-08-07 10:15:00+05:30,5425.0,5440.4,5395.65,5436.05,25522
2024-08-07 10:30:00+05:30,5436.25,5443.7,5411.0,5423.05,13199
2024-08-07 10:45:00+05:30,5423.05,5437.0,5417.65,5431.05,5568
2024-08-07 11:00:00+05:30,5432.35,5458.8,5430.75,5455.8,10234
2024-08-07 11:15:00+05:30,5456.55,5465.45,5440.05,5449.35,14618
2024-08-07 11:30:00+05:30,5449.65,5478.25,5444.05,5467.7,19123
2024-08-07 11:45:00+05:30,5465.2,5475.9,5450.05,5454.5,12542
2024-08-07 12:00:00+05:30,5455.35,5469.6,5454.1,5468.55,9074
2024-08-07 12:15:00+05:30,5468.75,5471.2,5460.85,5469.9,6571
2024-08-07 12:30:00+05:30,5471.0,5471.0,5446.1,5467.4,10233
2024-08-07 12:45:00+05:30,5467.4,5474.9,5461.05,5471.45,6876
2024-08-07 13:00:00+05:30,5471.45,5485.5,5463.25,5479.6,8730
2024-08-07 13:15:00+05:30,5481.3,5499.95,5448.1,5450.75,36267
2024-08-07 13:30:00+05:30,5451.75,5483.85,5441.15,5480.95,12924
2024-08-07 13:45:00+05:30,5480.95,5495.0,5460.05,5492.95,14017
2024-08-07 14:00:00+05:30,5489.75,5500.0,5487.15,5496.1,18723
2024-08-07 14:15:00+05:30,5495.0,5500.0,5448.4,5458.8,11659
2024-08-07 14:30:00+05:30,5458.8,5482.5,5457.5,5476.65,7194
2024-08-07 14:45:00+05:30,5477.4,5507.5,5470.0,5500.7,14181
2024-08-07 15:00:00+05:30,5503.5,5524.45,5494.8,5513.0,22426
2024-08-07 15:15:00+05:30,5513.0,5524.75,5502.55,5517.15,22814
2024-08-08 09:15:00+05:30,5548.0,5550.0,5493.4,5511.9,22276
2024-08-08 09:30:00+05:30,5511.9,5580.0,5508.05,5570.7,34431
2024-08-08 09:45:00+05:30,5569.55,5588.9,5536.85,5564.9,34972
2024-08-08 10:00:00+05:30,5566.15,5620.0,5562.15,5601.05,57652
2024-08-08 10:15:00+05:30,5601.55,5668.45,5590.1,5644.85,72720
2024-08-08 10:30:00+05:30,5644.85,5700.0,5640.25,5700.0,52262
2024-08-08 10:45:00+05:30,5697.95,5700.0,5632.0,5650.0,48289
2024-08-08 11:00:00+05:30,5650.0,5699.95,5644.6,5661.7,26042
2024-08-08 11:15:00+05:30,5661.7,5690.0,5650.2,5690.0,14072
2024-08-08 11:30:00+05:30,5690.0,5690.0,5656.85,5661.0,8486
2024-08-08 11:45:00+05:30,5661.0,5676.0,5655.05,5670.95,10901
2024-08-08 12:00:00+05:30,5670.95,5700.0,5663.0,5699.0,18169
2024-08-08 12:15:00+05:30,5699.0,5714.4,5690.15,5708.5,17607
2024-08-08 12:30:00+05:30,5709.0,5717.45,5691.05,5695.7,12946
2024-08-08 12:45:00+05:30,5695.7,5723.8,5693.05,5712.8,48789
2024-08-08 13:00:00+05:30,5712.8,5717.45,5690.0,5695.2,9328
2024-08-08 13:15:00+05:30,5693.0,5694.0,5671.35,5675.1,10207
2024-08-08 13:30:00+05:30,5675.0,5708.9,5667.0,5706.0,9343
2024-08-08 13:45:00+05:30,5706.0,5708.9,5688.4,5699.95,6100
2024-08-08 14:00:00+05:30,5699.95,5712.45,5668.5,5677.85,12641
2024-08-08 14:15:00+05:30,5675.85,5690.1,5675.85,5682.6,5098
2024-08-08 14:30:00+05:30,5682.6,5719.9,5681.65,5717.95,13476
2024-08-08 14:45:00+05:30,5717.9,5746.6,5710.0,5728.8,43237
2024-08-08 15:00:00+05:30,5728.85,5728.85,5666.7,5686.0,48881
2024-08-08 15:15:00+05:30,5686.0,5702.85,5669.85,5702.75,48522
2024-08-09 09:15:00+05:30,5715.1,5745.0,5680.0,5694.0,29753
2024-08-09 09:30:00+05:30,5694.0,5715.0,5685.85,5715.0,7514
2024-08-09 09:45:00+05:30,5715.0,5739.85,5696.0,5696.0,43972
2024-08-09 10:00:00+05:30,5696.0,5700.0,5666.0,5690.0,10536
2024-08-09 10:15:00+05:30,5690.0,5694.95,5657.65,5678.8,8316
2024-08-09 10:30:00+05:30,5680.95,5693.8,5667.9,5690.2,4945
2024-08-09 10:45:00+05:30,5690.2,5700.0,5677.05,5695.4,14985
2024-08-09 11:00:00+05:30,5695.4,5700.0,5680.0,5693.85,8368
2024-08-09 11:15:00+05:30,5693.85,5709.6,5671.1,5685.5,29350
2024-08-09 11:30:00+05:30,5687.0,5693.4,5679.05,5692.65,3081
2024-08-09 11:45:00+05:30,5688.65,5692.25,5651.45,5662.85,7097
2024-08-09 12:00:00+05:30,5662.85,5673.8,5658.0,5665.4,3635
2024-08-09 12:15:00+05:30,5664.9,5671.8,5627.25,5636.3,10532
2024-08-09 12:30:00+05:30,5636.3,5666.4,5632.05,5659.85,5057
2024-08-09 12:45:00+05:30,5659.85,5700.0,5651.15,5695.1,6863
2024-08-09 13:00:00+05:30,5695.1,5759.0,5545.3,5586.5,201823
2024-08-09 13:15:00+05:30,5582.3,5785.0,5516.05,5698.55,331860
2024-08-09 13:30:00+05:30,5696.4,5700.0,5674.05,5684.2,119105
2024-08-09 13:45:00+05:30,5680.0,5710.0,5678.0,5690.95,36492
2024-08-09 14:00:00+05:30,5690.95,5700.0,5657.4,5697.45,56735
2024-08-09 14:15:00+05:30,5697.45,5700.0,5639.0,5659.65,79353
2024-08-09 14:30:00+05:30,5660.3,5684.95,5641.4,5672.55,121190
2024-08-09 14:45:00+05:30,5672.55,5748.75,5670.65,5739.5,42362
2024-08-09 15:00:00+05:30,5739.5,5825.0,5717.25,5814.95,80431
2024-08-09 15:15:00+05:30,5815.0,5848.0,5792.0,5845.0,68355
2024-08-12 09:15:00+05:30,5850.0,5850.0,5674.3,5761.4,64244
2024-08-12 09:30:00+05:30,5761.4,5797.65,5737.0,5775.2,19162
2024-08-12 09:45:00+05:30,5777.95,5789.5,5715.05,5730.0,23379
2024-08-12 10:00:00+05:30,5730.0,5765.55,5715.0,5747.2,14037
2024-08-12 10:15:00+05:30,5747.2,5757.0,5713.0,5738.9,22136
2024-08-12 10:30:00+05:30,5738.9,5750.05,5717.4,5739.5,3895
2024-08-12 10:45:00+05:30,5739.5,5744.65,5680.25,5706.95,13155
2024-08-12 11:00:00+05:30,5707.2,5712.05,5670.1,5692.9,11561
2024-08-12 11:15:00+05:30,5692.9,5702.85,5656.95,5702.85,10658
2024-08-12 11:30:00+05:30,5702.85,5715.0,5666.6,5684.05,10064
2024-08-12 11:45:00+05:30,5682.05,5718.3,5682.05,5712.05,6320
2024-08-12 12:00:00+05:30,5712.05,5731.9,5704.25,5727.95,9473
2024-08-12 12:15:00+05:30,5727.95,5750.0,5710.0,5740.0,8145
2024-08-12 12:30:00+05:30,5740.0,5744.6,5724.6,5726.55,3743
2024-08-12 12:45:00+05:30,5726.55,5730.0,5710.0,5716.15,3876
2024-08-12 13:00:00+05:30,5715.05,5740.95,5715.05,5733.0,2848
2024-08-12 13:15:00+05:30,5733.0,5740.0,5725.3,5739.45,3031
2024-08-12 13:30:00+05:30,5737.55,5739.55,5722.95,5730.05,2179
2024-08-12 13:45:00+05:30,5730.05,5740.0,5721.05,5739.95,3544
2024-08-12 14:00:00+05:30,5739.95,5743.65,5725.15,5727.95,4001
2024-08-12 14:15:00+05:30,5728.6,5734.0,5714.0,5717.25,4360
2024-08-12 14:30:00+05:30,5717.25,5723.45,5710.0,5721.7,4643
2024-08-12 14:45:00+05:30,5721.7,5725.85,5701.85,5711.7,6492
2024-08-12 15:00:00+05:30,5710.0,5723.45,5700.0,5715.55,7791
2024-08-12 15:15:00+05:30,5718.55,5723.45,5700.0,5722.85,17294
2024-08-13 09:15:00+05:30,5734.0,5734.05,5672.0,5720.0,17934
2024-08-13 09:30:00+05:30,5720.0,5732.5,5685.8,5706.0,12689
2024-08-13 09:45:00+05:30,5706.0,5722.35,5700.0,5714.05,10130
2024-08-13 10:00:00+05:30,5718.35,5775.0,5707.3,5773.65,23683
2024-08-13 10:15:00+05:30,5772.55,5780.0,5750.0,5759.9,14987
2024-08-13 10:30:00+05:30,5759.9,5795.2,5755.6,5762.05,36078
2024-08-13 10:45:00+05:30,5765.45,5775.7,5737.3,5737.5,9870
2024-08-13 11:00:00+05:30,5738.4,5749.8,5721.0,5742.75,8605
2024-08-13 11:15:00+05:30,5742.75,5751.85,5727.85,5739.85,7961
2024-08-13 11:30:00+05:30,5739.85,5747.6,5734.0,5737.85,5410
2024-08-13 11:45:00+05:30,5737.85,5747.6,5737.15,5738.0,4218
2024-08-13 12:00:00+05:30,5738.0,5747.95,5729.45,5736.05,5670
2024-08-13 12:15:00+05:30,5739.1,5739.1,5700.05,5709.55,15629
2024-08-13 12:30:00+05:30,5708.05,5715.2,5697.85,5706.7,4662
2024-08-13 12:45:00+05:30,5706.2,5712.4,5698.0,5710.0,4441
2024-08-13 13:00:00+05:30,5711.25,5718.1,5700.15,5717.25,5682
2024-08-13 13:15:00+05:30,5717.25,5733.35,5714.1,5723.65,6331
2024-08-13 13:30:00+05:30,5723.65,5725.6,5704.5,5706.0,4200
2024-08-13 13:45:00+05:30,5706.0,5711.2,5696.0,5703.3,7684
2024-08-13 14:00:00+05:30,5703.3,5711.0,5680.15,5708.5,6725
2024-08-13 14:15:00+05:30,5707.35,5709.9,5682.6,5702.95,12729
2024-08-13 14:30:00+05:30,5702.95,5710.0,5690.6,5707.05,5872
2024-08-13 14:45:00+05:30,5707.05,5714.85,5678.75,5686.05,14207
2024-08-13 15:00:00+05:30,5686.05,5716.45,5686.05,5706.15,30783
2024-08-13 15:15:00+05:30,5706.25,5717.0,5700.0,5714.5,28696
2024-08-14 09:15:00+05:30,5750.0,5750.0,5677.6,5724.6,14963
2024-08-14 09:30:00+05:30,5724.6,5725.75,5694.75,5704.8,9642
2024-08-14 09:45:00+05:30,5701.6,5743.95,5701.6,5731.65,12354
2024-08-14 10:00:00+05:30,5731.65,5766.45,5731.65,5754.75,13229
2024-08-14 10:15:00+05:30,5754.75,5792.0,5752.55,5776.4,18854
2024-08-14 10:30:00+05:30,5776.35,5816.85,5767.3,5815.25,33719
2024-08-14 10:45:00+05:30,5812.85,5815.6,5790.1,5793.85,20210
2024-08-14 11:00:00+05:30,5794.25,5796.75,5752.8,5762.05,17093
2024-08-14 11:15:00+05:30,5764.15,5777.0,5745.55,5754.2,15677
2024-08-14 11:30:00+05:30,5754.2,5757.65,5720.05,5722.85,16797
2024-08-14 11:45:00+05:30,5724.6,5725.0,5712.5,5714.55,10917
2024-08-14 12:00:00+05:30,5717.75,5718.15,5702.9,5713.15,11514
2024-08-14 12:15:00+05:30,5713.15,5715.05,5705.55,5705.85,12605
2024-08-14 12:30:00+05:30,5705.85,5710.0,5695.2,5699.0,9384
2024-08-14 12:45:00+05:30,5699.0,5702.5,5693.0,5699.95,7457
2024-08-14 13:00:00+05:30,5699.95,5702.55,5694.15,5699.95,12756
2024-08-14 13:15:00+05:30,5699.95,5700.0,5690.0,5693.15,15745
2024-08-14 13:30:00+05:30,5693.1,5696.0,5672.65,5677.35,9693
2024-08-14 13:45:00+05:30,5677.35,5684.0,5672.6,5682.45,6674
2024-08-14 14:00:00+05:30,5682.45,5689.7,5678.0,5684.55,8212
2024-08-14 14:15:00+05:30,5684.5,5693.95,5681.1,5682.4,9177
2024-08-14 14:30:00+05:30,5682.4,5693.3,5675.75,5679.5,10704
2024-08-14 14:45:00+05:30,5679.5,5689.65,5675.55,5680.0,9436
2024-08-14 15:00:00+05:30,5680.3,5685.95,5675.0,5675.05,17489
2024-08-14 15:15:00+05:30,5675.05,5690.9,5675.0,5688.6,27314
2024-08-16 09:15:00+05:30,5750.0,5750.0,5625.6,5648.15,22893
2024-08-16 09:30:00+05:30,5648.15,5673.55,5645.55,5668.7,8924
2024-08-16 09:45:00+05:30,5668.7,5677.9,5637.05,5640.0,15488
2024-08-16 10:00:00+05:30,5640.0,5659.05,5637.8,5650.6,5092
2024-08-16 10:15:00+05:30,5650.6,5660.95,5639.9,5646.35,4968
2024-08-16 10:30:00+05:30,5646.35,5666.0,5639.85,5653.0,5124
2024-08-16 10:45:00+05:30,5653.0,5666.35,5646.15,5652.1,4830
2024-08-16 11:00:00+05:30,5652.1,5655.6,5645.0,5646.9,3562
2024-08-16 11:15:00+05:30,5646.9,5662.9,5646.9,5652.0,3842
2024-08-16 11:30:00+05:30,5652.5,5676.65,5651.5,5669.4,9459
2024-08-16 11:45:00+05:30,5669.4,5671.7,5653.7,5660.0,15989
2024-08-16 12:00:00+05:30,5660.0,5662.8,5657.0,5660.0,7286
2024-08-16 12:15:00+05:30,5660.0,5679.45,5659.8,5670.0,17520
2024-08-16 12:30:00+05:30,5670.0,5674.4,5670.0,5672.45,4254
2024-08-16 12:45:00+05:30,5672.45,5676.05,5669.3,5673.2,10029
2024-08-16 13:00:00+05:30,5673.2,5675.6,5669.25,5674.85,3447
2024-08-16 13:15:00+05:30,5674.85,5684.0,5670.0,5674.55,5695
2024-08-16 13:30:00+05:30,5675.0,5679.15,5667.15,5670.0,7639
2024-08-16 13:45:00+05:30,5670.0,5670.45,5662.1,5665.0,9650
2024-08-16 14:00:00+05:30,5665.0,5680.45,5663.6,5665.0,20280
2024-08-16 14:15:00+05:30,5665.0,5677.75,5662.25,5672.25,6359
2024-08-16 14:30:00+05:30,5672.25,5674.5,5665.2,5672.8,5483
2024-08-16 14:45:00+05:30,5672.8,5683.6,5667.95,5680.05,19603
2024-08-16 15:00:00+05:30,5680.0,5684.25,5676.9,5680.0,26503
2024-08-16 15:15:00+05:30,5680.0,5701.4,5668.5,5675.0,54396
2024-08-19 09:15:00+05:30,5722.15,5722.3,5677.35,5699.1,7838
2024-08-19 09:30:00+05:30,5699.1,5705.8,5685.6,5693.2,16517
2024-08-19 09:45:00+05:30,5693.2,5699.3,5680.0,5689.1,5216
2024-08-19 10:00:00+05:30,5689.2,5695.65,5680.0,5691.0,4985
2024-08-19 10:15:00+05:30,5691.25,5700.0,5680.5,5682.85,4862
2024-08-19 10:30:00+05:30,5682.85,5691.7,5680.9,5684.9,7935
2024-08-19 10:45:00+05:30,5684.9,5687.05,5681.65,5685.85,1467
2024-08-19 11:00:00+05:30,5685.85,5688.75,5680.05,5685.0,2658
2024-08-19 11:15:00+05:30,5685.0,5689.25,5684.0,5687.2,6840
2024-08-19 11:30:00+05:30,5687.2,5724.8,5684.95,5718.0,8605
2024-08-19 11:45:00+05:30,5718.0,5730.3,5710.65,5722.5,15386
2024-08-19 12:00:00+05:30,5722.5,5728.8,5704.05,5727.2,11735
2024-08-19 12:15:00+05:30,5726.0,5764.65,5726.0,5759.1,22729
2024-08-19 12:30:00+05:30,5762.5,5762.5,5745.0,5749.75,8150
2024-08-19 12:45:00+05:30,5749.75,5751.0,5739.05,5742.4,2853
2024-08-19 13:00:00+05:30,5745.0,5749.95,5737.8,5745.25,4163
2024-08-19 13:15:00+05:30,5745.25,5749.0,5742.75,5747.0,2180
2024-08-19 13:30:00+05:30,5742.05,5750.0,5731.3,5736.0,7478
2024-08-19 13:45:00+05:30,5736.0,5738.05,5732.95,5735.25,2944
2024-08-19 14:00:00+05:30,5735.25,5738.05,5733.6,5736.95,4711
2024-08-19 14:15:00+05:30,5736.95,5752.35,5736.9,5738.8,8563
2024-08-19 14:30:00+05:30,5738.8,5742.9,5733.7,5739.55,2776
2024-08-19 14:45:00+05:30,5738.4,5740.9,5723.4,5732.45,6150
2024-08-19 15:00:00+05:30,5732.45,5745.05,5730.75,5741.35,6094
2024-08-19 15:15:00+05:30,5743.45,5753.8,5730.05,5739.95,28652
2024-08-20 09:15:00+05:30,5748.5,5754.2,5713.5,5725.15,6881
2024-08-20 09:30:00+05:30,5722.4,5739.3,5705.05,5731.3,21862
2024-08-20 09:45:00+05:30,5733.05,5737.7,5713.7,5724.7,126329
2024-08-20 10:00:00+05:30,5724.7,5748.25,5717.45,5745.6,10366
2024-08-20 10:15:00+05:30,5745.6,5798.0,5744.25,5756.4,39533
2024-08-20 10:30:00+05:30,5756.4,5785.0,5750.0,5750.0,16764
2024-08-20 10:45:00+05:30,5750.0,5754.2,5736.4,5741.75,4943
2024-08-20 11:00:00+05:30,5741.75,5741.75,5711.35,5712.05,4801
2024-08-20 11:15:00+05:30,5713.05,5732.45,5713.0,5730.85,4541
2024-08-20 11:30:00+05:30,5730.85,5731.95,5712.95,5728.7,3656
2024-08-20 11:45:00+05:30,5728.7,5743.7,5723.85,5743.7,3354
2024-08-20 12:00:00+05:30,5743.7,5749.5,5741.5,5749.45,2149
2024-08-20 12:15:00+05:30,5746.7,5755.7,5744.0,5751.45,3448
2024-08-20 12:30:00+05:30,5751.45,5760.0,5746.95,5754.65,6847
2024-08-20 12:45:00+05:30,5754.65,5757.9,5745.45,5750.0,2901
2024-08-20 13:00:00+05:30,5750.0,5751.0,5713.1,5738.45,7319
2024-08-20 13:15:00+05:30,5738.45,5740.2,5722.2,5726.5,4499
2024-08-20 13:30:00+05:30,5726.5,5732.45,5723.25,5726.25,4141
2024-08-20 13:45:00+05:30,5726.2,5730.0,5720.0,5726.0,3342
2024-08-20 14:00:00+05:30,5726.0,5726.0,5721.1,5723.75,3190
2024-08-20 14:15:00+05:30,5723.75,5725.0,5715.0,5722.9,5580
2024-08-20 14:30:00+05:30,5722.9,5732.15,5716.85,5723.25,8325
2024-08-20 14:45:00+05:30,5723.25,5730.05,5719.0,5720.2,10446
2024-08-20 15:00:00+05:30,5720.2,5740.0,5720.2,5732.55,28216
2024-08-20 15:15:00+05:30,5732.55,5746.9,5720.0,5738.15,32621
2024-08-21 09:15:00+05:30,5731.0,5767.95,5723.8,5737.35,15768
2024-08-21 09:30:00+05:30,5737.35,5765.85,5727.75,5761.9,10577
2024-08-21 09:45:00+05:30,5761.9,5798.7,5755.55,5771.6,22105
2024-08-21 10:00:00+05:30,5771.6,5792.15,5769.9,5772.8,19186
2024-08-21 10:15:00+05:30,5772.8,5786.95,5762.05,5777.75,10908
2024-08-21 10:30:00+05:30,5777.75,5823.0,5777.55,5814.55,23109
2024-08-21 10:45:00+05:30,5814.55,5828.9,5784.45,5787.65,23219
2024-08-21 11:00:00+05:30,5786.0,5801.2,5773.3,5777.0,9076
2024-08-21 11:15:00+05:30,5777.0,5798.75,5772.0,5793.6,7196
2024-08-21 11:30:00+05:30,5793.6,5799.9,5775.05,5784.0,6139
2024-08-21 11:45:00+05:30,5784.0,5798.1,5781.75,5792.25,4156
2024-08-21 12:00:00+05:30,5792.25,5799.95,5786.6,5792.55,6953
2024-08-21 12:15:00+05:30,5792.55,5795.95,5786.0,5795.05,3169
2024-08-21 12:30:00+05:30,5793.15,5800.0,5793.15,5795.85,4449
2024-08-21 12:45:00+05:30,5795.85,5799.9,5787.2,5792.85,5697
2024-08-21 13:00:00+05:30,5792.85,5794.7,5776.45,5781.95,5981
2024-08-21 13:15:00+05:30,5781.95,5782.3,5755.8,5766.5,7479
2024-08-21 13:30:00+05:30,5766.5,5767.55,5756.55,5760.0,4810
2024-08-21 13:45:00+05:30,5760.0,5760.05,5737.35,5746.95,7162
2024-08-21 14:00:00+05:30,5746.95,5764.4,5746.8,5761.4,5689
2024-08-21 14:15:00+05:30,5759.05,5766.2,5758.0,5764.6,3451
2024-08-21 14:30:00+05:30,5764.6,5767.45,5757.7,5764.05,3493
2024-08-21 14:45:00+05:30,5764.05,5770.45,5762.6,5768.85,4113
2024-08-21 15:00:00+05:30,5768.85,5800.0,5767.05,5798.9,23114
2024-08-21 15:15:00+05:30,5795.5,5799.7,5770.0,5770.0,28073
2024-08-22 09:15:00+05:30,5862.0,5864.55,5763.55,5790.7,46160
2024-08-22 09:30:00+05:30,5788.95,5796.45,5773.3,5779.1,8303
2024-08-22 09:45:00+05:30,5779.1,5780.4,5748.5,5762.3,16322
2024-08-22 10:00:00+05:30,5762.3,5780.0,5762.3,5777.4,10125
2024-08-22 10:15:00+05:30,5773.7,5784.0,5770.35,5780.0,5065
2024-08-22 10:30:00+05:30,5780.0,5785.0,5769.1,5778.0,14939
2024-08-22 10:45:00+05:30,5778.0,5786.85,5775.75,5783.05,12330
2024-08-22 11:00:00+05:30,5783.05,5787.45,5780.0,5782.05,2800
2024-08-22 11:15:00+05:30,5782.05,5786.9,5781.0,5782.75,3028
2024-08-22 11:30:00+05:30,5782.75,5786.15,5780.0,5785.0,2632
2024-08-22 11:45:00+05:30,5785.0,5791.9,5780.6,5785.95,4290
2024-08-22 12:00:00+05:30,5785.95,5789.95,5782.55,5783.2,3960
2024-08-22 12:15:00+05:30,5783.2,5783.2,5780.1,5783.0,10727
2024-08-22 12:30:00+05:30,5783.0,5783.05,5781.0,5783.0,9734
2024-08-22 12:45:00+05:30,5783.0,5783.05,5772.5,5778.1,25449
2024-08-22 13:00:00+05:30,5778.1,5779.0,5751.0,5757.9,4286
2024-08-22 13:15:00+05:30,5757.9,5770.0,5752.85,5769.0,4037
2024-08-22 13:30:00+05:30,5769.0,5770.05,5756.6,5770.0,14671
2024-08-22 13:45:00+05:30,5770.0,5775.7,5765.15,5767.95,16805
2024-08-22 14:00:00+05:30,5767.95,5770.0,5765.05,5768.05,4712
2024-08-22 14:15:00+05:30,5768.05,5770.05,5756.0,5760.5,9918
2024-08-22 14:30:00+05:30,5760.5,5767.0,5760.5,5765.05,3383
2024-08-22 14:45:00+05:30,5765.05,5770.0,5757.45,5758.25,9146
2024-08-22 15:00:00+05:30,5758.25,5773.25,5756.4,5770.0,45931
2024-08-22 15:15:00+05:30,5770.0,5773.75,5755.75,5755.75,45776
2024-08-23 09:15:00+05:30,5802.0,5805.0,5743.4,5751.95,12082
2024-08-23 09:30:00+05:30,5752.15,5755.45,5725.55,5740.1,4579
2024-08-23 09:45:00+05:30,5740.1,5755.1,5733.05,5750.3,5032
2024-08-23 10:00:00+05:30,5750.3,5755.1,5735.4,5754.75,2461
2024-08-23 10:15:00+05:30,5754.75,5757.65,5738.1,5753.55,35847
2024-08-23 10:30:00+05:30,5753.55,5774.95,5753.55,5770.0,42804
2024-08-23 10:45:00+05:30,5770.0,5778.3,5761.65,5773.65,13618
2024-08-23 11:00:00+05:30,5775.0,5793.7,5767.45,5778.6,12614
2024-08-23 11:15:00+05:30,5778.6,5792.4,5777.8,5778.55,6853
2024-08-23 11:30:00+05:30,5778.55,5780.0,5764.55,5766.3,3389
2024-08-23 11:45:00+05:30,5766.3,5773.2,5761.05,5770.15,3213
2024-08-23 12:00:00+05:30,5770.15,5772.85,5760.8,5765.6,4063
2024-08-23 12:15:00+05:30,5765.6,5765.75,5745.1,5752.45,4628
2024-08-23 12:30:00+05:30,5752.45,5764.05,5746.55,5760.95,3847
2024-08-23 12:45:00+05:30,5760.95,5770.0,5756.75,5770.0,4241
2024-08-23 13:00:00+05:30,5770.0,5770.0,5758.85,5763.7,3919
2024-08-23 13:15:00+05:30,5766.85,5767.3,5759.75,5765.1,3181
2024-08-23 13:30:00+05:30,5765.1,5767.55,5761.8,5765.0,4379
2024-08-23 13:45:00+05:30,5765.0,5778.35,5755.45,5765.0,14912
2024-08-23 14:00:00+05:30,5765.0,5770.5,5756.85,5765.6,11822
2024-08-23 14:15:00+05:30,5765.4,5767.85,5760.05,5765.15,7734
2024-08-23 14:30:00+05:30,5765.15,5766.35,5757.45,5761.1,8652
2024-08-23 14:45:00+05:30,5761.1,5765.05,5750.6,5759.45,9452
2024-08-23 15:00:00+05:30,5759.5,5759.7,5746.5,5751.9,15723
2024-08-23 15:15:00+05:30,5751.9,5759.0,5750.0,5756.75,10433
2024-08-26 09:15:00+05:30,5795.15,5795.15,5700.0,5729.5,10044
2024-08-26 09:30:00+05:30,5729.5,5776.85,5729.0,5776.3,4657
2024-08-26 09:45:00+05:30,5776.35,5784.05,5760.0,5774.65,5836
2024-08-26 10:00:00+05:30,5774.65,5787.15,5762.8,5773.25,7192
2024-08-26 10:15:00+05:30,5773.25,5780.95,5764.05,5764.6,11440
2024-08-26 10:30:00+05:30,5764.6,5786.6,5758.35,5783.45,6080
2024-08-26 10:45:00+05:30,5783.4,5804.7,5780.35,5790.6,8612
2024-08-26 11:00:00+05:30,5790.6,5790.6,5775.0,5787.05,1388
2024-08-26 11:15:00+05:30,5787.05,5795.0,5783.9,5788.35,898
2024-08-26 11:30:00+05:30,5788.35,5799.85,5787.0,5793.65,1986
2024-08-26 11:45:00+05:30,5793.65,5797.25,5786.1,5789.9,1106
2024-08-26 12:00:00+05:30,5789.9,5792.95,5788.35,5790.35,570
2024-08-26 12:15:00+05:30,5790.35,5792.95,5784.35,5784.4,1300
2024-08-26 12:30:00+05:30,5784.4,5813.95,5784.4,5794.95,9570
2024-08-26 12:45:00+05:30,5794.95,5797.75,5788.85,5795.15,1275
2024-08-26 13:00:00+05:30,5795.15,5795.4,5783.55,5790.45,1500
2024-08-26 13:15:00+05:30,5790.45,5794.9,5785.7,5785.75,1187
2024-08-26 13:30:00+05:30,5785.75,5794.8,5780.0,5787.6,1984
2024-08-26 13:45:00+05:30,5787.6,5812.25,5787.6,5808.5,4985
2024-08-26 14:00:00+05:30,5811.95,5831.0,5801.65,5811.85,10062
2024-08-26 14:15:00+05:30,5811.85,5812.4,5796.25,5804.3,7206
2024-08-26 14:30:00+05:30,5804.3,5822.8,5801.55,5812.5,7738
2024-08-26 14:45:00+05:30,5812.5,5825.0,5811.0,5819.9,10557
2024-08-26 15:00:00+05:30,5819.9,5822.85,5807.45,5818.65,12285
2024-08-26 15:15:00+05:30,5818.9,5827.75,5797.75,5825.0,12711
2024-08-27 09:15:00+05:30,5858.0,5943.85,5834.0,5920.95,83280
2024-08-27 09:30:00+05:30,5925.35,5935.45,5888.35,5931.25,46715
2024-08-27 09:45:00+05:30,5932.35,5935.95,5908.85,5919.0,22664
2024-08-27 10:00:00+05:30,5919.0,5973.3,5917.55,5955.0,76184
2024-08-27 10:15:00+05:30,5955.0,5991.55,5955.0,5974.55,48128
2024-08-27 10:30:00+05:30,5974.55,5975.0,5896.0,5918.6,36251
2024-08-27 10:45:00+05:30,5918.6,5931.9,5912.9,5924.95,11009
2024-08-27 11:00:00+05:30,5925.45,5928.25,5914.15,5925.4,8119
2024-08-27 11:15:00+05:30,5925.4,5949.95,5923.65,5930.0,12418
2024-08-27 11:30:00+05:30,5930.0,5930.3,5877.35,5886.5,17847
2024-08-27 11:45:00+05:30,5886.5,5889.95,5865.05,5876.2,10512
2024-08-27 12:00:00+05:30,5876.2,5888.1,5870.2,5884.45,7343
2024-08-27 12:15:00+05:30,5884.45,5886.45,5875.05,5879.95,6602
2024-08-27 12:30:00+05:30,5879.95,5888.0,5873.7,5877.45,5515
2024-08-27 12:45:00+05:30,5877.45,5879.95,5845.55,5852.95,13246
2024-08-27 13:00:00+05:30,5852.95,5854.3,5828.25,5839.9,10983
2024-08-27 13:15:00+05:30,5838.15,5841.85,5822.05,5834.55,15024
2024-08-27 13:30:00+05:30,5834.55,5850.0,5829.05,5848.4,6307
2024-08-27 13:45:00+05:30,5849.85,5855.0,5842.05,5852.0,6156
2024-08-27 14:00:00+05:30,5852.3,5866.55,5847.05,5863.75,10046
2024-08-27 14:15:00+05:30,5863.75,5875.0,5860.45,5875.0,11047
2024-08-27 14:30:00+05:30,5875.0,5888.95,5872.6,5886.9,10724
2024-08-27 14:45:00+05:30,5886.9,5888.0,5866.65,5886.65,15053
2024-08-27 15:00:00+05:30,5886.65,5900.95,5882.1,5897.0,18762
2024-08-27 15:15:00+05:30,5897.0,5897.0,5880.1,5880.1,19230
2024-08-28 09:15:00+05:30,5896.5,5915.95,5862.05,5898.95,8361
2024-08-28 09:30:00+05:30,5898.95,5902.55,5850.3,5878.05,7462
2024-08-28 09:45:00+05:30,5877.25,5942.9,5877.25,5937.7,60400
2024-08-28 10:00:00+05:30,5937.7,5937.7,5897.55,5899.75,9009
2024-08-28 10:15:00+05:30,5899.75,5904.0,5884.85,5893.4,5977
2024-08-28 10:30:00+05:30,5894.45,5910.0,5890.0,5898.5,5585
2024-08-28 10:45:00+05:30,5898.5,5910.0,5890.0,5904.4,41523
2024-08-28 11:00:00+05:30,5904.4,5913.25,5902.15,5904.0,6701
2024-08-28 11:15:00+05:30,5904.0,5913.95,5899.9,5906.45,5547
2024-08-28 11:30:00+05:30,5906.45,5927.4,5905.1,5921.95,5739
2024-08-28 11:45:00+05:30,5921.95,5938.5,5920.0,5928.0,4766
2024-08-28 12:00:00+05:30,5928.0,5939.95,5920.2,5925.0,9771
2024-08-28 12:15:00+05:30,5925.1,5935.9,5920.0,5921.8,4389
2024-08-28 12:30:00+05:30,5921.8,5946.65,5910.0,5944.25,8820
2024-08-28 12:45:00+05:30,5944.25,5973.15,5936.05,5973.15,20794
2024-08-28 13:00:00+05:30,5973.15,5999.0,5970.0,5985.0,34563
2024-08-28 13:15:00+05:30,5984.95,6006.6,5972.8,5985.9,29820
2024-08-28 13:30:00+05:30,5985.9,6021.1,5985.9,6006.45,24345
2024-08-28 13:45:00+05:30,6006.45,6006.45,5986.3,5998.55,9048
2024-08-28 14:00:00+05:30,5998.55,6005.0,5991.0,5995.05,10475
2024-08-28 14:15:00+05:30,5995.05,6005.0,5995.05,5998.6,10609
2024-08-28 14:30:00+05:30,5998.6,6005.0,5990.0,6005.0,7084
2024-08-28 14:45:00+05:30,6002.4,6005.0,5996.05,6005.0,10463
2024-08-28 15:00:00+05:30,6004.9,6005.0,5994.0,5997.6,19510
2024-08-28 15:15:00+05:30,5997.75,6005.0,5952.0,5952.0,22836
2024-08-29 09:15:00+05:30,6009.95,6050.0,5982.5,6038.65,25854
2024-08-29 09:30:00+05:30,6038.6,6064.8,6012.8,6023.45,31344
2024-08-29 09:45:00+05:30,6023.45,6025.15,6001.1,6014.5,7356
2024-08-29 10:00:00+05:30,6014.5,6033.35,5995.0,5998.25,10803
2024-08-29 10:15:00+05:30,5998.25,6011.1,5996.6,6000.2,5633
2024-08-29 10:30:00+05:30,6000.2,6011.0,5997.9,6000.05,5183
2024-08-29 10:45:00+05:30,6000.05,6004.85,5990.0,6000.0,5061
2024-08-29 11:00:00+05:30,5999.7,6002.0,5990.95,5996.5,3160
2024-08-29 11:15:00+05:30,5996.95,6005.85,5996.05,6000.45,3776
2024-08-29 11:30:00+05:30,6000.45,6000.7,5992.1,5999.65,3696
2024-08-29 11:45:00+05:30,5999.65,6000.7,5990.0,5999.0,4650
2024-08-29 12:00:00+05:30,5999.0,6009.45,5992.75,6006.15,5169
2024-08-29 12:15:00+05:30,6006.15,6016.45,5995.55,6007.5,4426
2024-08-29 12:30:00+05:30,6007.5,6019.3,5997.85,6007.05,5637
2024-08-29 12:45:00+05:30,6007.05,6016.9,5982.6,5993.0,6517
2024-08-29 13:00:00+05:30,5993.0,6000.0,5980.55,5995.05,5272
2024-08-29 13:15:00+05:30,5995.0,6004.8,5986.85,6002.45,6932
2024-08-29 13:30:00+05:30,6004.15,6007.0,5994.1,6000.0,7732
2024-08-29 13:45:00+05:30,6000.0,6005.95,5991.8,5997.6,4776
2024-08-29 14:00:00+05:30,5997.6,5999.85,5978.0,5997.15,7218
2024-08-29 14:15:00+05:30,5997.15,6000.0,5978.05,5992.9,2922
2024-08-29 14:30:00+05:30,5992.9,6002.0,5988.95,5999.05,5960
2024-08-29 14:45:00+05:30,5999.05,6012.35,5991.45,6011.4,5945
2024-08-29 15:00:00+05:30,6011.4,6015.75,5994.35,5997.75,7224
2024-08-29 15:15:00+05:30,5997.95,6010.0,5961.0,6007.1,15732
2024-08-30 09:15:00+05:30,6020.0,6049.9,5998.5,6047.6,8346
2024-08-30 09:30:00+05:30,6047.0,6094.8,6030.1,6080.5,22496
2024-08-30 09:45:00+05:30,6076.0,6092.95,6072.2,6078.9,13443
2024-08-30 10:00:00+05:30,6078.9,6085.95,6073.0,6077.0,14625
2024-08-30 10:15:00+05:30,6077.0,6079.6,6074.5,6076.65,8149
2024-08-30 10:30:00+05:30,6076.65,6132.5,6076.65,6122.95,41060
2024-08-30 10:45:00+05:30,6124.95,6138.0,6090.15,6095.85,18433
2024-08-30 11:00:00+05:30,6095.85,6111.75,6095.7,6100.65,4779
2024-08-30 11:15:00+05:30,6100.65,6120.95,6098.0,6111.05,4465
2024-08-30 11:30:00+05:30,6111.05,6115.0,6100.0,6112.45,7338
2024-08-30 11:45:00+05:30,6112.45,6129.9,6110.9,6126.75,6234
2024-08-30 12:00:00+05:30,6126.75,6139.75,6125.2,6135.75,8439
2024-08-30 12:15:00+05:30,6135.75,6150.0,6134.55,6148.85,20158
2024-08-30 12:30:00+05:30,6150.0,6178.8,6145.0,6174.95,52335
2024-08-30 12:45:00+05:30,6174.95,6185.5,6159.1,6175.0,17778
2024-08-30 13:00:00+05:30,6175.0,6197.1,6174.05,6177.45,20908
2024-08-30 13:15:00+05:30,6177.45,6199.9,6171.0,6190.55,14145
2024-08-30 13:30:00+05:30,6190.55,6193.0,6180.0,6184.1,6771
2024-08-30 13:45:00+05:30,6186.8,6188.5,6176.5,6177.55,9646
2024-08-30 14:00:00+05:30,6180.0,6182.85,6171.5,6175.55,12858
2024-08-30 14:15:00+05:30,6175.55,6179.5,6172.95,6175.55,8427
2024-08-30 14:30:00+05:30,6176.35,6188.0,6170.3,6185.0,9935
2024-08-30 14:45:00+05:30,6185.0,6187.0,6173.0,6174.4,11193
2024-08-30 15:00:00+05:30,6174.4,6181.1,6161.0,6173.15,41822
2024-08-30 15:15:00+05:30,6173.15,6180.0,6155.0,6155.0,44808
2024-09-02 09:15:00+05:30,6174.95,6190.0,6141.0,6148.25,6647
2024-09-02 09:30:00+05:30,6148.25,6148.25,6108.1,6117.15,7125
2024-09-02 09:45:00+05:30,6117.15,6139.55,6115.55,6122.8,2776
2024-09-02 10:00:00+05:30,6122.8,6126.85,6106.05,6118.95,1850
2024-09-02 10:15:00+05:30,6118.95,6126.0,6102.8,6107.4,2776
2024-09-02 10:30:00+05:30,6107.4,6133.95,6103.15,6133.9,2838
2024-09-02 10:45:00+05:30,6133.9,6145.0,6126.1,6131.55,3921
2024-09-02 11:00:00+05:30,6131.55,6134.75,6111.0,6122.8,2850
2024-09-02 11:15:00+05:30,6122.8,6124.65,6105.9,6112.9,1307
2024-09-02 11:30:00+05:30,6112.9,6115.85,6093.4,6105.9,2119
2024-09-02 11:45:00+05:30,6105.9,6145.0,6105.9,6126.1,5158
2024-09-02 12:00:00+05:30,6126.1,6137.45,6122.05,6134.85,1685
2024-09-02 12:15:00+05:30,6134.85,6134.9,6128.7,6132.9,842
2024-09-02 12:30:00+05:30,6132.9,6132.9,6094.3,6105.1,5708
2024-09-02 12:45:00+05:30,6105.1,6105.1,6072.0,6080.8,4142
2024-09-02 13:00:00+05:30,6080.8,6089.8,6066.0,6068.2,3432
2024-09-02 13:15:00+05:30,6069.6,6083.1,6062.0,6081.9,5463
2024-09-02 13:30:00+05:30,6081.9,6085.0,6070.65,6076.85,1065
2024-09-02 13:45:00+05:30,6076.85,6093.0,6075.25,6088.05,2513
2024-09-02 14:00:00+05:30,6088.05,6096.8,6085.85,6096.55,1199
2024-09-02 14:15:00+05:30,6096.55,6102.7,6083.3,6089.9,1313
2024-09-02 14:30:00+05:30,6089.9,6095.0,6086.1,6086.1,1089
2024-09-02 14:45:00+05:30,6086.1,6090.6,6077.0,6081.55,1589
2024-09-02 15:00:00+05:30,6078.4,6094.4,6064.15,6068.3,6145
2024-09-02 15:15:00+05:30,6068.95,6082.5,6057.6,6073.4,7365
2024-09-03 09:15:00+05:30,6052.15,6120.0,6040.05,6120.0,7845
2024-09-03 09:30:00+05:30,6120.0,6140.0,6098.45,6135.0,8204
2024-09-03 09:45:00+05:30,6135.0,6140.0,6119.9,6120.95,5180
2024-09-03 10:00:00+05:30,6123.75,6135.0,6096.4,6100.25,5569
2024-09-03 10:15:00+05:30,6100.25,6117.95,6100.1,6113.3,2741
2024-09-03 10:30:00+05:30,6113.25,6139.8,6105.6,6138.95,4878
2024-09-03 10:45:00+05:30,6139.0,6153.95,6125.1,6148.05,9464
2024-09-03 11:00:00+05:30,6148.05,6170.0,6146.45,6160.4,5635
2024-09-03 11:15:00+05:30,6160.4,6164.5,6142.05,6146.6,4115
2024-09-03 11:30:00+05:30,6146.6,6160.0,6142.05,6151.95,6061
2024-09-03 11:45:00+05:30,6151.95,6159.0,6146.9,6149.6,3736
2024-09-03 12:00:00+05:30,6149.6,6150.8,6145.15,6149.15,2889
2024-09-03 12:15:00+05:30,6149.15,6149.15,6123.3,6129.9,6742
2024-09-03 12:30:00+05:30,6129.9,6148.4,6129.85,6143.4,3740
2024-09-03 12:45:00+05:30,6143.4,6147.6,6129.7,6146.85,3495
2024-09-03 13:00:00+05:30,6146.85,6147.0,6135.0,6138.95,3329
2024-09-03 13:15:00+05:30,6138.95,6151.0,6138.0,6148.9,5570
2024-09-03 13:30:00+05:30,6148.9,6150.0,6143.75,6149.15,3422
2024-09-03 13:45:00+05:30,6149.55,6152.0,6144.0,6148.85,8609
2024-09-03 14:00:00+05:30,6149.05,6150.0,6135.85,6139.25,8912
2024-09-03 14:15:00+05:30,6139.25,6149.6,6127.55,6140.65,5933
2024-09-03 14:30:00+05:30,6140.65,6140.65,6120.35,6122.95,4466
2024-09-03 14:45:00+05:30,6122.15,6125.4,6114.05,6114.5,6488
2024-09-03 15:00:00+05:30,6115.55,6118.5,6100.1,6105.3,9091
2024-09-03 15:15:00+05:30,6106.1,6118.55,6095.15,6118.55,13171
2024-09-04 09:15:00+05:30,6101.0,6125.0,6059.0,6105.05,4731
2024-09-04 09:30:00+05:30,6105.05,6124.8,6104.75,6117.8,3633
2024-09-04 09:45:00+05:30,6114.4,6134.3,6097.4,6134.0,6380
2024-09-04 10:00:00+05:30,6134.0,6140.8,6123.45,6127.1,5353
2024-09-04 10:15:00+05:30,6127.1,6146.5,6124.7,6146.5,4657
2024-09-04 10:30:00+05:30,6146.5,6159.85,6136.65,6151.4,6189
2024-09-04 10:45:00+05:30,6151.4,6155.95,6135.1,6145.65,2299
2024-09-04 11:00:00+05:30,6145.65,6168.3,6136.95,6167.65,4770
2024-09-04 11:15:00+05:30,6167.65,6170.0,6156.75,6166.6,2700
2024-09-04 11:30:00+05:30,6166.6,6169.45,6163.0,6168.6,1049
2024-09-04 11:45:00+05:30,6168.6,6174.9,6167.0,6170.0,3889
2024-09-04 12:00:00+05:30,6170.0,6239.25,6169.95,6208.0,51561
2024-09-04 12:15:00+05:30,6208.0,6229.9,6200.0,6201.9,26699
2024-09-04 12:30:00+05:30,6201.9,6213.3,6195.1,6206.85,6133
2024-09-04 12:45:00+05:30,6206.85,6225.0,6200.0,6218.7,14972
2024-09-04 13:00:00+05:30,6218.65,6220.0,6214.55,6217.6,5684
2024-09-04 13:15:00+05:30,6217.55,6220.0,6203.05,6207.0,13576
2024-09-04 13:30:00+05:30,6205.5,6221.0,6203.15,6219.85,36111
2024-09-04 13:45:00+05:30,6219.85,6224.75,6211.3,6214.9,12580
2024-09-04 14:00:00+05:30,6214.9,6219.55,6210.9,6214.9,34311
2024-09-04 14:15:00+05:30,6214.9,6215.0,6203.25,6211.35,28892
2024-09-04 14:30:00+05:30,6211.35,6213.65,6205.0,6211.35,6180
2024-09-04 14:45:00+05:30,6211.35,6218.25,6209.1,6211.15,30685
2024-09-04 15:00:00+05:30,6211.15,6212.5,6206.05,6209.65,11361
2024-09-04 15:15:00+05:30,6209.9,6212.3,6177.8,6181.5,14874
2024-09-05 09:15:00+05:30,6244.9,6248.0,6191.95,6215.0,6626
2024-09-05 09:30:00+05:30,6215.0,6250.0,6215.0,6243.95,10527
2024-09-05 09:45:00+05:30,6243.95,6278.8,6241.7,6256.4,23419
2024-09-05 10:00:00+05:30,6256.4,6286.6,6254.0,6286.6,15178
2024-09-05 10:15:00+05:30,6286.6,6314.2,6285.9,6314.2,68168
2024-09-05 10:30:00+05:30,6314.2,6346.0,6310.75,6334.95,32651
2024-09-05 10:45:00+05:30,6334.95,6336.6,6292.5,6293.05,17361
2024-09-05 11:00:00+05:30,6294.35,6309.0,6269.45,6274.75,9492
2024-09-05 11:15:00+05:30,6274.75,6302.95,6269.3,6294.85,11603
2024-09-05 11:30:00+05:30,6294.85,6303.55,6290.6,6300.0,10457
2024-09-05 11:45:00+05:30,6300.0,6323.95,6299.95,6318.15,9927
2024-09-05 12:00:00+05:30,6318.15,6320.0,6303.65,6306.95,20414
2024-09-05 12:15:00+05:30,6306.95,6310.05,6297.35,6299.5,5306
2024-09-05 12:30:00+05:30,6299.5,6300.0,6284.05,6294.75,8877
2024-09-05 12:45:00+05:30,6294.75,6300.0,6286.75,6292.9,6554
2024-09-05 13:00:00+05:30,6292.9,6300.0,6288.05,6299.95,6819
2024-09-05 13:15:00+05:30,6299.95,6310.0,6293.3,6310.0,8601
2024-09-05 13:30:00+05:30,6310.0,6319.95,6303.0,6307.05,9121
2024-09-05 13:45:00+05:30,6307.05,6310.05,6295.9,6299.95,9395
2024-09-05 14:00:00+05:30,6299.9,6302.55,6293.75,6300.0,8314
2024-09-05 14:15:00+05:30,6300.0,6302.4,6286.9,6286.9,8171
2024-09-05 14:30:00+05:30,6286.9,6296.4,6280.05,6290.0,6801
2024-09-05 14:45:00+05:30,6290.65,6298.15,6280.8,6289.2,9103
2024-09-05 15:00:00+05:30,6288.95,6288.95,6268.45,6280.95,16105
2024-09-05 15:15:00+05:30,6280.0,6286.7,6264.2,6269.05,18415
2024-09-06 09:15:00+05:30,6278.0,6321.95,6260.95,6296.35,8922
2024-09-06 09:30:00+05:30,6290.45,6294.45,6268.1,6289.0,3533
2024-09-06 09:45:00+05:30,6284.7,6287.7,6224.05,6263.25,6996
2024-09-06 10:00:00+05:30,6260.0,6274.95,6235.05,6263.35,7029
2024-09-06 10:15:00+05:30,6263.35,6293.75,6259.75,6288.9,3988
2024-09-06 10:30:00+05:30,6288.9,6299.6,6268.1,6299.5,3251
2024-09-06 10:45:00+05:30,6297.9,6299.95,6285.85,6285.85,2261
2024-09-06 11:00:00+05:30,6285.85,6289.0,6273.05,6276.7,2578
2024-09-06 11:15:00+05:30,6280.5,6290.0,6273.3,6284.25,2867
2024-09-06 11:30:00+05:30,6284.25,6319.0,6278.25,6318.95,4927
2024-09-06 11:45:00+05:30,6318.95,6319.0,6298.05,6304.45,3117
2024-09-06 12:00:00+05:30,6304.45,6309.8,6298.3,6299.7,1223
2024-09-06 12:15:00+05:30,6299.7,6310.2,6290.0,6310.2,3473
2024-09-06 12:30:00+05:30,6316.0,6319.0,6303.0,6310.75,7053
2024-09-06 12:45:00+05:30,6310.75,6310.75,6280.55,6290.55,9201
2024-09-06 13:00:00+05:30,6290.55,6297.45,6280.0,6295.35,1706
2024-09-06 13:15:00+05:30,6295.35,6296.8,6259.05,6272.0,2915
2024-09-06 13:30:00+05:30,6272.0,6281.8,6267.55,6277.4,3730
2024-09-06 13:45:00+05:30,6277.4,6290.0,6276.1,6284.3,1774
2024-09-06 14:00:00+05:30,6284.3,6300.25,6281.1,6290.05,2014
2024-09-06 14:15:00+05:30,6290.05,6292.9,6256.8,6257.0,4551
2024-09-06 14:30:00+05:30,6260.5,6273.45,6256.4,6262.85,2904
2024-09-06 14:45:00+05:30,6262.85,6264.95,6250.0,6256.0,3312
2024-09-06 15:00:00+05:30,6256.0,6318.95,6256.0,6302.05,24171
2024-09-06 15:15:00+05:30,6302.05,6346.7,6293.9,6335.0,56550
2024-09-09 09:15:00+05:30,6310.45,6345.1,6285.25,6285.25,9297
2024-09-09 09:30:00+05:30,6286.4,6307.9,6267.7,6300.0,5889
2024-09-09 09:45:00+05:30,6300.0,6301.35,6284.65,6293.6,6082
2024-09-09 10:00:00+05:30,6293.6,6300.65,6288.1,6295.5,1354
2024-09-09 10:15:00+05:30,6295.5,6300.05,6295.5,6299.8,1876
2024-09-09 10:30:00+05:30,6298.6,6329.35,6298.05,6313.8,12625
2024-09-09 10:45:00+05:30,6313.8,6320.05,6298.0,6306.6,2495
2024-09-09 11:00:00+05:30,6306.6,6311.95,6287.55,6297.1,2033
2024-09-09 11:15:00+05:30,6297.1,6298.4,6293.15,6296.8,968
2024-09-09 11:30:00+05:30,6296.8,6296.8,6273.3,6283.85,1954
2024-09-09 11:45:00+05:30,6283.85,6296.45,6281.0,6290.95,2077
2024-09-09 12:00:00+05:30,6293.75,6300.0,6281.55,6298.2,2825
2024-09-09 12:15:00+05:30,6298.2,6300.0,6270.15,6271.6,3130
2024-09-09 12:30:00+05:30,6275.0,6291.45,6271.9,6279.0,2862
2024-09-09 12:45:00+05:30,6279.0,6294.95,6277.1,6290.45,2822
2024-09-09 13:00:00+05:30,6290.45,6295.8,6271.05,6282.25,2798
2024-09-09 13:15:00+05:30,6282.2,6296.55,6280.05,6290.15,2976
2024-09-09 13:30:00+05:30,6290.15,6295.85,6285.0,6289.2,2765
2024-09-09 13:45:00+05:30,6289.2,6291.45,6262.7,6265.4,4129
2024-09-09 14:00:00+05:30,6265.4,6275.3,6265.4,6270.3,3070
2024-09-09 14:15:00+05:30,6270.3,6275.45,6269.9,6270.05,3603
2024-09-09 14:30:00+05:30,6273.95,6278.4,6250.4,6253.55,7875
2024-09-09 14:45:00+05:30,6253.55,6270.45,6251.6,6266.9,3425
2024-09-09 15:00:00+05:30,6266.45,6276.1,6265.55,6270.0,8407
2024-09-09 15:15:00+05:30,6270.0,6284.55,6251.05,6261.4,8661
2024-09-10 09:15:00+05:30,6268.05,6326.85,6268.05,6318.5,7076
2024-09-10 09:30:00+05:30,6318.5,6335.0,6314.15,6316.6,5152
2024-09-10 09:45:00+05:30,6316.6,6327.9,6310.4,6319.55,1656
2024-09-10 10:00:00+05:30,6319.55,6375.0,6317.5,6350.15,23310
2024-09-10 10:15:00+05:30,6350.15,6365.35,6331.05,6339.1,11540
2024-09-10 10:30:00+05:30,6339.1,6341.0,6314.35,6314.35,7297
2024-09-10 10:45:00+05:30,6316.2,6316.4,6288.95,6302.85,13354
2024-09-10 11:00:00+05:30,6302.85,6310.0,6302.4,6310.0,3362
2024-09-10 11:15:00+05:30,6310.0,6312.85,6307.0,6310.0,3730
2024-09-10 11:30:00+05:30,6310.0,6310.05,6303.0,6310.0,3437
2024-09-10 11:45:00+05:30,6310.0,6310.05,6306.1,6310.0,3819
2024-09-10 12:00:00+05:30,6310.0,6310.0,6305.0,6308.8,2928
2024-09-10 12:15:00+05:30,6308.8,6309.2,6308.4,6308.8,4332
2024-09-10 12:30:00+05:30,6308.8,6313.45,6304.5,6308.8,12366
2024-09-10 12:45:00+05:30,6308.8,6309.0,6299.45,6307.9,3739
2024-09-10 13:00:00+05:30,6307.9,6308.7,6298.75,6308.4,4065
2024-09-10 13:15:00+05:30,6307.15,6322.95,6307.15,6316.1,15220
2024-09-10 13:30:00+05:30,6316.1,6325.95,6313.6,6317.85,25066
2024-09-10 13:45:00+05:30,6317.85,6319.1,6313.9,6316.9,9361
2024-09-10 14:00:00+05:30,6316.9,6319.2,6315.9,6317.85,10039
2024-09-10 14:15:00+05:30,6317.85,6366.65,6317.75,6360.25,14037
2024-09-10 14:30:00+05:30,6360.25,6363.0,6344.5,6346.0,6407
2024-09-10 14:45:00+05:30,6346.0,6346.35,6324.15,6325.4,33082
2024-09-10 15:00:00+05:30,6327.8,6327.8,6311.95,6315.0,13777
2024-09-10 15:15:00+05:30,6315.0,6332.55,6310.35,6311.0,39050
2024-09-11 09:15:00+05:30,6316.85,6324.7,6270.2,6285.25,4577
2024-09-11 09:30:00+05:30,6285.25,6315.0,6285.25,6313.0,2623
2024-09-11 09:45:00+05:30,6313.0,6319.15,6301.85,6305.0,1661
2024-09-11 10:00:00+05:30,6305.0,6320.0,6291.1,6319.2,5120
2024-09-11 10:15:00+05:30,6319.2,6343.05,6317.0,6339.75,4000
2024-09-11 10:30:00+05:30,6339.75,6349.9,6320.0,6324.45,6026
2024-09-11 10:45:00+05:30,6322.25,6336.3,6310.0,6336.0,3921
2024-09-11 11:00:00+05:30,6336.0,6346.3,6332.25,6342.55,1641
2024-09-11 11:15:00+05:30,6342.55,6348.9,6340.1,6347.0,2431
2024-09-11 11:30:00+05:30,6347.0,6359.55,6345.0,6353.0,3273
2024-09-11 11:45:00+05:30,6353.0,6353.0,6345.0,6347.3,1999
2024-09-11 12:00:00+05:30,6345.8,6352.0,6345.0,6348.4,1981
2024-09-11 12:15:00+05:30,6348.4,6348.45,6331.15,6335.9,3617
2024-09-11 12:30:00+05:30,6335.9,6335.9,6315.1,6324.4,2537
2024-09-11 12:45:00+05:30,6324.4,6326.15,6310.0,6321.1,21755
2024-09-11 13:00:00+05:30,6321.1,6324.35,6320.0,6322.2,1107
2024-09-11 13:15:00+05:30,6322.2,6324.35,6310.55,6320.25,1762
2024-09-11 13:30:00+05:30,6320.25,6323.4,6300.0,6303.95,2079
2024-09-11 13:45:00+05:30,6303.95,6316.85,6300.05,6310.1,3772
2024-09-11 14:00:00+05:30,6310.0,6312.35,6284.0,6292.15,15838
2024-09-11 14:15:00+05:30,6292.15,6305.2,6286.35,6302.15,2405
2024-09-11 14:30:00+05:30,6302.15,6306.75,6297.5,6305.0,2868
2024-09-11 14:45:00+05:30,6305.0,6305.7,6259.4,6269.3,22381
2024-09-11 15:00:00+05:30,6271.4,6282.15,6258.1,6274.6,10960
2024-09-11 15:15:00+05:30,6274.05,6299.8,6267.5,6299.8,11118
2024-09-12 09:15:00+05:30,6297.35,6336.2,6281.45,6323.7,3013
2024-09-12 09:30:00+05:30,6323.7,6348.45,6316.35,6337.0,6923
2024-09-12 09:45:00+05:30,6337.0,6347.5,6309.15,6310.3,3167
2024-09-12 10:00:00+05:30,6310.3,6366.9,6309.0,6359.35,14588
2024-09-12 10:15:00+05:30,6359.35,6384.95,6357.5,6377.45,15973
2024-09-12 10:30:00+05:30,6377.45,6414.6,6363.05,6407.95,35811
2024-09-12 10:45:00+05:30,6407.95,6428.9,6360.1,6369.95,45688
2024-09-12 11:00:00+05:30,6369.95,6384.75,6351.95,6382.2,48369
2024-09-12 11:15:00+05:30,6382.2,6395.0,6369.55,6376.7,13138
2024-09-12 11:30:00+05:30,6376.75,6391.2,6376.7,6387.6,3103
2024-09-12 11:45:00+05:30,6387.6,6408.8,6386.0,6396.5,5780
2024-09-12 12:00:00+05:30,6396.5,6399.65,6385.1,6392.1,4576
2024-09-12 12:15:00+05:30,6392.1,6406.9,6381.05,6383.2,6917
2024-09-12 12:30:00+05:30,6385.5,6395.45,6378.1,6386.45,5500
2024-09-12 12:45:00+05:30,6386.45,6393.75,6366.7,6379.7,4425
2024-09-12 13:00:00+05:30,6379.7,6384.55,6368.15,6371.9,4149
2024-09-12 13:15:00+05:30,6371.9,6372.45,6351.1,6362.6,5164
2024-09-12 13:30:00+05:30,6362.6,6370.9,6346.1,6347.15,5087
2024-09-12 13:45:00+05:30,6348.0,6349.7,6322.6,6325.9,6262
2024-09-12 14:00:00+05:30,6323.05,6349.7,6314.05,6342.4,5675
2024-09-12 14:15:00+05:30,6342.4,6372.0,6340.1,6363.5,3915
2024-09-12 14:30:00+05:30,6363.5,6379.95,6333.3,6360.85,11207
2024-09-12 14:45:00+05:30,6360.9,6365.4,6351.1,6353.8,10814
2024-09-12 15:00:00+05:30,6353.8,6355.6,6346.15,6353.6,9811
2024-09-12 15:15:00+05:30,6352.65,6353.75,6331.5,6340.0,13248
2024-09-13 09:15:00+05:30,6339.0,6439.9,6338.95,6422.15,25157
2024-09-13 09:30:00+05:30,6422.15,6428.95,6377.0,6379.95,6433
2024-09-13 09:45:00+05:30,6378.5,6379.95,6355.0,6361.4,4662
2024-09-13 10:00:00+05:30,6359.95,6367.6,6321.1,6330.35,10444
2024-09-13 10:15:00+05:30,6330.35,6360.35,6329.3,6341.5,5150
2024-09-13 10:30:00+05:30,6341.5,6357.35,6337.5,6354.0,3628
2024-09-13 10:45:00+05:30,6354.0,6358.8,6345.3,6346.95,6114
2024-09-13 11:00:00+05:30,6347.0,6361.0,6346.95,6358.4,3288
2024-09-13 11:15:00+05:30,6358.4,6378.0,6356.4,6372.55,3680
2024-09-13 11:30:00+05:30,6373.5,6395.0,6370.0,6375.35,4888
2024-09-13 11:45:00+05:30,6375.3,6383.15,6366.75,6374.9,2048
2024-09-13 12:00:00+05:30,6374.9,6375.0,6365.0,6365.3,2208
2024-09-13 12:15:00+05:30,6365.3,6371.35,6357.0,6365.0,2087
2024-09-13 12:30:00+05:30,6365.0,6368.95,6350.0,6351.0,2762
2024-09-13 12:45:00+05:30,6351.0,6357.4,6350.0,6353.45,3517
2024-09-13 13:00:00+05:30,6353.45,6367.0,6350.2,6367.0,1952
2024-09-13 13:15:00+05:30,6367.0,6372.15,6351.85,6366.05,2749
2024-09-13 13:30:00+05:30,6366.05,6366.7,6354.05,6357.6,2887
2024-09-13 13:45:00+05:30,6357.6,6370.0,6357.45,6366.45,3191
2024-09-13 14:00:00+05:30,6366.45,6366.45,6356.5,6360.4,2599
2024-09-13 14:15:00+05:30,6360.4,6363.6,6356.0,6361.95,2491
2024-09-13 14:30:00+05:30,6361.95,6377.75,6361.95,6375.85,3106
2024-09-13 14:45:00+05:30,6375.85,6384.15,6375.75,6376.5,5319
2024-09-13 15:00:00+05:30,6376.5,6378.05,6362.05,6364.1,10690
2024-09-13 15:15:00+05:30,6363.6,6368.4,6344.1,6356.0,13303
2024-09-16 09:15:00+05:30,6369.0,6411.25,6330.1,6338.35,3422
2024-09-16 09:30:00+05:30,6341.35,6347.9,6331.25,6343.15,1269
2024-09-16 09:45:00+05:30,6343.15,6344.95,6325.0,6340.9,1389
2024-09-16 10:00:00+05:30,6340.9,6377.15,6339.05,6375.65,2069
2024-09-16 10:15:00+05:30,6375.65,6378.7,6370.0,6373.2,2775
2024-09-16 10:30:00+05:30,6373.2,6374.2,6356.25,6363.7,2062
2024-09-16 10:45:00+05:30,6363.7,6372.45,6354.8,6372.45,605
2024-09-16 11:00:00+05:30,6372.45,6372.45,6356.9,6362.4,842
2024-09-16 11:15:00+05:30,6362.4,6374.5,6359.05,6370.65,1213
2024-09-16 11:30:00+05:30,6370.65,6375.3,6370.0,6373.35,538
2024-09-16 11:45:00+05:30,6373.35,6385.95,6370.1,6374.1,839
2024-09-16 12:00:00+05:30,6374.1,6376.45,6353.2,6358.0,910
2024-09-16 12:15:00+05:30,6358.0,6364.0,6353.8,6357.65,783
2024-09-16 12:30:00+05:30,6357.65,6369.0,6355.3,6363.9,614
2024-09-16 12:45:00+05:30,6363.9,6364.3,6353.25,6356.45,529
2024-09-16 13:00:00+05:30,6355.15,6369.25,6355.1,6365.75,753
2024-09-16 13:15:00+05:30,6365.75,6380.0,6359.65,6376.8,2830
2024-09-16 13:30:00+05:30,6376.8,6391.5,6373.6,6388.25,2118
2024-09-16 13:45:00+05:30,6388.25,6394.45,6379.15,6389.7,4499
2024-09-16 14:00:00+05:30,6389.7,6396.0,6370.9,6378.45,7508
2024-09-16 14:15:00+05:30,6378.45,6378.45,6349.4,6362.3,1221
2024-09-16 14:30:00+05:30,6362.45,6368.0,6356.05,6360.3,1484
2024-09-16 14:45:00+05:30,6360.3,6368.0,6351.0,6357.3,1997
2024-09-16 15:00:00+05:30,6359.45,6361.0,6355.0,6356.45,1222
2024-09-16 15:15:00+05:30,6356.45,6366.45,6350.1,6363.0,3869
2024-09-17 09:15:00+05:30,6345.0,6357.95,6322.85,6330.1,3152
2024-09-17 09:30:00+05:30,6328.3,6333.15,6286.5,6287.3,7316
2024-09-17 09:45:00+05:30,6288.6,6291.8,6252.45,6280.05,8259
2024-09-17 10:00:00+05:30,6280.15,6287.35,6256.05,6267.45,6087
2024-09-17 10:15:00+05:30,6267.45,6305.1,6266.05,6281.7,5389
2024-09-17 10:30:00+05:30,6281.7,6304.3,6270.9,6303.15,5860
2024-09-17 10:45:00+05:30,6303.15,6306.05,6274.3,6282.45,8440
2024-09-17 11:00:00+05:30,6282.4,6286.2,6264.9,6264.9,4517
2024-09-17 11:15:00+05:30,6264.9,6276.0,6264.0,6271.1,3722
2024-09-17 11:30:00+05:30,6269.6,6278.85,6238.7,6240.65,7104
2024-09-17 11:45:00+05:30,6240.65,6241.4,6213.6,6235.0,9638
2024-09-17 12:00:00+05:30,6235.0,6245.8,6218.1,6221.3,6040
2024-09-17 12:15:00+05:30,6221.3,6227.95,6216.0,6226.55,4175
2024-09-17 12:30:00+05:30,6226.55,6232.0,6207.0,6210.0,5468
2024-09-17 12:45:00+05:30,6210.0,6231.8,6209.9,6227.35,6392
2024-09-17 13:00:00+05:30,6227.35,6238.35,6225.45,6230.3,3472
2024-09-17 13:15:00+05:30,6230.35,6247.45,6228.0,6228.0,4421
2024-09-17 13:30:00+05:30,6228.0,6237.05,6220.0,6226.65,4596
2024-09-17 13:45:00+05:30,6226.65,6228.0,6211.2,6216.15,4486
2024-09-17 14:00:00+05:30,6216.15,6229.15,6216.1,6220.6,3631
2024-09-17 14:15:00+05:30,6220.6,6226.85,6207.0,6210.7,3602
2024-09-17 14:30:00+05:30,6210.7,6215.85,6182.65,6201.4,8530
2024-09-17 14:45:00+05:30,6201.4,6212.95,6190.25,6196.25,6253
2024-09-17 15:00:00+05:30,6196.25,6216.3,6196.2,6212.6,6720
2024-09-17 15:15:00+05:30,6212.6,6236.4,6210.0,6236.4,13563
2024-09-18 09:15:00+05:30,6244.95,6255.0,6178.05,6205.0,4547
2024-09-18 09:30:00+05:30,6205.0,6226.35,6192.05,6223.2,2904
2024-09-18 09:45:00+05:30,6223.2,6223.2,6198.0,6200.8,2478
2024-09-18 10:00:00+05:30,6198.5,6200.5,6165.0,6165.95,3075
2024-09-18 10:15:00+05:30,6165.95,6185.0,6162.3,6167.95,3779
2024-09-18 10:30:00+05:30,6167.95,6196.5,6165.6,6189.95,5898
2024-09-18 10:45:00+05:30,6189.85,6194.2,6174.15,6188.95,2334
2024-09-18 11:00:00+05:30,6188.95,6192.7,6179.1,6189.0,1907
2024-09-18 11:15:00+05:30,6190.0,6192.65,6175.35,6183.5,3200
2024-09-18 11:30:00+05:30,6183.6,6193.6,6168.9,6170.45,6086
2024-09-18 11:45:00+05:30,6170.45,6173.45,6133.45,6138.15,5030
2024-09-18 12:00:00+05:30,6138.15,6145.4,6125.8,6131.6,4123
2024-09-18 12:15:00+05:30,6131.6,6131.6,6117.0,6127.65,4552
2024-09-18 12:30:00+05:30,6127.65,6128.55,6100.2,6100.85,3686
2024-09-18 12:45:00+05:30,6100.85,6110.0,6092.0,6093.95,2475
2024-09-18 13:00:00+05:30,6093.95,6103.7,6086.8,6093.4,2216
2024-09-18 13:15:00+05:30,6093.4,6094.6,6080.0,6091.1,2675
2024-09-18 13:30:00+05:30,6091.1,6096.6,6066.55,6076.45,3912
2024-09-18 13:45:00+05:30,6076.45,6087.2,6069.7,6071.9,2258
2024-09-18 14:00:00+05:30,6071.9,6071.9,6053.5,6056.35,3209
2024-09-18 14:15:00+05:30,6056.35,6088.0,6050.0,6062.4,3156
2024-09-18 14:30:00+05:30,6062.7,6070.0,6051.2,6054.5,4064
2024-09-18 14:45:00+05:30,6054.65,6077.25,6052.45,6076.05,3574
2024-09-18 15:00:00+05:30,6075.85,6116.75,6075.8,6081.7,15305
2024-09-18 15:15:00+05:30,6086.35,6110.0,6078.0,6109.95,15670
2024-09-19 09:15:00+05:30,6122.4,6199.95,6118.25,6161.6,5673
2024-09-19 09:30:00+05:30,6161.6,6185.75,6153.2,6179.95,4476
2024-09-19 09:45:00+05:30,6179.95,6191.45,6125.0,6140.5,5176
2024-09-19 10:00:00+05:30,6138.1,6155.55,6130.6,6143.25,2862
2024-09-19 10:15:00+05:30,6143.25,6162.7,6143.25,6154.4,4519
2024-09-19 10:30:00+05:30,6154.4,6177.95,6146.15,6151.9,4145
2024-09-19 10:45:00+05:30,6151.9,6186.9,6143.75,6167.85,6043
2024-09-19 11:00:00+05:30,6167.95,6167.95,6135.85,6144.05,6196
2024-09-19 11:15:00+05:30,6144.05,6144.7,6113.4,6127.95,3704
2024-09-19 11:30:00+05:30,6127.95,6142.45,6115.1,6127.5,4107
2024-09-19 11:45:00+05:30,6127.3,6137.9,6115.1,6125.0,2996
2024-09-19 12:00:00+05:30,6126.7,6161.55,6125.0,6135.75,3687
2024-09-19 12:15:00+05:30,6135.75,6145.0,6115.0,6142.0,8349
2024-09-19 12:30:00+05:30,6142.0,6142.0,6117.85,6125.6,4239
2024-09-19 12:45:00+05:30,6125.55,6130.05,6113.05,6113.05,2327
2024-09-19 13:00:00+05:30,6113.0,6116.2,6100.85,6102.3,2289
2024-09-19 13:15:00+05:30,6102.3,6117.0,6100.5,6104.75,2708
2024-09-19 13:30:00+05:30,6104.75,6122.95,6104.75,6111.3,2323
2024-09-19 13:45:00+05:30,6112.85,6116.95,6094.75,6094.9,3334
2024-09-19 14:00:00+05:30,6094.9,6116.15,6081.3,6088.5,4332
2024-09-19 14:15:00+05:30,6088.5,6113.5,6088.5,6113.5,3889
2024-09-19 14:30:00+05:30,6113.5,6119.85,6089.05,6093.65,5497
2024-09-19 14:45:00+05:30,6093.65,6110.3,6083.85,6106.4,9806
2024-09-19 15:00:00+05:30,6106.4,6146.5,6104.15,6143.55,10093
2024-09-19 15:15:00+05:30,6143.55,6145.0,6133.4,6145.0,10802
2024-09-20 09:15:00+05:30,6155.95,6168.6,6096.2,6121.25,9268
2024-09-20 09:30:00+05:30,6121.25,6139.65,6113.55,6132.8,5645
2024-09-20 09:45:00+05:30,6132.8,6145.45,6111.25,6143.45,5611
2024-09-20 10:00:00+05:30,6143.45,6149.35,6113.7,6125.1,4529
2024-09-20 10:15:00+05:30,6125.0,6128.95,6111.0,6118.7,4457
2024-09-20 10:30:00+05:30,6118.7,6139.3,6110.95,6132.25,7094
2024-09-20 10:45:00+05:30,6134.1,6139.0,6122.45,6130.25,3410
2024-09-20 11:00:00+05:30,6130.25,6147.5,6128.5,6132.05,4346
2024-09-20 11:15:00+05:30,6132.05,6140.7,6121.0,6130.65,2475
2024-09-20 11:30:00+05:30,6130.65,6131.95,6120.0,6125.45,1580
2024-09-20 11:45:00+05:30,6125.45,6145.1,6124.3,6145.1,2113
2024-09-20 12:00:00+05:30,6145.1,6160.0,6137.6,6157.45,2754
2024-09-20 12:15:00+05:30,6156.95,6156.95,6146.1,6155.0,1456
2024-09-20 12:30:00+05:30,6155.0,6162.0,6151.45,6160.0,1761
2024-09-20 12:45:00+05:30,6160.0,6162.8,6152.5,6154.85,1882
2024-09-20 13:00:00+05:30,6154.85,6154.85,6120.1,6125.0,6205
2024-09-20 13:15:00+05:30,6125.0,6126.95,6112.0,6117.25,3410
2024-09-20 13:30:00+05:30,6117.25,6121.05,6086.0,6096.8,6190
2024-09-20 13:45:00+05:30,6096.8,6103.4,6091.1,6099.95,13104
2024-09-20 14:00:00+05:30,6099.55,6101.5,6092.35,6099.95,8629
2024-09-20 14:15:00+05:30,6100.0,6101.0,6094.0,6096.7,8633
2024-09-20 14:30:00+05:30,6096.7,6096.7,6042.5,6055.7,25036
2024-09-20 14:45:00+05:30,6056.05,6078.3,6048.05,6052.55,24487
2024-09-20 15:00:00+05:30,6052.9,6105.0,6051.1,6089.95,45100
2024-09-20 15:15:00+05:30,6087.55,6102.2,6077.6,6099.45,43603
2024-09-23 09:15:00+05:30,6111.0,6135.0,6096.55,6107.3,6006
2024-09-23 09:30:00+05:30,6108.05,6131.45,6100.85,6110.2,2698
2024-09-23 09:45:00+05:30,6110.2,6118.9,6092.85,6097.15,1698
2024-09-23 10:00:00+05:30,6097.8,6109.65,6085.5,6093.35,3380
2024-09-23 10:15:00+05:30,6093.35,6104.85,6070.1,6081.9,4391
2024-09-23 10:30:00+05:30,6081.9,6084.5,6058.0,6060.0,3291
2024-09-23 10:45:00+05:30,6060.0,6063.5,6036.0,6037.05,3755
2024-09-23 11:00:00+05:30,6037.05,6039.2,6011.1,6012.2,3975
2024-09-23 11:15:00+05:30,6012.2,6034.95,6008.35,6032.5,4801
2024-09-23 11:30:00+05:30,6032.5,6034.95,6020.0,6021.65,6378
2024-09-23 11:45:00+05:30,6021.65,6021.65,5979.05,5987.15,7948
2024-09-23 12:00:00+05:30,5987.15,5996.05,5977.0,5984.5,2386
2024-09-23 12:15:00+05:30,5984.5,6004.5,5984.5,5997.0,3864
2024-09-23 12:30:00+05:30,5997.0,5998.45,5989.15,5992.4,1956
2024-09-23 12:45:00+05:30,5993.3,6001.1,5987.1,5987.95,2636
2024-09-23 13:00:00+05:30,5987.95,5991.15,5977.0,5988.1,3014
2024-09-23 13:15:00+05:30,5988.1,5999.4,5981.05,5995.4,2963
2024-09-23 13:30:00+05:30,5995.4,5999.55,5995.4,5999.55,1470
2024-09-23 13:45:00+05:30,5999.55,6027.55,5999.5,6018.7,3426
2024-09-23 14:00:00+05:30,6018.7,6019.95,6002.35,6003.0,3007
2024-09-23 14:15:00+05:30,6003.0,6010.2,5991.0,5996.4,2938
2024-09-23 14:30:00+05:30,5996.4,6002.0,5985.95,5987.7,2431
2024-09-23 14:45:00+05:30,5987.7,5988.0,5966.05,5975.35,3991
2024-09-23 15:00:00+05:30,5977.1,5988.45,5972.9,5980.8,6643
2024-09-23 15:15:00+05:30,5980.8,5994.95,5971.15,5976.25,10060
2024-09-24 09:15:00+05:30,6039.0,6093.5,6002.1,6093.0,28758
2024-09-24 09:30:00+05:30,6093.0,6104.75,6019.75,6021.95,14095
2024-09-24 09:45:00+05:30,6021.95,6023.05,5992.1,6021.8,10528
2024-09-24 10:00:00+05:30,6021.8,6037.45,6008.4,6028.85,6675
2024-09-24 10:15:00+05:30,6028.85,6049.15,6028.85,6039.4,6113
2024-09-24 10:30:00+05:30,6039.4,6040.0,6020.0,6031.65,5448
2024-09-24 10:45:00+05:30,6031.65,6063.9,6024.3,6062.0,6494
2024-09-24 11:00:00+05:30,6062.0,6072.15,6047.35,6071.5,5031
2024-09-24 11:15:00+05:30,6071.5,6082.0,6062.45,6078.25,7852
2024-09-24 11:30:00+05:30,6078.25,6080.95,6064.95,6073.75,5386
2024-09-24 11:45:00+05:30,6073.75,6077.3,6051.95,6066.0,5559
2024-09-24 12:00:00+05:30,6066.0,6086.75,6062.0,6076.35,6896
2024-09-24 12:15:00+05:30,6076.35,6079.7,6069.0,6078.65,5264
2024-09-24 12:30:00+05:30,6078.65,6081.0,6065.0,6076.05,5570
2024-09-24 12:45:00+05:30,6077.55,6081.3,6065.6,6069.85,9288
2024-09-24 13:00:00+05:30,6069.85,6073.15,6044.7,6048.0,7765
2024-09-24 13:15:00+05:30,6049.45,6050.0,6038.0,6043.9,5706
2024-09-24 13:30:00+05:30,6043.9,6053.75,6039.45,6045.5,6255
2024-09-24 13:45:00+05:30,6045.5,6049.7,6035.75,6041.2,4880
2024-09-24 14:00:00+05:30,6041.2,6048.8,6039.15,6043.8,6830
2024-09-24 14:15:00+05:30,6042.25,6045.85,6038.65,6040.0,5150
2024-09-24 14:30:00+05:30,6040.0,6046.65,6035.0,6039.9,7014
2024-09-24 14:45:00+05:30,6039.55,6041.35,6025.35,6040.0,7166
2024-09-24 15:00:00+05:30,6041.0,6048.4,6039.0,6048.1,14394
2024-09-24 15:15:00+05:30,6047.95,6062.6,6021.5,6054.05,20115
2024-09-25 09:15:00+05:30,6075.0,6075.0,6024.05,6064.95,9399
2024-09-25 09:30:00+05:30,6064.95,6085.95,6056.05,6072.05,4602
2024-09-25 09:45:00+05:30,6072.05,6091.95,6071.25,6086.0,3093
2024-09-25 10:00:00+05:30,6085.95,6090.8,6063.1,6084.6,7435
2024-09-25 10:15:00+05:30,6084.8,6086.45,6064.05,6066.0,4634
2024-09-25 10:30:00+05:30,6066.0,6082.15,6062.05,6081.0,3781
2024-09-25 10:45:00+05:30,6079.5,6103.4,6067.6,6100.0,6925
2024-09-25 11:00:00+05:30,6100.0,6137.0,6099.1,6105.35,12492
2024-09-25 11:15:00+05:30,6105.35,6113.4,6090.0,6102.75,5588
2024-09-25 11:30:00+05:30,6102.75,6108.9,6090.3,6090.55,3986
2024-09-25 11:45:00+05:30,6090.55,6092.6,6070.0,6078.0,4649
2024-09-25 12:00:00+05:30,6078.0,6114.95,6070.15,6110.05,5906
2024-09-25 12:15:00+05:30,6110.05,6126.5,6107.65,6117.75,4460
2024-09-25 12:30:00+05:30,6117.75,6130.0,6117.75,6127.35,3589
2024-09-25 12:45:00+05:30,6127.35,6127.95,6101.75,6126.1,6776
2024-09-25 13:00:00+05:30,6126.1,6135.0,6119.5,6135.0,5274
2024-09-25 13:15:00+05:30,6135.0,6149.25,6130.55,6146.3,4471
2024-09-25 13:30:00+05:30,6146.3,6194.2,6146.3,6168.75,14732
2024-09-25 13:45:00+05:30,6168.75,6197.25,6166.9,6189.75,10018
2024-09-25 14:00:00+05:30,6189.8,6216.6,6180.8,6209.0,12716
2024-09-25 14:15:00+05:30,6214.9,6233.05,6200.5,6214.4,14487
2024-09-25 14:30:00+05:30,6214.4,6229.9,6208.0,6223.2,35123
2024-09-25 14:45:00+05:30,6223.2,6262.75,6222.9,6233.0,26039
2024-09-25 15:00:00+05:30,6233.0,6250.55,6203.6,6221.25,20329
2024-09-25 15:15:00+05:30,6221.25,6264.0,6204.6,6230.0,19629
2024-09-26 09:15:00+05:30,6209.05,6228.7,6155.35,6184.1,20303
2024-09-26 09:30:00+05:30,6184.1,6196.7,6146.3,6149.7,7566
2024-09-26 09:45:00+05:30,6149.6,6164.05,6134.55,6138.65,8002
2024-09-26 10:00:00+05:30,6138.65,6146.05,6118.1,6146.05,8804
2024-09-26 10:15:00+05:30,6146.05,6196.15,6146.05,6165.0,9308
2024-09-26 10:30:00+05:30,6165.0,6184.65,6141.1,6141.2,7349
2024-09-26 10:45:00+05:30,6141.2,6147.05,6120.0,6142.05,8607
2024-09-26 11:00:00+05:30,6142.05,6163.95,6125.65,6128.0,6902
2024-09-26 11:15:00+05:30,6128.0,6133.65,6096.55,6100.0,5658
2024-09-26 11:30:00+05:30,6100.0,6101.15,6080.0,6088.05,7679
2024-09-26 11:45:00+05:30,6088.05,6089.9,6068.6,6068.75,4940
2024-09-26 12:00:00+05:30,6068.75,6083.7,6054.75,6060.0,7443
2024-09-26 12:15:00+05:30,6060.0,6074.15,6051.85,6074.15,4589
2024-09-26 12:30:00+05:30,6074.15,6075.85,6056.25,6065.75,4387
2024-09-26 12:45:00+05:30,6065.75,6073.25,6060.8,6065.35,3735
2024-09-26 13:00:00+05:30,6065.35,6068.4,6051.2,6063.3,6317
2024-09-26 13:15:00+05:30,6063.3,6069.95,6055.2,6062.9,4746
2024-09-26 13:30:00+05:30,6062.9,6081.65,6062.9,6071.45,5838
2024-09-26 13:45:00+05:30,6071.45,6080.0,6053.2,6078.95,6292
2024-09-26 14:00:00+05:30,6078.95,6129.85,6078.95,6123.25,8727
2024-09-26 14:15:00+05:30,6126.5,6151.45,6102.5,6133.5,14280
2024-09-26 14:30:00+05:30,6133.5,6156.0,6130.0,6138.0,12394
2024-09-26 14:45:00+05:30,6138.0,6200.0,6132.0,6182.4,20091
2024-09-26 15:00:00+05:30,6182.4,6211.85,6177.5,6200.45,24077
2024-09-26 15:15:00+05:30,6200.6,6209.9,6161.5,6161.5,22421
2024-09-27 09:15:00+05:30,6197.15,6213.0,6165.0,6181.05,6206
2024-09-27 09:30:00+05:30,6187.45,6190.0,6170.35,6184.35,2173
2024-09-27 09:45:00+05:30,6184.35,6200.0,6182.2,6185.1,3789
2024-09-27 10:00:00+05:30,6185.1,6188.55,6138.15,6156.3,7189
2024-09-27 10:15:00+05:30,6156.3,6162.55,6145.75,6150.0,4432
2024-09-27 10:30:00+05:30,6150.0,6155.0,6130.0,6136.2,14667
2024-09-27 10:45:00+05:30,6136.2,6178.1,6134.45,6177.65,2362
2024-09-27 11:00:00+05:30,6177.65,6183.95,6159.3,6159.95,2764
2024-09-27 11:15:00+05:30,6159.95,6169.95,6151.45,6169.9,1214
2024-09-27 11:30:00+05:30,6169.9,6183.0,6165.0,6181.5,2579
2024-09-27 11:45:00+05:30,6181.5,6195.0,6169.55,6177.3,3483
2024-09-27 12:00:00+05:30,6177.3,6206.9,6177.0,6201.0,11610
2024-09-27 12:15:00+05:30,6201.0,6202.4,6181.75,6181.85,4052
2024-09-27 12:30:00+05:30,6181.85,6185.0,6167.3,6176.95,2266
2024-09-27 12:45:00+05:30,6176.95,6180.0,6155.4,6156.4,5098
2024-09-27 13:00:00+05:30,6156.4,6162.95,6148.1,6160.0,7878
2024-09-27 13:15:00+05:30,6160.0,6172.9,6153.55,6172.75,1991
2024-09-27 13:30:00+05:30,6172.75,6189.85,6170.15,6184.95,2630
2024-09-27 13:45:00+05:30,6184.95,6185.05,6169.4,6171.9,6420
2024-09-27 14:00:00+05:30,6171.9,6178.3,6161.05,6162.6,2330
2024-09-27 14:15:00+05:30,6162.6,6169.25,6155.0,6156.0,2864
2024-09-27 14:30:00+05:30,6156.0,6172.85,6155.0,6163.5,2596
2024-09-27 14:45:00+05:30,6163.5,6170.0,6163.5,6168.35,4902
2024-09-27 15:00:00+05:30,6168.7,6197.95,6160.1,6188.9,14094
2024-09-27 15:15:00+05:30,6188.55,6203.85,6164.4,6175.3,11762
2024-09-30 09:15:00+05:30,6184.6,6221.65,6180.4,6193.0,6176
2024-09-30 09:30:00+05:30,6193.0,6193.0,6149.05,6152.15,3851
2024-09-30 09:45:00+05:30,6152.15,6174.35,6136.7,6170.85,4744
2024-09-30 10:00:00+05:30,6170.85,6177.45,6145.7,6148.55,3028
2024-09-30 10:15:00+05:30,6148.55,6151.25,6112.8,6119.55,4079
2024-09-30 10:30:00+05:30,6119.55,6119.55,6102.9,6110.0,4676
2024-09-30 10:45:00+05:30,6109.9,6116.25,6081.0,6085.2,6398
2024-09-30 11:00:00+05:30,6085.2,6106.2,6077.5,6095.7,4231
2024-09-30 11:15:00+05:30,6095.7,6114.45,6093.55,6102.3,6091
2024-09-30 11:30:00+05:30,6102.3,6127.45,6102.2,6110.0,4464
2024-09-30 11:45:00+05:30,6107.4,6120.45,6106.3,6111.55,2390
2024-09-30 12:00:00+05:30,6111.55,6128.0,6111.55,6123.4,3390
2024-09-30 12:15:00+05:30,6123.4,6130.0,6118.05,6120.2,2772
2024-09-30 12:30:00+05:30,6120.2,6122.8,6105.0,6111.45,1970
2024-09-30 12:45:00+05:30,6111.45,6122.4,6108.0,6115.35,2516
2024-09-30 13:00:00+05:30,6115.35,6139.15,6115.0,6136.25,7948
2024-09-30 13:15:00+05:30,6136.25,6138.0,6108.2,6108.2,3898
2024-09-30 13:30:00+05:30,6108.2,6112.5,6099.0,6101.6,2678
2024-09-30 13:45:00+05:30,6101.6,6107.4,6096.95,6102.25,2632
2024-09-30 14:00:00+05:30,6102.25,6105.05,6087.7,6089.0,2944
2024-09-30 14:15:00+05:30,6089.0,6089.0,6055.15,6063.3,10444
2024-09-30 14:30:00+05:30,6063.3,6070.75,6031.0,6033.0,8656
2024-09-30 14:45:00+05:30,6033.2,6048.95,6030.6,6046.2,5440
2024-09-30 15:00:00+05:30,6049.0,6053.8,6036.0,6051.0,12858
2024-09-30 15:15:00+05:30,6051.0,6075.0,6046.8,6075.0,12962
2024-10-01 09:15:00+05:30,6099.0,6120.0,6046.25,6115.25,10043
2024-10-01 09:30:00+05:30,6115.25,6115.4,6064.85,6066.0,4222
2024-10-01 09:45:00+05:30,6066.0,6076.85,6057.0,6061.45,1882
2024-10-01 10:00:00+05:30,6061.45,6078.95,6049.8,6078.5,2226
2024-10-01 10:15:00+05:30,6078.55,6095.15,6056.95,6056.95,5449
2024-10-01 10:30:00+05:30,6056.95,6078.65,6046.0,6074.55,4268
2024-10-01 10:45:00+05:30,6074.55,6084.0,6059.65,6079.65,4088
2024-10-01 11:00:00+05:30,6079.6,6086.1,6070.55,6076.55,2672
2024-10-01 11:15:00+05:30,6076.55,6090.25,6074.55,6082.95,3470
2024-10-01 11:30:00+05:30,6082.95,6089.2,6072.85,6073.55,2312
2024-10-01 11:45:00+05:30,6073.55,6077.5,6058.4,6077.45,2744
2024-10-01 12:00:00+05:30,6077.45,6077.95,6061.6,6071.9,11580
2024-10-01 12:15:00+05:30,6071.9,6091.9,6071.0,6089.0,3137
2024-10-01 12:30:00+05:30,6089.0,6109.4,6085.6,6105.65,3927
2024-10-01 12:45:00+05:30,6105.65,6106.0,6094.2,6100.95,2801
2024-10-01 13:00:00+05:30,6100.95,6106.0,6097.05,6104.8,2515
2024-10-01 13:15:00+05:30,6104.8,6135.45,6102.95,6126.8,4722
2024-10-01 13:30:00+05:30,6126.2,6139.9,6121.6,6138.25,4194
2024-10-01 13:45:00+05:30,6138.25,6160.0,6136.8,6152.8,5457
2024-10-01 14:00:00+05:30,6152.8,6163.45,6145.1,6147.35,4697
2024-10-01 14:15:00+05:30,6147.35,6155.2,6142.75,6142.75,3090
2024-10-01 14:30:00+05:30,6145.35,6148.05,6135.45,6143.3,2307
2024-10-01 14:45:00+05:30,6143.3,6167.5,6143.3,6156.2,4360
2024-10-01 15:00:00+05:30,6158.7,6169.15,6148.2,6157.95,4587
2024-10-01 15:15:00+05:30,6159.45,6160.6,6118.75,6122.05,9532
2024-10-03 09:15:00+05:30,6140.0,6144.0,6071.0,6129.85,9826
2024-10-03 09:30:00+05:30,6133.4,6142.1,6112.15,6121.5,5279
2024-10-03 09:45:00+05:30,6121.5,6124.7,6088.4,6096.8,4225
2024-10-03 10:00:00+05:30,6096.8,6102.0,6081.35,6101.65,3193
2024-10-03 10:15:00+05:30,6101.65,6124.3,6101.65,6116.75,5689
2024-10-03 10:30:00+05:30,6116.75,6131.15,6091.85,6096.6,6131
2024-10-03 10:45:00+05:30,6096.6,6167.4,6092.8,6158.3,59979
2024-10-03 11:00:00+05:30,6158.3,6195.6,6158.3,6160.15,7692
2024-10-03 11:15:00+05:30,6160.15,6170.0,6147.85,6155.8,12094
2024-10-03 11:30:00+05:30,6155.75,6159.2,6143.7,6155.85,46950
2024-10-03 11:45:00+05:30,6155.85,6173.9,6150.75,6153.75,9160
2024-10-03 12:00:00+05:30,6155.8,6160.3,6150.05,6155.8,8767
2024-10-03 12:15:00+05:30,6155.8,6162.65,6153.1,6156.15,5354
2024-10-03 12:30:00+05:30,6156.15,6175.55,6155.75,6169.5,4535
2024-10-03 12:45:00+05:30,6169.5,6173.85,6160.5,6173.0,4491
2024-10-03 13:00:00+05:30,6173.05,6176.75,6152.55,6165.75,6543
2024-10-03 13:15:00+05:30,6165.75,6173.4,6150.85,6155.75,10793
2024-10-03 13:30:00+05:30,6155.75,6157.5,6138.35,6155.6,24012
2024-10-03 13:45:00+05:30,6155.6,6158.2,6118.35,6130.3,14427
2024-10-03 14:00:00+05:30,6130.3,6140.35,6118.25,6129.75,5200
2024-10-03 14:15:00+05:30,6129.75,6132.05,6120.0,6121.7,4286
2024-10-03 14:30:00+05:30,6121.7,6122.2,6111.1,6119.9,10309
2024-10-03 14:45:00+05:30,6119.9,6154.6,6115.0,6153.0,41826
2024-10-03 15:00:00+05:30,6151.05,6168.7,6138.95,6158.05,12009
2024-10-03 15:15:00+05:30,6160.65,6182.85,6146.3,6182.85,11993
2024-10-04 09:15:00+05:30,6175.0,6241.9,6104.95,6107.0,10497
2024-10-04 09:30:00+05:30,6107.0,6137.8,6083.35,6109.55,6964
2024-10-04 09:45:00+05:30,6109.45,6175.5,6100.0,6171.0,13060
2024-10-04 10:00:00+05:30,6173.45,6196.95,6157.05,6186.95,3290
2024-10-04 10:15:00+05:30,6186.95,6204.25,6171.95,6200.3,3160
2024-10-04 10:30:00+05:30,6200.3,6210.0,6187.6,6188.65,3748
2024-10-04 10:45:00+05:30,6188.65,6196.9,6168.05,6178.4,3348
2024-10-04 11:00:00+05:30,6178.4,6179.95,6154.3,6164.1,3558
2024-10-04 11:15:00+05:30,6164.1,6170.2,6160.1,6167.75,3554
2024-10-04 11:30:00+05:30,6167.75,6200.0,6167.75,6193.95,4981
2024-10-04 11:45:00+05:30,6193.95,6210.0,6189.15,6205.15,4433
2024-10-04 12:00:00+05:30,6205.15,6239.05,6203.3,6235.2,6381
2024-10-04 12:15:00+05:30,6231.15,6309.0,6230.15,6309.0,45584
2024-10-04 12:30:00+05:30,6306.35,6316.5,6292.6,6295.65,15564
2024-10-04 12:45:00+05:30,6295.65,6307.55,6292.1,6296.75,39075
2024-10-04 13:00:00+05:30,6296.75,6305.0,6291.95,6296.9,43188
2024-10-04 13:15:00+05:30,6296.9,6309.0,6296.55,6301.2,9560
2024-10-04 13:30:00+05:30,6302.5,6311.35,6293.3,6298.8,28243
2024-10-04 13:45:00+05:30,6298.8,6320.0,6297.35,6300.0,6522
2024-10-04 14:00:00+05:30,6300.0,6307.6,6292.0,6297.6,6937
2024-10-04 14:15:00+05:30,6297.6,6300.0,6235.0,6244.95,29498
2024-10-04 14:30:00+05:30,6244.95,6251.15,6189.55,6199.4,11827
2024-10-04 14:45:00+05:30,6199.4,6199.4,6176.7,6185.3,4927
2024-10-04 15:00:00+05:30,6185.25,6202.3,6169.5,6183.0,9431
2024-10-04 15:15:00+05:30,6183.0,6222.6,6179.15,6200.0,15570
2024-10-07 09:15:00+05:30,6230.0,6235.0,6148.05,6156.3,5423
2024-10-07 09:30:00+05:30,6155.9,6194.85,6155.55,6184.4,2216
2024-10-07 09:45:00+05:30,6187.95,6190.35,6141.45,6149.25,2836
2024-10-07 10:00:00+05:30,6146.0,6155.35,6122.6,6150.6,4088
2024-10-07 10:15:00+05:30,6150.6,6151.4,6111.2,6120.65,3580
2024-10-07 10:30:00+05:30,6120.65,6127.45,6108.65,6120.0,4199
2024-10-07 10:45:00+05:30,6120.05,6193.05,6120.0,6181.5,110022
2024-10-07 11:00:00+05:30,6181.5,6219.95,6171.05,6198.95,41229
2024-10-07 11:15:00+05:30,6198.95,6241.45,6196.8,6215.6,5498
2024-10-07 11:30:00+05:30,6215.6,6249.5,6198.55,6244.35,13247
2024-10-07 11:45:00+05:30,6244.35,6267.2,6232.85,6242.7,21339
2024-10-07 12:00:00+05:30,6242.7,6242.95,6164.85,6183.9,12526
2024-10-07 12:15:00+05:30,6183.9,6187.65,6169.1,6172.95,2892
2024-10-07 12:30:00+05:30,6172.95,6174.05,6142.7,6150.0,3180
2024-10-07 12:45:00+05:30,6150.0,6150.0,6133.05,6138.1,4730
2024-10-07 13:00:00+05:30,6138.1,6140.2,6120.15,6128.1,3812
2024-10-07 13:15:00+05:30,6128.1,6145.95,6122.0,6144.0,2572
2024-10-07 13:30:00+05:30,6144.0,6149.9,6122.0,6128.05,3907
2024-10-07 13:45:00+05:30,6128.05,6148.4,6120.2,6144.0,3718
2024-10-07 14:00:00+05:30,6146.75,6149.95,6128.1,6128.55,3553
2024-10-07 14:15:00+05:30,6128.55,6129.9,6113.8,6121.0,4354
2024-10-07 14:30:00+05:30,6121.0,6135.25,6118.0,6126.8,6197
2024-10-07 14:45:00+05:30,6126.8,6149.0,6125.5,6146.15,6672
2024-10-07 15:00:00+05:30,6148.0,6168.45,6137.1,6147.35,9502
2024-10-07 15:15:00+05:30,6147.35,6186.55,6131.5,6131.5,19944
2024-10-08 09:15:00+05:30,6125.25,6146.15,6104.3,6143.8,5726
2024-10-08 09:30:00+05:30,6140.85,6146.95,6116.65,6135.1,4305
2024-10-08 09:45:00+05:30,6135.1,6192.7,6134.85,6191.55,3959
2024-10-08 10:00:00+05:30,6191.55,6198.0,6150.0,6155.8,2698
2024-10-08 10:15:00+05:30,6155.8,6200.05,6150.3,6187.4,3761
2024-10-08 10:30:00+05:30,6187.4,6210.0,6181.0,6208.35,3078
2024-10-08 10:45:00+05:30,6208.0,6225.0,6198.1,6214.0,6257
2024-10-08 11:00:00+05:30,6211.8,6254.45,6208.65,6251.15,4384
2024-10-08 11:15:00+05:30,6254.45,6264.8,6235.3,6236.95,2291
2024-10-08 11:30:00+05:30,6235.5,6251.0,6210.9,6220.0,3805
2024-10-08 11:45:00+05:30,6220.0,6223.85,6174.05,6194.2,10352
2024-10-08 12:00:00+05:30,6194.2,6209.35,6187.05,6208.45,2328
2024-10-08 12:15:00+05:30,6208.45,6216.6,6195.15,6210.9,2830
2024-10-08 12:30:00+05:30,6210.9,6223.7,6200.0,6211.65,1888
2024-10-08 12:45:00+05:30,6211.65,6219.35,6204.4,6214.95,3415
2024-10-08 13:00:00+05:30,6214.95,6235.0,6214.95,6224.85,2200
2024-10-08 13:15:00+05:30,6224.85,6258.25,6224.1,6257.95,3125
2024-10-08 13:30:00+05:30,6257.95,6266.5,6253.05,6260.0,2516
2024-10-08 13:45:00+05:30,6260.0,6262.35,6229.85,6233.25,3857
2024-10-08 14:00:00+05:30,6233.75,6255.0,6233.75,6246.05,4723
2024-10-08 14:15:00+05:30,6246.05,6253.8,6233.0,6246.1,4490
2024-10-08 14:30:00+05:30,6246.1,6246.15,6224.7,6224.7,4936
2024-10-08 14:45:00+05:30,6224.7,6229.4,6208.0,6227.0,6387
2024-10-08 15:00:00+05:30,6225.95,6260.0,6225.95,6260.0,9784
2024-10-08 15:15:00+05:30,6260.0,6266.0,6242.05,6263.0,8750
2024-10-09 09:15:00+05:30,6299.8,6339.5,6270.1,6294.65,11570
2024-10-09 09:30:00+05:30,6298.25,6328.45,6291.15,6316.8,8917
2024-10-09 09:45:00+05:30,6313.65,6322.95,6284.1,6284.1,2667
2024-10-09 10:00:00+05:30,6284.1,6306.55,6284.1,6299.4,2218
2024-10-09 10:15:00+05:30,6299.4,6342.6,6292.6,6339.4,13457
2024-10-09 10:30:00+05:30,6339.3,6375.55,6327.75,6355.1,8554
2024-10-09 10:45:00+05:30,6355.1,6365.0,6338.05,6352.6,6883
2024-10-09 11:00:00+05:30,6352.6,6352.6,6295.85,6299.15,4889
2024-10-09 11:15:00+05:30,6299.1,6310.0,6290.05,6296.45,2780
2024-10-09 11:30:00+05:30,6296.45,6311.35,6296.45,6300.0,3052
2024-10-09 11:45:00+05:30,6300.0,6302.3,6279.3,6279.45,3804
2024-10-09 12:00:00+05:30,6279.45,6294.7,6277.55,6289.8,2459
2024-10-09 12:15:00+05:30,6289.8,6326.35,6282.65,6315.5,2973
2024-10-09 12:30:00+05:30,6315.5,6327.65,6310.55,6314.8,2720
2024-10-09 12:45:00+05:30,6314.8,6348.9,6314.5,6348.0,3182
2024-10-09 13:00:00+05:30,6348.0,6348.25,6331.75,6331.75,2832
2024-10-09 13:15:00+05:30,6332.15,6334.7,6310.0,6312.8,3178
2024-10-09 13:30:00+05:30,6314.75,6348.0,6306.4,6346.7,3481
2024-10-09 13:45:00+05:30,6346.7,6347.0,6323.65,6334.95,2719
2024-10-09 14:00:00+05:30,6334.95,6338.8,6320.55,6328.9,3354
2024-10-09 14:15:00+05:30,6328.9,6340.0,6325.0,6327.0,3407
2024-10-09 14:30:00+05:30,6327.0,6363.7,6327.0,6350.7,8104
2024-10-09 14:45:00+05:30,6350.0,6358.5,6297.15,6300.0,14901
2024-10-09 15:00:00+05:30,6300.0,6300.1,6280.05,6291.45,10304
2024-10-09 15:15:00+05:30,6289.6,6300.65,6272.8,6290.0,9404
2024-10-10 09:15:00+05:30,6310.0,6340.55,6274.05,6285.6,4420
2024-10-10 09:30:00+05:30,6285.6,6288.3,6263.3,6271.5,2636
2024-10-10 09:45:00+05:30,6271.5,6286.45,6269.65,6279.35,3094
2024-10-10 10:00:00+05:30,6279.35,6279.9,6258.05,6258.05,1785
2024-10-10 10:15:00+05:30,6262.3,6270.3,6243.95,6253.0,2856
2024-10-10 10:30:00+05:30,6253.0,6262.45,6243.6,6251.0,1819
2024-10-10 10:45:00+05:30,6251.0,6252.95,6244.05,6251.0,2342
2024-10-10 11:00:00+05:30,6251.0,6253.25,6213.35,6220.05,3599
2024-10-10 11:15:00+05:30,6220.05,6229.25,6205.55,6205.85,3430
2024-10-10 11:30:00+05:30,6205.85,6221.05,6191.3,6208.25,4201
2024-10-10 11:45:00+05:30,6208.25,6209.15,6158.7,6161.5,5601
2024-10-10 12:00:00+05:30,6161.5,6180.55,6140.0,6143.3,4854
2024-10-10 12:15:00+05:30,6143.3,6146.9,6130.0,6135.9,2550
2024-10-10 12:30:00+05:30,6135.9,6138.7,6121.05,6135.75,3147
2024-10-10 12:45:00+05:30,6133.1,6138.7,6103.0,6105.25,4303
2024-10-10 13:00:00+05:30,6105.2,6107.9,6087.8,6096.1,5402
2024-10-10 13:15:00+05:30,6096.1,6099.75,6071.4,6079.0,4300
2024-10-10 13:30:00+05:30,6079.5,6115.0,6077.05,6107.05,7858
2024-10-10 13:45:00+05:30,6107.05,6126.5,6105.0,6106.15,5277
2024-10-10 14:00:00+05:30,6106.15,6143.15,6100.1,6108.95,15286
2024-10-10 14:15:00+05:30,6108.95,6113.55,6095.0,6103.65,6210
2024-10-10 14:30:00+05:30,6103.65,6113.5,6083.05,6090.0,7123
2024-10-10 14:45:00+05:30,6090.0,6146.0,6083.0,6135.7,8316
2024-10-10 15:00:00+05:30,6136.55,6148.0,6127.9,6142.55,10672
2024-10-10 15:15:00+05:30,6145.85,6145.95,6104.85,6121.0,12137
2024-10-11 09:15:00+05:30,6188.9,6188.9,6109.7,6182.6,8382
2024-10-11 09:30:00+05:30,6182.6,6188.75,6157.45,6167.3,5014
2024-10-11 09:45:00+05:30,6167.3,6186.8,6165.15,6170.75,2918
2024-10-11 10:00:00+05:30,6170.75,6188.95,6168.3,6175.4,3719
2024-10-11 10:15:00+05:30,6175.4,6179.0,6160.0,6175.0,2288
2024-10-11 10:30:00+05:30,6175.0,6175.0,6145.85,6151.7,3469
2024-10-11 10:45:00+05:30,6151.7,6160.0,6132.6,6139.0,5724
2024-10-11 11:00:00+05:30,6139.0,6155.1,6138.0,6154.95,1971
2024-10-11 11:15:00+05:30,6154.95,6170.45,6150.0,6159.85,3032
2024-10-11 11:30:00+05:30,6159.85,6171.55,6159.7,6166.05,2284
2024-10-11 11:45:00+05:30,6166.05,6173.6,6164.6,6166.45,2051
2024-10-11 12:00:00+05:30,6166.45,6166.6,6158.1,6163.65,2104
2024-10-11 12:15:00+05:30,6163.65,6194.0,6163.65,6183.15,3026
2024-10-11 12:30:00+05:30,6183.15,6183.15,6158.65,6179.75,3662
2024-10-11 12:45:00+05:30,6179.75,6184.95,6176.75,6180.75,1733
2024-10-11 13:00:00+05:30,6180.75,6228.5,6176.0,6225.0,12304
2024-10-11 13:15:00+05:30,6225.0,6227.35,6200.0,6207.75,6113
2024-10-11 13:30:00+05:30,6206.65,6215.6,6206.0,6210.0,2194
2024-10-11 13:45:00+05:30,6208.0,6224.85,6208.0,6210.95,3594
2024-10-11 14:00:00+05:30,6210.9,6226.4,6203.85,6224.25,4079
2024-10-11 14:15:00+05:30,6224.25,6224.25,6211.5,6217.75,1389
2024-10-11 14:30:00+05:30,6217.7,6227.0,6217.65,6221.0,2850
2024-10-11 14:45:00+05:30,6221.0,6233.0,6207.55,6210.0,7307
2024-10-11 15:00:00+05:30,6210.0,6210.0,6181.15,6183.55,10474
2024-10-11 15:15:00+05:30,6183.55,6198.25,6151.55,6187.85,8203
2024-10-14 09:15:00+05:30,6191.3,6234.75,6166.5,6171.7,8130
2024-10-14 09:30:00+05:30,6171.7,6206.15,6170.8,6205.9,3059
2024-10-14 09:45:00+05:30,6205.9,6236.0,6202.15,6228.9,4027
2024-10-14 10:00:00+05:30,6228.9,6230.0,6213.9,6219.65,1984
2024-10-14 10:15:00+05:30,6219.65,6222.0,6184.05,6197.95,3760
2024-10-14 10:30:00+05:30,6197.95,6220.0,6189.15,6220.0,3727
2024-10-14 10:45:00+05:30,6220.0,6230.0,6187.25,6188.5,6489
2024-10-14 11:00:00+05:30,6188.5,6209.7,6188.5,6209.7,3242
2024-10-14 11:15:00+05:30,6209.7,6233.2,6209.7,6231.65,3815
2024-10-14 11:30:00+05:30,6231.65,6231.8,6202.2,6206.35,5217
2024-10-14 11:45:00+05:30,6206.35,6210.05,6189.15,6192.9,6357
2024-10-14 12:00:00+05:30,6192.9,6195.55,6183.15,6188.3,2916
2024-10-14 12:15:00+05:30,6188.3,6195.0,6186.75,6190.75,2398
2024-10-14 12:30:00+05:30,6190.75,6196.1,6180.0,6180.0,5402
2024-10-14 12:45:00+05:30,6180.0,6195.25,6177.0,6187.5,3297
2024-10-14 13:00:00+05:30,6190.45,6195.3,6186.3,6190.0,2711
2024-10-14 13:15:00+05:30,6190.0,6193.05,6187.0,6190.0,2770
2024-10-14 13:30:00+05:30,6190.0,6193.65,6188.25,6190.0,6455
2024-10-14 13:45:00+05:30,6190.0,6192.8,6187.65,6190.0,3863
2024-10-14 14:00:00+05:30,6190.0,6192.9,6187.0,6190.2,6309
2024-10-14 14:15:00+05:30,6190.0,6209.85,6189.65,6206.05,6447
2024-10-14 14:30:00+05:30,6206.05,6231.0,6198.6,6231.0,5943
2024-10-14 14:45:00+05:30,6231.0,6249.0,6229.6,6242.3,7138
2024-10-14 15:00:00+05:30,6242.3,6258.1,6240.0,6253.85,8511
2024-10-14 15:15:00+05:30,6253.85,6270.0,6235.2,6249.7,8273
2024-10-15 09:15:00+05:30,6267.15,6299.8,6250.05,6299.7,8223
2024-10-15 09:30:00+05:30,6299.7,6318.55,6291.45,6291.45,6280
2024-10-15 09:45:00+05:30,6291.45,6291.5,6261.45,6272.8,3480
2024-10-15 10:00:00+05:30,6272.8,6288.85,6259.35,6261.8,3756
2024-10-15 10:15:00+05:30,6261.8,6269.95,6241.05,6243.35,5572
2024-10-15 10:30:00+05:30,6248.4,6268.25,6230.7,6267.35,4218
2024-10-15 10:45:00+05:30,6265.5,6284.8,6255.25,6280.8,5736
2024-10-15 11:00:00+05:30,6280.8,6293.15,6277.45,6292.0,3018
2024-10-15 11:15:00+05:30,6292.0,6292.85,6261.65,6265.65,4440
2024-10-15 11:30:00+05:30,6265.65,6271.95,6250.0,6262.1,2760
2024-10-15 11:45:00+05:30,6262.1,6269.9,6251.05,6268.5,3240
2024-10-15 12:00:00+05:30,6268.5,6273.0,6256.3,6271.7,2916
2024-10-15 12:15:00+05:30,6270.35,6288.8,6262.5,6274.95,4290
2024-10-15 12:30:00+05:30,6274.95,6278.25,6265.0,6271.2,2489
2024-10-15 12:45:00+05:30,6271.2,6274.45,6265.6,6269.5,2802
2024-10-15 13:00:00+05:30,6269.5,6271.0,6258.7,6264.95,3498
2024-10-15 13:15:00+05:30,6264.95,6271.0,6260.5,6270.7,2620
2024-10-15 13:30:00+05:30,6270.7,6285.95,6269.7,6272.7,4482
2024-10-15 13:45:00+05:30,6272.7,6272.7,6252.5,6254.35,3392
2024-10-15 14:00:00+05:30,6254.35,6270.7,6254.35,6268.8,2908
2024-10-15 14:15:00+05:30,6268.8,6268.85,6254.05,6260.35,3217
2024-10-15 14:30:00+05:30,6260.35,6267.45,6255.3,6265.3,4083
2024-10-15 14:45:00+05:30,6265.3,6278.95,6262.4,6267.4,4971
2024-10-15 15:00:00+05:30,6267.4,6273.15,6256.15,6267.55,6013
2024-10-15 15:15:00+05:30,6267.55,6275.9,6251.05,6251.05,10995
2024-10-16 09:15:00+05:30,6299.95,6299.95,6214.8,6217.35,4850
2024-10-16 09:30:00+05:30,6217.35,6232.0,6199.0,6205.55,2722
2024-10-16 09:45:00+05:30,6205.55,6205.65,6188.0,6188.25,2995
2024-10-16 10:00:00+05:30,6185.0,6185.8,6109.0,6134.6,9144
2024-10-16 10:15:00+05:30,6134.6,6160.75,6134.4,6150.7,7184
2024-10-16 10:30:00+05:30,6150.7,6158.0,6113.2,6157.0,14619
2024-10-16 10:45:00+05:30,6157.0,6161.7,6133.85,6137.9,3531
2024-10-16 11:00:00+05:30,6137.9,6141.95,6121.25,6125.1,3378
2024-10-16 11:15:00+05:30,6121.9,6126.3,6080.95,6082.0,7459
2024-10-16 11:30:00+05:30,6082.0,6095.2,6072.9,6081.55,3554
2024-10-16 11:45:00+05:30,6081.55,6084.05,6060.1,6075.0,5062
2024-10-16 12:00:00+05:30,6075.0,6081.15,6051.25,6059.1,4575
2024-10-16 12:15:00+05:30,6059.1,6084.75,6048.0,6075.35,4832
2024-10-16 12:30:00+05:30,6072.75,6088.25,6042.5,6069.4,12261
2024-10-16 12:45:00+05:30,6069.4,6134.4,6068.4,6129.85,7239
2024-10-16 13:00:00+05:30,6129.85,6137.2,6115.4,6120.55,4076
2024-10-16 13:15:00+05:30,6120.55,6129.7,6112.05,6116.95,2771
2024-10-16 13:30:00+05:30,6116.95,6123.2,6110.25,6112.8,2852
2024-10-16 13:45:00+05:30,6112.8,6120.25,6102.5,6120.25,3337
2024-10-16 14:00:00+05:30,6120.25,6135.25,6118.2,6125.9,4073
2024-10-16 14:15:00+05:30,6125.9,6134.6,6115.0,6132.4,3294
2024-10-16 14:30:00+05:30,6132.4,6144.7,6120.75,6132.45,4826
2024-10-16 14:45:00+05:30,6132.45,6139.4,6122.3,6137.55,4407
2024-10-16 15:00:00+05:30,6138.0,6140.0,6112.45,6118.3,14557
2024-10-16 15:15:00+05:30,6118.35,6124.05,6051.05,6083.0,41128
2024-10-17 09:15:00+05:30,6108.55,6195.45,6108.55,6154.7,20549
2024-10-17 09:30:00+05:30,6159.35,6160.5,6118.55,6123.5,11720
2024-10-17 09:45:00+05:30,6123.5,6146.8,6111.95,6131.25,10197
2024-10-17 10:00:00+05:30,6131.25,6138.4,6077.3,6097.2,7344
2024-10-17 10:15:00+05:30,6097.2,6098.0,6065.0,6090.95,5813
2024-10-17 10:30:00+05:30,6092.1,6107.05,6084.0,6096.0,5284
2024-10-17 10:45:00+05:30,6095.9,6095.9,6065.0,6074.4,6166
2024-10-17 11:00:00+05:30,6074.4,6077.3,6063.05,6068.1,4534
2024-10-17 11:15:00+05:30,6068.1,6074.55,6048.05,6051.5,4631
2024-10-17 11:30:00+05:30,6051.5,6089.0,6051.5,6067.75,4643
2024-10-17 11:45:00+05:30,6067.75,6067.75,6051.0,6053.75,4257
2024-10-17 12:00:00+05:30,6053.75,6075.95,6051.0,6057.65,4769
2024-10-17 12:15:00+05:30,6058.2,6062.55,6052.0,6060.25,3299
2024-10-17 12:30:00+05:30,6060.25,6072.15,6056.8,6063.5,3262
2024-10-17 12:45:00+05:30,6063.5,6065.1,6041.6,6052.6,4506
2024-10-17 13:00:00+05:30,6052.6,6055.9,6040.0,6043.05,3971
2024-10-17 13:15:00+05:30,6043.05,6046.2,6023.05,6027.45,3796
2024-10-17 13:30:00+05:30,6027.45,6036.45,6025.2,6027.15,3114
2024-10-17 13:45:00+05:30,6027.15,6027.15,6003.0,6009.65,6724
2024-10-17 14:00:00+05:30,6010.1,6017.6,5998.0,6003.4,6414
2024-10-17 14:15:00+05:30,6003.4,6036.3,6001.6,6026.65,3916
2024-10-17 14:30:00+05:30,6026.65,6030.0,6017.0,6019.8,3887
2024-10-17 14:45:00+05:30,6019.8,6035.6,6014.8,6021.0,5423
2024-10-17 15:00:00+05:30,6022.85,6033.25,6011.2,6031.5,8977
2024-10-17 15:15:00+05:30,6031.5,6041.5,6010.0,6012.45,11313
2024-10-18 09:15:00+05:30,6012.5,6129.0,6012.5,6119.75,43007
2024-10-18 09:30:00+05:30,6118.15,6140.85,6084.0,6105.0,20202
2024-10-18 09:45:00+05:30,6105.0,6108.9,6089.95,6101.8,12092
2024-10-18 10:00:00+05:30,6098.0,6098.2,6071.1,6078.45,9730
2024-10-18 10:15:00+05:30,6078.45,6080.0,6060.8,6072.25,6349
2024-10-18 10:30:00+05:30,6075.25,6091.1,6071.45,6079.85,4001
2024-10-18 10:45:00+05:30,6079.85,6085.0,6062.5,6067.7,3955
2024-10-18 11:00:00+05:30,6067.7,6070.0,6050.0,6060.0,3196
2024-10-18 11:15:00+05:30,6060.0,6062.95,6044.65,6059.0,2749
2024-10-18 11:30:00+05:30,6059.0,6069.9,6052.05,6056.3,3708
2024-10-18 11:45:00+05:30,6054.6,6066.4,6032.55,6039.35,5853
2024-10-18 12:00:00+05:30,6039.35,6081.7,6032.0,6052.45,4875
2024-10-18 12:15:00+05:30,6052.25,6070.0,6042.1,6044.25,5093
2024-10-18 12:30:00+05:30,6044.25,6048.15,6035.45,6042.0,2608
2024-10-18 12:45:00+05:30,6042.0,6059.15,6037.95,6050.2,61981
2024-10-18 13:00:00+05:30,6050.2,6057.8,6049.85,6052.3,4613
2024-10-18 13:15:00+05:30,6052.3,6100.0,6050.0,6086.45,4998
2024-10-18 13:30:00+05:30,6086.45,6140.85,6084.7,6140.0,8395
2024-10-18 13:45:00+05:30,6140.0,6158.0,6119.1,6151.75,7562
2024-10-18 14:00:00+05:30,6151.75,6157.6,6135.6,6136.25,4585
2024-10-18 14:15:00+05:30,6136.25,6142.45,6114.85,6125.35,4827
2024-10-18 14:30:00+05:30,6125.35,6139.3,6115.9,6117.6,3595
2024-10-18 14:45:00+05:30,6117.6,6140.0,6111.9,6135.15,5564
2024-10-18 15:00:00+05:30,6133.15,6138.45,6117.05,6129.3,6130
2024-10-18 15:15:00+05:30,6129.4,6155.0,6124.05,6154.0,13597
2024-10-21 09:15:00+05:30,6170.0,6196.0,6107.05,6121.5,17121
2024-10-21 09:30:00+05:30,6121.5,6144.95,6099.95,6135.45,23722
2024-10-21 09:45:00+05:30,6135.45,6172.0,6128.75,6164.0,30019
2024-10-21 10:00:00+05:30,6164.0,6189.5,6135.5,6146.8,23676
2024-10-21 10:15:00+05:30,6146.8,6147.5,6130.15,6133.0,12786
2024-10-21 10:30:00+05:30,6133.0,6145.0,6128.75,6144.0,8886
2024-10-21 10:45:00+05:30,6144.0,6214.8,6132.7,6210.0,30177
2024-10-21 11:00:00+05:30,6210.0,6250.0,6202.55,6234.25,21722
2024-10-21 11:15:00+05:30,6234.25,6250.0,6222.2,6244.95,5628
2024-10-21 11:30:00+05:30,6245.0,6245.0,6226.6,6237.35,4309
2024-10-21 11:45:00+05:30,6237.35,6239.2,6211.05,6217.3,7780
2024-10-21 12:00:00+05:30,6217.6,6220.3,6202.55,6205.7,3445
2024-10-21 12:15:00+05:30,6205.7,6223.4,6202.0,6220.0,5259
2024-10-21 12:30:00+05:30,6220.0,6224.6,6196.7,6200.0,5595
2024-10-21 12:45:00+05:30,6200.0,6204.0,6180.05,6186.2,4335
2024-10-21 13:00:00+05:30,6186.2,6190.0,6170.6,6175.95,3054
2024-10-21 13:15:00+05:30,6175.95,6180.0,6161.05,6166.95,5848
2024-10-21 13:30:00+05:30,6166.95,6179.95,6144.3,6149.6,4605
2024-10-21 13:45:00+05:30,6149.6,6177.85,6146.6,6167.25,4777
2024-10-21 14:00:00+05:30,6167.25,6170.0,6149.0,6158.2,5866
2024-10-21 14:15:00+05:30,6158.2,6176.25,6154.15,6167.2,3067
2024-10-21 14:30:00+05:30,6168.2,6170.0,6152.35,6164.75,3654
2024-10-21 14:45:00+05:30,6164.75,6169.45,6150.55,6162.2,4396
2024-10-21 15:00:00+05:30,6162.45,6170.0,6157.0,6167.15,5988
2024-10-21 15:15:00+05:30,6167.15,6170.0,6139.5,6150.0,14067
2024-10-22 09:15:00+05:30,6189.9,6220.75,6155.3,6179.85,15757
2024-10-22 09:30:00+05:30,6179.85,6197.65,6154.05,6189.15,4728
2024-10-22 09:45:00+05:30,6183.55,6200.0,6178.55,6186.25,4278
2024-10-22 10:00:00+05:30,6186.25,6193.6,6145.0,6148.2,4037
2024-10-22 10:15:00+05:30,6147.75,6156.65,6126.75,6137.85,27098
2024-10-22 10:30:00+05:30,6137.85,6146.45,6085.6,6107.45,11308
2024-10-22 10:45:00+05:30,6104.65,6149.65,6104.65,6135.65,4429
2024-10-22 11:00:00+05:30,6135.65,6155.0,6132.05,6150.0,5549
2024-10-22 11:15:00+05:30,6150.0,6166.3,6141.0,6147.55,4954
2024-10-22 11:30:00+05:30,6147.5,6164.4,6135.0,6139.75,5315
2024-10-22 11:45:00+05:30,6139.75,6155.0,6132.65,6155.0,5978
2024-10-22 12:00:00+05:30,6155.0,6160.0,6141.3,6148.7,8257
2024-10-22 12:15:00+05:30,6151.15,6160.0,6148.7,6153.6,5212
2024-10-22 12:30:00+05:30,6153.6,6160.0,6140.05,6159.1,13842
2024-10-22 12:45:00+05:30,6159.1,6166.95,6132.65,6137.6,11532
2024-10-22 13:00:00+05:30,6137.6,6137.6,6099.0,6136.45,8414
2024-10-22 13:15:00+05:30,6136.45,6136.45,6117.5,6129.75,14564
2024-10-22 13:30:00+05:30,6129.75,6142.0,6126.2,6136.8,4437
2024-10-22 13:45:00+05:30,6136.8,6150.0,6132.05,6142.5,4848
2024-10-22 14:00:00+05:30,6142.5,6145.9,6123.05,6144.15,4040
2024-10-22 14:15:00+05:30,6144.15,6147.7,6128.55,6134.75,5957
2024-10-22 14:30:00+05:30,6134.75,6149.45,6125.3,6142.95,7432
2024-10-22 14:45:00+05:30,6142.95,6142.95,6107.4,6115.25,7864
2024-10-22 15:00:00+05:30,6112.85,6128.45,6097.55,6099.95,14289
2024-10-22 15:15:00+05:30,6099.95,6123.3,6097.55,6111.05,11951
2024-10-23 09:15:00+05:30,6111.0,6185.55,6082.9,6105.4,8808
2024-10-23 09:30:00+05:30,6104.55,6107.2,6070.45,6089.6,5452
2024-10-23 09:45:00+05:30,6086.75,6161.25,6072.15,6135.5,5792
2024-10-23 10:00:00+05:30,6136.9,6159.45,6129.85,6141.0,3747
2024-10-23 10:15:00+05:30,6141.0,6158.8,6105.15,6113.95,4874
2024-10-23 10:30:00+05:30,6110.2,6116.1,6099.3,6101.8,4616
2024-10-23 10:45:00+05:30,6101.8,6111.9,6096.0,6109.85,2869
2024-10-23 11:00:00+05:30,6109.85,6111.15,6103.8,6109.15,2688
2024-10-23 11:15:00+05:30,6109.15,6117.2,6107.35,6108.75,5320
2024-10-23 11:30:00+05:30,6109.75,6121.5,6102.6,6109.85,4635
2024-10-23 11:45:00+05:30,6109.85,6111.4,6084.35,6092.5,2832
2024-10-23 12:00:00+05:30,6092.5,6102.4,6066.0,6076.9,2630
2024-10-23 12:15:00+05:30,6076.9,6090.95,6071.05,6085.25,1672
2024-10-23 12:30:00+05:30,6085.25,6092.9,6060.0,6062.2,4316
2024-10-23 12:45:00+05:30,6062.2,6063.9,6050.05,6054.15,2556
2024-10-23 13:00:00+05:30,6054.15,6066.05,6033.0,6033.95,2543
2024-10-23 13:15:00+05:30,6033.95,6039.0,6023.9,6038.45,2469
2024-10-23 13:30:00+05:30,6034.5,6052.35,6027.3,6039.2,2448
2024-10-23 13:45:00+05:30,6039.2,6039.2,5975.0,5993.1,12756
2024-10-23 14:00:00+05:30,5993.1,5994.85,5944.05,5957.05,11867
2024-10-23 14:15:00+05:30,5957.05,5964.1,5924.95,5939.2,32094
2024-10-23 14:30:00+05:30,5938.8,5947.45,5853.05,5866.05,44351
2024-10-23 14:45:00+05:30,5866.05,5876.1,5805.0,5822.15,35075
2024-10-23 15:00:00+05:30,5822.15,5870.0,5822.15,5854.95,23853
2024-10-23 15:15:00+05:30,5854.9,5874.95,5850.0,5858.0,15823
2024-10-24 09:15:00+05:30,5900.0,5931.25,5864.05,5887.05,30792
2024-10-24 09:30:00+05:30,5887.05,5890.0,5873.55,5884.95,10854
2024-10-24 09:45:00+05:30,5885.0,5939.95,5884.15,5909.7,18020
2024-10-24 10:00:00+05:30,5909.7,5919.0,5894.85,5908.05,13419
2024-10-24 10:15:00+05:30,5908.05,5926.3,5889.8,5893.0,27285
2024-10-24 10:30:00+05:30,5893.0,5966.0,5892.4,5959.85,12191
2024-10-24 10:45:00+05:30,5959.85,5970.0,5947.8,5950.3,7614
2024-10-24 11:00:00+05:30,5950.3,5965.0,5950.3,5965.0,2912
2024-10-24 11:15:00+05:30,5965.0,5965.0,5950.2,5955.2,3177
2024-10-24 11:30:00+05:30,5955.2,5958.0,5932.15,5932.15,5081
2024-10-24 11:45:00+05:30,5932.15,5934.0,5900.7,5912.05,7034
2024-10-24 12:00:00+05:30,5912.05,5928.7,5905.35,5914.1,3103
2024-10-24 12:15:00+05:30,5914.1,5941.95,5908.9,5932.7,3797
2024-10-24 12:30:00+05:30,5932.7,5935.0,5922.3,5930.0,2924
2024-10-24 12:45:00+05:30,5930.0,5932.95,5927.05,5932.25,2255
2024-10-24 13:00:00+05:30,5932.25,5949.9,5930.95,5941.65,4519
2024-10-24 13:15:00+05:30,5941.65,5955.2,5940.0,5952.65,2287
2024-10-24 13:30:00+05:30,5952.65,5954.95,5935.75,5951.65,4156
2024-10-24 13:45:00+05:30,5951.65,5954.0,5945.05,5950.5,1529
2024-10-24 14:00:00+05:30,5950.5,5984.95,5937.0,5937.0,7682
2024-10-24 14:15:00+05:30,5940.0,5940.0,5913.6,5936.15,7010
2024-10-24 14:30:00+05:30,5936.15,5947.45,5924.75,5936.95,3383
2024-10-24 14:45:00+05:30,5936.95,5967.4,5936.95,5960.65,4606
2024-10-24 15:00:00+05:30,5960.65,5967.9,5951.8,5955.95,7871
2024-10-24 15:15:00+05:30,5955.95,5969.75,5941.2,5941.2,10945
2024-10-25 09:15:00+05:30,5958.0,6008.25,5952.95,5998.95,6596
2024-10-25 09:30:00+05:30,5998.95,5999.55,5945.15,5945.15,4407
2024-10-25 09:45:00+05:30,5949.7,5965.0,5937.55,5947.2,3555
2024-10-25 10:00:00+05:30,5947.2,5956.0,5915.05,5947.1,3849
2024-10-25 10:15:00+05:30,5947.1,5975.95,5929.1,5938.65,3544
2024-10-25 10:30:00+05:30,5940.0,5959.0,5920.05,5922.9,1954
2024-10-25 10:45:00+05:30,5922.9,5945.0,5905.5,5945.0,4297
2024-10-25 11:00:00+05:30,5945.0,5989.05,5932.7,5987.8,4305
2024-10-25 11:15:00+05:30,5987.8,5994.25,5957.65,5966.3,4637
2024-10-25 11:30:00+05:30,5966.3,5970.0,5952.95,5956.65,7819
2024-10-25 11:45:00+05:30,5956.65,5966.4,5909.0,5933.25,14096
2024-10-25 12:00:00+05:30,5933.25,5945.0,5924.3,5928.0,1541
2024-10-25 12:15:00+05:30,5928.0,5933.15,5902.9,5921.85,2365
2024-10-25 12:30:00+05:30,5921.85,5928.15,5911.6,5926.45,1401
2024-10-25 12:45:00+05:30,5926.45,5937.3,5921.5,5926.6,1544
2024-10-25 13:00:00+05:30,5926.6,5933.1,5918.0,5928.75,2163
2024-10-25 13:15:00+05:30,5928.75,5933.25,5914.8,5917.95,1683
2024-10-25 13:30:00+05:30,5917.95,5930.5,5915.0,5927.15,1811
2024-10-25 13:45:00+05:30,5927.15,5928.05,5903.35,5908.95,1894
2024-10-25 14:00:00+05:30,5908.95,5919.0,5900.05,5911.95,2455
2024-10-25 14:15:00+05:30,5911.95,5918.4,5907.0,5911.0,1655
2024-10-25 14:30:00+05:30,5910.3,5931.9,5891.9,5929.9,2904
2024-10-25 14:45:00+05:30,5929.9,5943.7,5921.75,5938.0,2968
2024-10-25 15:00:00+05:30,5937.95,5949.2,5934.4,5942.95,5074
2024-10-25 15:15:00+05:30,5943.85,5948.2,5930.75,5944.95,4530
2024-10-28 09:15:00+05:30,5954.3,6007.4,5938.05,5950.05,8752
2024-10-28 09:30:00+05:30,5950.15,5964.95,5927.6,5933.25,4173
2024-10-28 09:45:00+05:30,5933.25,5961.85,5916.0,5949.55,4938
2024-10-28 10:00:00+05:30,5949.55,5972.0,5930.05,5970.05,3409
2024-10-28 10:15:00+05:30,5970.05,6008.15,5970.05,6007.75,5063
2024-10-28 10:30:00+05:30,6007.75,6027.65,5994.2,6020.3,4537
2024-10-28 10:45:00+05:30,6020.3,6037.9,6005.1,6019.0,7382
2024-10-28 11:00:00+05:30,6019.0,6039.95,6015.9,6016.7,3307
2024-10-28 11:15:00+05:30,6016.7,6031.0,6006.3,6006.75,3201
2024-10-28 11:30:00+05:30,6010.0,6018.1,5993.85,6016.75,3021
2024-10-28 11:45:00+05:30,6016.75,6039.0,6008.8,6018.0,3656
2024-10-28 12:00:00+05:30,6018.0,6023.65,6010.05,6020.0,2850
2024-10-28 12:15:00+05:30,6020.0,6049.0,6011.65,6036.4,3499
2024-10-28 12:30:00+05:30,6036.4,6041.4,6027.55,6033.15,5816
2024-10-28 12:45:00+05:30,6033.15,6064.3,6030.3,6040.15,4275
2024-10-28 13:00:00+05:30,6040.0,6044.1,6033.2,6034.55,2452
2024-10-28 13:15:00+05:30,6034.55,6041.75,6031.45,6038.0,1595
2024-10-28 13:30:00+05:30,6038.0,6066.4,6031.15,6059.05,13625
2024-10-28 13:45:00+05:30,6062.45,6070.95,6054.8,6070.6,3329
2024-10-28 14:00:00+05:30,6070.6,6083.95,6060.05,6061.4,6611
2024-10-28 14:15:00+05:30,6061.4,6072.0,6055.55,6070.7,2713
2024-10-28 14:30:00+05:30,6071.1,6075.0,6063.5,6072.25,3642
2024-10-28 14:45:00+05:30,6072.25,6084.5,6045.15,6049.55,9087
2024-10-28 15:00:00+05:30,6049.55,6050.0,6033.6,6048.0,7187
2024-10-28 15:15:00+05:30,6048.0,6050.75,6015.55,6021.0,7059
2024-10-29 09:15:00+05:30,6060.0,6060.2,6006.7,6013.25,5358
2024-10-29 09:30:00+05:30,6011.35,6012.2,5954.15,5970.1,3068
2024-10-29 09:45:00+05:30,5967.6,5973.65,5925.05,5928.45,3389
2024-10-29 10:00:00+05:30,5928.45,5934.2,5881.9,5891.8,5929
2024-10-29 10:15:00+05:30,5891.8,5904.95,5858.0,5895.3,4977
2024-10-29 10:30:00+05:30,5895.3,5905.0,5879.7,5880.65,5000
2024-10-29 10:45:00+05:30,5880.65,5909.95,5880.65,5898.7,4636
2024-10-29 11:00:00+05:30,5898.7,5904.3,5862.15,5873.6,5806
2024-10-29 11:15:00+05:30,5872.05,5876.6,5838.05,5844.85,4239
2024-10-29 11:30:00+05:30,5847.0,5860.0,5833.3,5833.45,5847
2024-10-29 11:45:00+05:30,5833.45,5854.0,5825.0,5847.7,9678
2024-10-29 12:00:00+05:30,5847.7,5859.0,5829.15,5858.25,5426
2024-10-29 12:15:00+05:30,5858.25,5869.85,5837.65,5843.1,6142
2024-10-29 12:30:00+05:30,5843.1,5857.5,5838.95,5854.95,2960
2024-10-29 12:45:00+05:30,5854.95,5859.0,5842.45,5851.8,3216
2024-10-29 13:00:00+05:30,5851.3,5864.75,5845.0,5861.1,4443
2024-10-29 13:15:00+05:30,5861.1,5884.45,5856.4,5875.45,3790
2024-10-29 13:30:00+05:30,5876.05,5881.95,5863.7,5871.05,5826
2024-10-29 13:45:00+05:30,5871.05,5871.8,5835.75,5847.85,7889
2024-10-29 14:00:00+05:30,5847.85,5854.05,5844.1,5850.95,39046
2024-10-29 14:15:00+05:30,5852.0,5936.8,5849.85,5925.0,25800
2024-10-29 14:30:00+05:30,5925.0,5940.0,5908.55,5930.0,5614
2024-10-29 14:45:00+05:30,5929.8,5937.2,5918.85,5930.3,4818
2024-10-29 15:00:00+05:30,5930.95,5942.05,5921.75,5925.0,6331
2024-10-29 15:15:00+05:30,5922.35,5937.65,5913.1,5937.15,8755
2024-10-30 09:15:00+05:30,5930.0,5975.4,5896.8,5907.15,9823
2024-10-30 09:30:00+05:30,5907.2,5939.6,5901.0,5938.15,3923
2024-10-30 09:45:00+05:30,5935.7,5949.25,5913.4,5916.25,3182
2024-10-30 10:00:00+05:30,5916.25,5919.9,5902.0,5910.4,2260
2024-10-30 10:15:00+05:30,5910.4,5940.0,5910.4,5930.0,3862
2024-10-30 10:30:00+05:30,5930.0,5930.55,5878.05,5886.6,8248
2024-10-30 10:45:00+05:30,5886.6,5886.65,5828.3,5835.0,12458
2024-10-30 11:00:00+05:30,5835.0,5854.6,5811.2,5849.4,12568
2024-10-30 11:15:00+05:30,5847.6,5851.95,5822.6,5822.6,4747
2024-10-30 11:30:00+05:30,5825.15,5835.0,5812.05,5833.1,3884
2024-10-30 11:45:00+05:30,5834.05,5840.85,5820.6,5840.25,3186
2024-10-30 12:00:00+05:30,5839.95,5843.2,5820.0,5833.8,3073
2024-10-30 12:15:00+05:30,5833.8,5840.7,5816.1,5821.55,3935
2024-10-30 12:30:00+05:30,5821.55,5845.4,5820.4,5839.55,3544
2024-10-30 12:45:00+05:30,5840.35,5850.0,5837.0,5838.05,3855
2024-10-30 13:00:00+05:30,5838.05,5849.85,5822.9,5822.9,3088
2024-10-30 13:15:00+05:30,5822.9,5829.85,5816.1,5821.6,3578
2024-10-30 13:30:00+05:30,5821.6,5831.75,5789.05,5798.35,5552
2024-10-30 13:45:00+05:30,5799.75,5811.5,5786.3,5790.95,5078
2024-10-30 14:00:00+05:30,5790.95,5800.0,5781.2,5783.1,4238
2024-10-30 14:15:00+05:30,5783.1,5803.0,5783.1,5799.2,3692
2024-10-30 14:30:00+05:30,5799.2,5805.0,5786.05,5786.7,4151
2024-10-30 14:45:00+05:30,5786.0,5806.0,5773.25,5802.65,5622
2024-10-30 15:00:00+05:30,5802.95,5803.05,5782.45,5793.7,7431
2024-10-30 15:15:00+05:30,5793.7,5809.95,5788.05,5806.9,7332
2024-10-31 09:15:00+05:30,5794.65,5840.4,5788.3,5805.15,9280
2024-10-31 09:30:00+05:30,5805.15,5805.15,5775.6,5795.6,3382
2024-10-31 09:45:00+05:30,5795.6,5807.5,5781.05,5803.95,3534
2024-10-31 10:00:00+05:30,5803.95,5809.95,5763.4,5772.0,3703
2024-10-31 10:15:00+05:30,5772.0,5782.75,5765.3,5777.0,3178
2024-10-31 10:30:00+05:30,5777.0,5797.85,5777.0,5784.4,4157
2024-10-31 10:45:00+05:30,5784.4,5790.9,5775.05,5780.2,2746
2024-10-31 11:00:00+05:30,5780.2,5812.0,5780.2,5809.9,3205
2024-10-31 11:15:00+05:30,5814.2,5819.9,5791.55,5798.55,4053
2024-10-31 11:30:00+05:30,5798.55,5822.5,5795.05,5820.7,3292
2024-10-31 11:45:00+05:30,5821.55,5827.9,5811.9,5817.15,3210
2024-10-31 12:00:00+05:30,5817.15,5823.95,5811.1,5823.45,2713
2024-10-31 12:15:00+05:30,5823.95,5849.2,5818.05,5832.0,5900
2024-10-31 12:30:00+05:30,5832.0,5844.35,5822.5,5828.8,3937
2024-10-31 12:45:00+05:30,5828.8,5844.7,5826.45,5842.45,4433
2024-10-31 13:00:00+05:30,5842.45,5854.5,5830.6,5839.3,4529
2024-10-31 13:15:00+05:30,5839.3,5845.0,5822.4,5825.15,4141
2024-10-31 13:30:00+05:30,5825.15,5843.9,5825.0,5837.3,3355
2024-10-31 13:45:00+05:30,5837.3,5846.75,5826.05,5826.5,5480
2024-10-31 14:00:00+05:30,5828.0,5840.35,5815.0,5816.5,4274
2024-10-31 14:15:00+05:30,5818.0,5829.15,5818.0,5820.45,3103
2024-10-31 14:30:00+05:30,5819.1,5838.85,5795.0,5806.25,13189
2024-10-31 14:45:00+05:30,5803.65,5810.0,5782.6,5789.65,8239
2024-10-31 15:00:00+05:30,5789.65,5791.9,5767.5,5777.85,17559
2024-10-31 15:15:00+05:30,5777.85,5803.05,5770.0,5781.3,15819
2024-11-01 18:00:00+05:30,5820.75,5837.55,5806.85,5826.0,1534
2024-11-01 18:15:00+05:30,5830.8,5834.0,5825.05,5833.65,432
2024-11-01 18:30:00+05:30,5833.65,5833.65,5803.05,5807.7,1659
2024-11-01 18:45:00+05:30,5807.7,5811.2,5750.0,5752.0,1751
2024-11-04 09:15:00+05:30,5762.4,5789.8,5720.0,5761.05,10111
2024-11-04 09:30:00+05:30,5761.05,5788.95,5745.05,5780.0,3293
2024-11-04 09:45:00+05:30,5780.0,5783.7,5755.0,5779.4,3723
2024-11-04 10:00:00+05:30,5778.75,5795.3,5740.25,5752.0,3593
2024-11-04 10:15:00+05:30,5752.0,5771.1,5750.8,5757.25,3550
2024-11-04 10:30:00+05:30,5757.25,5763.65,5727.8,5737.9,4458
2024-11-04 10:45:00+05:30,5738.05,5766.45,5738.05,5739.15,5321
2024-11-04 11:00:00+05:30,5739.15,5757.0,5735.0,5746.45,3062
2024-11-04 11:15:00+05:30,5746.45,5782.0,5727.05,5776.5,2423
2024-11-04 11:30:00+05:30,5776.2,5776.2,5762.95,5771.35,2177
2024-11-04 11:45:00+05:30,5771.35,5773.1,5748.15,5755.2,3051
2024-11-04 12:00:00+05:30,5755.2,5771.0,5752.35,5758.5,3122
2024-11-04 12:15:00+05:30,5758.5,5765.25,5750.65,5757.8,1767
2024-11-04 12:30:00+05:30,5757.8,5762.65,5750.0,5750.0,1802
2024-11-04 12:45:00+05:30,5750.0,5754.0,5736.3,5736.4,2390
2024-11-04 13:00:00+05:30,5736.4,5763.0,5736.4,5758.85,2243
2024-11-04 13:15:00+05:30,5758.85,5758.85,5741.2,5742.8,2115
2024-11-04 13:30:00+05:30,5742.8,5754.7,5740.0,5742.0,2243
2024-11-04 13:45:00+05:30,5742.0,5759.5,5740.1,5757.7,2825
2024-11-04 14:00:00+05:30,5757.7,5772.95,5748.15,5769.95,3905
2024-11-04 14:15:00+05:30,5768.75,5798.85,5768.05,5795.0,6634
2024-11-04 14:30:00+05:30,5794.0,5805.4,5787.05,5799.3,5498
2024-11-04 14:45:00+05:30,5799.3,5808.2,5787.4,5787.4,5565
2024-11-04 15:00:00+05:30,5789.3,5803.8,5789.3,5797.35,8140
2024-11-04 15:15:00+05:30,5797.65,5806.95,5790.0,5792.15,10138
2024-11-05 09:15:00+05:30,5767.0,5867.2,5767.0,5821.35,5360
2024-11-05 09:30:00+05:30,5821.35,5828.0,5802.0,5805.15,4044
2024-11-05 09:45:00+05:30,5805.15,5807.0,5773.45,5799.4,16770
2024-11-05 10:00:00+05:30,5798.15,5799.7,5681.0,5688.95,13603
2024-11-05 10:15:00+05:30,5691.95,5707.65,5650.4,5690.0,18694
2024-11-05 10:30:00+05:30,5690.0,5698.95,5657.5,5658.95,9003
2024-11-05 10:45:00+05:30,5658.95,5672.85,5637.45,5664.0,7276
2024-11-05 11:00:00+05:30,5664.0,5685.0,5660.0,5660.05,5949
2024-11-05 11:15:00+05:30,5660.05,5662.35,5647.55,5654.6,3121
2024-11-05 11:30:00+05:30,5654.6,5657.2,5628.05,5630.0,5913
2024-11-05 11:45:00+05:30,5630.0,5663.45,5621.75,5635.95,8966
2024-11-05 12:00:00+05:30,5639.3,5658.0,5635.0,5635.0,3402
2024-11-05 12:15:00+05:30,5635.0,5643.7,5620.1,5629.05,5297
2024-11-05 12:30:00+05:30,5631.8,5648.55,5625.0,5639.35,4065
2024-11-05 12:45:00+05:30,5639.35,5665.0,5639.35,5647.4,4596
2024-11-05 13:00:00+05:30,5647.4,5673.0,5645.9,5663.0,3671
2024-11-05 13:15:00+05:30,5664.95,5690.55,5651.9,5684.05,4311
2024-11-05 13:30:00+05:30,5684.05,5688.65,5667.7,5673.95,4083
2024-11-05 13:45:00+05:30,5673.95,5690.0,5673.95,5684.2,3213
2024-11-05 14:00:00+05:30,5684.2,5686.95,5652.1,5653.7,7685
2024-11-05 14:15:00+05:30,5653.7,5667.7,5650.0,5658.95,4851
2024-11-05 14:30:00+05:30,5658.95,5678.1,5658.15,5672.6,7559
2024-11-05 14:45:00+05:30,5672.6,5677.0,5663.9,5665.4,7155
2024-11-05 15:00:00+05:30,5666.55,5684.05,5663.8,5670.4,14343
2024-11-05 15:15:00+05:30,5670.05,5677.35,5651.75,5660.0,19130
2024-11-06 09:15:00+05:30,5700.2,5740.0,5661.0,5736.0,10100
2024-11-06 09:30:00+05:30,5736.0,5748.6,5727.05,5743.35,4298
2024-11-06 09:45:00+05:30,5743.35,5752.75,5723.35,5751.7,3964
2024-11-06 10:00:00+05:30,5751.7,5756.9,5739.95,5744.8,2971
2024-11-06 10:15:00+05:30,5744.3,5759.4,5730.75,5734.25,4620
2024-11-06 10:30:00+05:30,5734.25,5757.45,5720.3,5748.85,5769
2024-11-06 10:45:00+05:30,5748.95,5758.75,5733.4,5734.15,4488
2024-11-06 11:00:00+05:30,5734.15,5747.85,5730.2,5739.35,3075
2024-11-06 11:15:00+05:30,5739.35,5746.95,5730.05,5739.9,3277
2024-11-06 11:30:00+05:30,5739.9,5752.3,5731.0,5752.05,4891
2024-11-06 11:45:00+05:30,5751.9,5780.0,5751.9,5766.7,6868
2024-11-06 12:00:00+05:30,5766.7,5792.0,5766.7,5780.55,18225
2024-11-06 12:15:00+05:30,5780.55,5799.0,5775.05,5795.85,13652
2024-11-06 12:30:00+05:30,5794.15,5813.8,5790.0,5812.0,8906
2024-11-06 12:45:00+05:30,5812.0,5833.5,5812.0,5818.35,12032
2024-11-06 13:00:00+05:30,5819.2,5832.95,5808.2,5813.5,13078
2024-11-06 13:15:00+05:30,5813.5,5821.9,5793.1,5819.05,6205
2024-11-06 13:30:00+05:30,5819.05,5819.05,5800.0,5808.0,6093
2024-11-06 13:45:00+05:30,5808.0,5814.8,5803.95,5806.6,3997
2024-11-06 14:00:00+05:30,5809.75,5832.55,5809.75,5828.55,8080
2024-11-06 14:15:00+05:30,5828.6,5865.0,5828.2,5852.35,8183
2024-11-06 14:30:00+05:30,5854.0,5864.0,5843.3,5849.7,5287
2024-11-06 14:45:00+05:30,5849.6,5860.9,5843.0,5847.35,13665
2024-11-06 15:00:00+05:30,5846.4,5865.0,5846.3,5849.85,7178
2024-11-06 15:15:00+05:30,5850.8,5860.0,5849.9,5853.5,10777
2024-11-07 09:15:00+05:30,5920.0,5958.9,5871.0,5877.95,57523
2024-11-07 09:30:00+05:30,5877.95,5887.9,5764.05,5776.85,45973
2024-11-07 09:45:00+05:30,5776.85,5796.1,5742.0,5743.7,23602
2024-11-07 10:00:00+05:30,5743.7,5746.85,5701.1,5738.2,23120
2024-11-07 10:15:00+05:30,5738.15,5763.95,5730.8,5739.15,17837
2024-11-07 10:30:00+05:30,5739.15,5754.65,5719.7,5752.6,14114
2024-11-07 10:45:00+05:30,5752.6,5777.8,5700.0,5717.5,30081
2024-11-07 11:00:00+05:30,5717.5,5770.0,5707.5,5734.95,17308
2024-11-07 11:15:00+05:30,5734.95,5749.6,5720.0,5723.9,7833
2024-11-07 11:30:00+05:30,5723.9,5742.95,5720.2,5740.95,6880
2024-11-07 11:45:00+05:30,5740.95,5757.95,5727.55,5732.65,8230
2024-11-07 12:00:00+05:30,5732.65,5736.7,5708.55,5723.3,9846
2024-11-07 12:15:00+05:30,5723.3,5723.8,5682.0,5692.8,16241
2024-11-07 12:30:00+05:30,5693.6,5700.55,5675.15,5683.6,16665
2024-11-07 12:45:00+05:30,5683.6,5699.95,5683.6,5695.95,9545
2024-11-07 13:00:00+05:30,5695.95,5700.05,5685.6,5695.7,9542
2024-11-07 13:15:00+05:30,5695.7,5711.35,5694.6,5702.85,9472
2024-11-07 13:30:00+05:30,5702.85,5713.0,5695.0,5707.6,9666
2024-11-07 13:45:00+05:30,5707.6,5712.0,5701.85,5707.35,7848
2024-11-07 14:00:00+05:30,5707.2,5725.0,5701.0,5724.2,12004
2024-11-07 14:15:00+05:30,5724.2,5739.7,5719.1,5739.0,12337
2024-11-07 14:30:00+05:30,5739.0,5739.0,5716.05,5731.55,14342
2024-11-07 14:45:00+05:30,5731.55,5740.8,5725.0,5733.75,22977
2024-11-07 15:00:00+05:30,5733.75,5737.8,5715.0,5717.6,25368
2024-11-07 15:15:00+05:30,5716.9,5729.95,5710.0,5720.0,27224
2024-11-08 09:15:00+05:30,5726.85,5784.2,5715.6,5752.2,27498
2024-11-08 09:30:00+05:30,5752.2,5773.9,5749.0,5765.0,9120
2024-11-08 09:45:00+05:30,5767.25,5786.9,5723.8,5744.95,14853
2024-11-08 10:00:00+05:30,5745.0,5772.8,5744.95,5764.9,7032
2024-11-08 10:15:00+05:30,5764.9,5768.0,5751.0,5755.0,10219
2024-11-08 10:30:00+05:30,5755.05,5762.7,5728.55,5735.3,9379
2024-11-08 10:45:00+05:30,5735.3,5754.15,5729.5,5750.85,32402
2024-11-08 11:00:00+05:30,5750.55,5752.7,5691.65,5697.5,12911
2024-11-08 11:15:00+05:30,5696.75,5714.9,5685.05,5713.4,6256
2024-11-08 11:30:00+05:30,5711.85,5722.1,5697.85,5703.5,4910
2024-11-08 11:45:00+05:30,5703.3,5715.85,5695.75,5705.4,9206
2024-11-08 12:00:00+05:30,5705.4,5706.75,5693.2,5698.85,5569
2024-11-08 12:15:00+05:30,5697.55,5704.7,5677.6,5691.0,7249
2024-11-08 12:30:00+05:30,5689.75,5707.7,5689.75,5692.55,4521
2024-11-08 12:45:00+05:30,5693.5,5716.3,5693.5,5702.4,9546
2024-11-08 13:00:00+05:30,5702.4,5719.9,5700.8,5718.35,6838
2024-11-08 13:15:00+05:30,5718.6,5719.45,5705.25,5715.25,5723
2024-11-08 13:30:00+05:30,5716.35,5719.4,5706.6,5710.95,7233
2024-11-08 13:45:00+05:30,5711.0,5713.85,5704.55,5713.85,5296
2024-11-08 14:00:00+05:30,5713.85,5729.5,5710.55,5720.65,9388
2024-11-08 14:15:00+05:30,5720.65,5723.45,5711.2,5719.45,8251
2024-11-08 14:30:00+05:30,5717.35,5720.4,5700.25,5717.25,9254
2024-11-08 14:45:00+05:30,5716.3,5721.2,5710.3,5721.2,8639
2024-11-08 15:00:00+05:30,5719.7,5721.5,5702.85,5706.1,12605
2024-11-08 15:15:00+05:30,5708.45,5708.75,5694.6,5695.0,14313
2024-11-11 09:15:00+05:30,5712.0,5739.4,5672.55,5698.2,21938
2024-11-11 09:30:00+05:30,5696.1,5713.3,5675.6,5701.85,9037
2024-11-11 09:45:00+05:30,5701.85,5731.95,5700.0,5717.3,8755
2024-11-11 10:00:00+05:30,5717.3,5727.15,5700.1,5709.7,6646
2024-11-11 10:15:00+05:30,5709.7,5744.75,5706.75,5744.75,9549
2024-11-11 10:30:00+05:30,5737.9,5745.1,5705.0,5720.3,7866
2024-11-11 10:45:00+05:30,5720.3,5726.95,5693.3,5698.6,11515
2024-11-11 11:00:00+05:30,5698.6,5706.6,5667.15,5684.7,10636
2024-11-11 11:15:00+05:30,5687.45,5701.35,5676.45,5697.55,5733
2024-11-11 11:30:00+05:30,5697.55,5697.55,5616.35,5616.35,11590
2024-11-11 11:45:00+05:30,5616.3,5643.95,5602.05,5621.5,16818
2024-11-11 12:00:00+05:30,5621.5,5627.7,5572.05,5591.55,12211
2024-11-11 12:15:00+05:30,5591.55,5654.95,5580.0,5644.05,17072
2024-11-11 12:30:00+05:30,5644.05,5650.0,5616.95,5638.75,7515
2024-11-11 12:45:00+05:30,5642.25,5648.7,5594.75,5600.95,7488
2024-11-11 13:00:00+05:30,5600.95,5632.25,5600.95,5632.0,5619
2024-11-11 13:15:00+05:30,5632.0,5633.95,5606.45,5611.05,5333
2024-11-11 13:30:00+05:30,5611.05,5618.4,5571.05,5580.1,9151
2024-11-11 13:45:00+05:30,5580.1,5607.0,5580.1,5604.7,5694
2024-11-11 14:00:00+05:30,5604.7,5619.8,5596.55,5599.7,9434
2024-11-11 14:15:00+05:30,5599.7,5601.9,5595.05,5600.0,9091
2024-11-11 14:30:00+05:30,5600.0,5639.2,5598.85,5637.45,21892
2024-11-11 14:45:00+05:30,5637.05,5641.5,5625.05,5633.95,8498
2024-11-11 15:00:00+05:30,5633.95,5636.6,5620.1,5629.75,10377
2024-11-11 15:15:00+05:30,5629.75,5639.95,5591.9,5595.0,17003
2024-11-12 09:15:00+05:30,5650.0,5677.4,5615.25,5639.2,24032
2024-11-12 09:30:00+05:30,5632.85,5665.0,5617.65,5660.05,13108
2024-11-12 09:45:00+05:30,5660.05,5672.0,5640.4,5668.45,10691
2024-11-12 10:00:00+05:30,5668.45,5669.5,5631.7,5637.5,9390
2024-11-12 10:15:00+05:30,5637.85,5645.35,5605.05,5624.3,15329
2024-11-12 10:30:00+05:30,5624.3,5625.0,5600.1,5623.35,9510
2024-11-12 10:45:00+05:30,5623.35,5629.75,5610.95,5622.7,11873
2024-11-12 11:00:00+05:30,5622.7,5625.0,5616.4,5617.25,7970
2024-11-12 11:15:00+05:30,5617.25,5623.6,5606.75,5609.35,5862
2024-11-12 11:30:00+05:30,5609.35,5617.5,5604.15,5616.45,5462
2024-11-12 11:45:00+05:30,5616.45,5629.0,5616.45,5629.0,9136
2024-11-12 12:00:00+05:30,5629.0,5629.5,5600.0,5603.45,9553
2024-11-12 12:15:00+05:30,5602.55,5620.4,5602.55,5614.1,6038
2024-11-12 12:30:00+05:30,5614.1,5618.25,5561.1,5569.7,8751
2024-11-12 12:45:00+05:30,5570.65,5590.0,5546.9,5556.6,11148
2024-11-12 13:00:00+05:30,5556.6,5558.85,5526.3,5547.65,10966
2024-11-12 13:15:00+05:30,5547.65,5555.4,5536.55,5537.55,9390
2024-11-12 13:30:00+05:30,5537.05,5544.0,5514.75,5543.4,14538
2024-11-12 13:45:00+05:30,5543.4,5567.45,5540.8,5550.45,5773
2024-11-12 14:00:00+05:30,5550.05,5563.0,5544.8,5555.75,9052
2024-11-12 14:15:00+05:30,5555.0,5556.45,5508.55,5512.0,10909
2024-11-12 14:30:00+05:30,5512.0,5532.95,5500.0,5511.2,15973
2024-11-12 14:45:00+05:30,5511.2,5531.65,5503.35,5511.15,11109
2024-11-12 15:00:00+05:30,5511.15,5523.5,5500.0,5509.7,26405
2024-11-12 15:15:00+05:30,5509.7,5513.65,5444.1,5493.6,33949
2024-11-13 09:15:00+05:30,5500.0,5517.45,5440.9,5447.95,17719
2024-11-13 09:30:00+05:30,5447.95,5462.2,5409.65,5414.65,15489
2024-11-13 09:45:00+05:30,5414.65,5461.7,5406.3,5446.05,11111
2024-11-13 10:00:00+05:30,5446.05,5450.1,5409.8,5414.85,8177
2024-11-13 10:15:00+05:30,5414.85,5432.95,5393.3,5424.0,12554
2024-11-13 10:30:00+05:30,5428.25,5433.95,5395.8,5397.1,21334
2024-11-13 10:45:00+05:30,5401.55,5426.95,5389.55,5397.0,15028
2024-11-13 11:00:00+05:30,5397.0,5412.8,5390.75,5395.45,10019
2024-11-13 11:15:00+05:30,5395.45,5396.9,5375.35,5375.65,7496
2024-11-13 11:30:00+05:30,5375.65,5405.7,5361.05,5394.9,11797
2024-11-13 11:45:00+05:30,5394.9,5413.7,5383.55,5399.85,12951
2024-11-13 12:00:00+05:30,5399.85,5406.7,5393.15,5399.75,8103
2024-11-13 12:15:00+05:30,5399.75,5409.3,5379.95,5383.5,9393
2024-11-13 12:30:00+05:30,5386.95,5396.1,5383.75,5389.1,4493
2024-11-13 12:45:00+05:30,5389.1,5396.9,5374.0,5383.3,7955
2024-11-13 13:00:00+05:30,5383.3,5510.9,5378.15,5510.7,109017
2024-11-13 13:15:00+05:30,5510.0,5515.3,5447.4,5450.05,58693
2024-11-13 13:30:00+05:30,5451.7,5556.35,5443.6,5546.95,36855
2024-11-13 13:45:00+05:30,5548.55,5637.6,5527.65,5570.95,55320
2024-11-13 14:00:00+05:30,5573.0,5624.35,5540.95,5586.0,52720
2024-11-13 14:15:00+05:30,5586.0,5598.0,5541.0,5541.0,30841
2024-11-13 14:30:00+05:30,5541.0,5579.25,5541.0,5565.05,37658
2024-11-13 14:45:00+05:30,5565.05,5575.4,5545.65,5566.05,16839
2024-11-13 15:00:00+05:30,5566.0,5583.25,5559.15,5564.05,19741
2024-11-13 15:15:00+05:30,5564.7,5595.0,5562.0,5565.15,23201
2024-11-14 09:15:00+05:30,5566.05,5665.95,5533.4,5582.95,43164
2024-11-14 09:30:00+05:30,5580.75,5617.3,5580.75,5613.95,15460
2024-11-14 09:45:00+05:30,5612.7,5614.85,5561.05,5564.1,14052
2024-11-14 10:00:00+05:30,5564.1,5588.95,5491.55,5512.65,18731
2024-11-14 10:15:00+05:30,5509.9,5552.8,5500.95,5527.35,14676
2024-11-14 10:30:00+05:30,5527.4,5570.95,5517.05,5567.65,9006
2024-11-14 10:45:00+05:30,5567.65,5576.85,5544.05,5569.3,14400
2024-11-14 11:00:00+05:30,5569.9,5575.0,5545.3,5561.95,9343
2024-11-14 11:15:00+05:30,5561.95,5562.95,5545.3,5558.05,7192
2024-11-14 11:30:00+05:30,5558.05,5566.05,5554.6,5554.8,6789
2024-11-14 11:45:00+05:30,5554.8,5558.95,5510.65,5516.85,11536
2024-11-14 12:00:00+05:30,5516.9,5529.05,5508.0,5528.5,7205
2024-11-14 12:15:00+05:30,5528.5,5537.2,5510.45,5527.95,9629
2024-11-14 12:30:00+05:30,5527.95,5537.65,5516.4,5529.9,7645
2024-11-14 12:45:00+05:30,5529.9,5549.25,5521.5,5545.35,10237
2024-11-14 13:00:00+05:30,5545.35,5563.2,5542.05,5558.35,6378
2024-11-14 13:15:00+05:30,5558.4,5585.75,5552.15,5571.8,8139
2024-11-14 13:30:00+05:30,5571.8,5577.4,5545.5,5556.9,8870
2024-11-14 13:45:00+05:30,5556.9,5557.35,5537.9,5542.85,6508
2024-11-14 14:00:00+05:30,5543.55,5552.6,5540.4,5548.05,8748
2024-11-14 14:15:00+05:30,5548.0,5576.45,5547.45,5556.2,14848
2024-11-14 14:30:00+05:30,5556.2,5564.0,5545.35,5552.85,9364
2024-11-14 14:45:00+05:30,5552.45,5561.95,5516.85,5521.95,9040
2024-11-14 15:00:00+05:30,5523.2,5534.7,5508.4,5528.95,15570
2024-11-14 15:15:00+05:30,5527.65,5541.6,5511.0,5511.0,20933
2024-11-18 09:15:00+05:30,5550.0,5608.6,5525.05,5528.65,21422
2024-11-18 09:30:00+05:30,5528.65,5547.4,5523.05,5528.0,9789
2024-11-18 09:45:00+05:30,5527.4,5548.35,5525.0,5544.0,8461
2024-11-18 10:00:00+05:30,5544.0,5565.15,5536.2,5557.8,8595
2024-11-18 10:15:00+05:30,5557.75,5560.85,5514.1,5519.5,9633
2024-11-18 10:30:00+05:30,5519.5,5526.6,5514.05,5524.15,8053
2024-11-18 10:45:00+05:30,5524.1,5573.95,5521.6,5572.0,17219
2024-11-18 11:00:00+05:30,5572.0,5573.95,5545.85,5552.2,20310
2024-11-18 11:15:00+05:30,5555.1,5556.0,5530.0,5547.0,6894
2024-11-18 11:30:00+05:30,5546.65,5555.25,5527.65,5548.6,10178
2024-11-18 11:45:00+05:30,5549.15,5579.9,5547.9,5574.5,7869
2024-11-18 12:00:00+05:30,5574.5,5582.3,5571.55,5577.4,6184
2024-11-18 12:15:00+05:30,5582.0,5587.15,5569.3,5585.45,9555
2024-11-18 12:30:00+05:30,5585.45,5594.8,5577.55,5580.65,6130
2024-11-18 12:45:00+05:30,5581.8,5587.4,5562.6,5566.5,6947
2024-11-18 13:00:00+05:30,5563.5,5578.4,5563.5,5577.1,5525
2024-11-18 13:15:00+05:30,5577.1,5578.9,5560.45,5568.2,5788
2024-11-18 13:30:00+05:30,5566.9,5573.45,5561.4,5566.55,6870
2024-11-18 13:45:00+05:30,5569.2,5572.4,5550.9,5554.3,4543
2024-11-18 14:00:00+05:30,5552.45,5558.5,5530.35,5530.7,5623
2024-11-18 14:15:00+05:30,5530.7,5532.4,5516.85,5518.0,7641
2024-11-18 14:30:00+05:30,5518.0,5523.8,5504.5,5519.85,8920
2024-11-18 14:45:00+05:30,5519.85,5532.9,5517.9,5523.6,7313
2024-11-18 15:00:00+05:30,5523.6,5534.45,5515.05,5529.55,22553
2024-11-18 15:15:00+05:30,5529.55,5530.05,5492.5,5499.4,34220
2024-11-19 09:15:00+05:30,5490.0,5514.0,5463.0,5484.0,16692
2024-11-19 09:30:00+05:30,5484.85,5517.75,5481.0,5511.95,16367
2024-11-19 09:45:00+05:30,5511.95,5511.95,5477.7,5483.55,9530
2024-11-19 10:00:00+05:30,5483.55,5544.2,5481.05,5533.0,10471
2024-11-19 10:15:00+05:30,5533.0,5537.55,5523.2,5531.95,11744
2024-11-19 10:30:00+05:30,5531.95,5534.35,5525.6,5526.45,7928
2024-11-19 10:45:00+05:30,5527.55,5556.7,5511.0,5549.75,12435
2024-11-19 11:00:00+05:30,5549.75,5569.75,5547.35,5561.95,7263
2024-11-19 11:15:00+05:30,5561.15,5564.9,5546.95,5557.3,6262
2024-11-19 11:30:00+05:30,5557.3,5571.0,5557.3,5564.2,8529
2024-11-19 11:45:00+05:30,5564.2,5599.8,5564.2,5585.15,11469
2024-11-19 12:00:00+05:30,5585.15,5590.0,5573.25,5588.9,6593
2024-11-19 12:15:00+05:30,5586.1,5596.45,5562.6,5564.95,12190
2024-11-19 12:30:00+05:30,5564.1,5582.95,5557.95,5569.35,9161
2024-11-19 12:45:00+05:30,5569.25,5575.0,5566.55,5574.0,5695
2024-11-19 13:00:00+05:30,5574.0,5582.25,5572.5,5577.85,6513
2024-11-19 13:15:00+05:30,5577.85,5580.0,5568.95,5568.95,3754
2024-11-19 13:30:00+05:30,5568.95,5577.7,5562.2,5567.8,5247
2024-11-19 13:45:00+05:30,5567.55,5573.75,5564.9,5570.6,4342
2024-11-19 14:00:00+05:30,5570.1,5573.9,5555.1,5558.35,6743
2024-11-19 14:15:00+05:30,5558.35,5563.4,5549.0,5556.4,22411
2024-11-19 14:30:00+05:30,5557.05,5564.95,5553.3,5559.0,8343
2024-11-19 14:45:00+05:30,5559.05,5567.15,5525.0,5525.8,9135
2024-11-19 15:00:00+05:30,5525.8,5545.0,5511.85,5533.4,31678
2024-11-19 15:15:00+05:30,5531.35,5538.9,5525.1,5534.0,33910
2024-11-21 09:15:00+05:30,5571.0,5594.55,5532.05,5571.5,49846
2024-11-21 09:30:00+05:30,5571.5,5589.5,5550.85,5584.85,20184
2024-11-21 09:45:00+05:30,5584.85,5606.0,5573.9,5593.65,24354
2024-11-21 10:00:00+05:30,5593.65,5610.0,5582.2,5609.55,21693
2024-11-21 10:15:00+05:30,5608.65,5618.6,5596.45,5613.4,23505
2024-11-21 10:30:00+05:30,5613.8,5630.8,5611.85,5624.95,19822
2024-11-21 10:45:00+05:30,5624.95,5639.9,5611.0,5638.1,24580
2024-11-21 11:00:00+05:30,5638.1,5660.6,5638.1,5659.65,18534
2024-11-21 11:15:00+05:30,5659.65,5665.0,5644.75,5648.95,13413
2024-11-21 11:30:00+05:30,5648.95,5654.4,5640.0,5653.05,13349
2024-11-21 11:45:00+05:30,5653.05,5654.9,5627.25,5633.35,19079
2024-11-21 12:00:00+05:30,5633.35,5634.95,5617.2,5619.0,18034
2024-11-21 12:15:00+05:30,5619.0,5619.8,5609.65,5616.75,13151
2024-11-21 12:30:00+05:30,5616.75,5616.75,5591.85,5591.85,12657
2024-11-21 12:45:00+05:30,5591.8,5591.8,5560.45,5561.4,11474
2024-11-21 13:00:00+05:30,5561.4,5565.35,5550.35,5555.15,14658
2024-11-21 13:15:00+05:30,5553.1,5557.3,5541.55,5555.85,13634
2024-11-21 13:30:00+05:30,5554.8,5562.2,5543.55,5544.95,14843
2024-11-21 13:45:00+05:30,5544.95,5554.6,5544.05,5553.3,11917
2024-11-21 14:00:00+05:30,5553.3,5575.7,5552.8,5570.9,16743
2024-11-21 14:15:00+05:30,5570.0,5598.7,5570.0,5586.35,21729
2024-11-21 14:30:00+05:30,5586.35,5598.45,5582.05,5596.1,20088
2024-11-21 14:45:00+05:30,5596.1,5598.25,5584.05,5591.85,20422
2024-11-21 15:00:00+05:30,5590.35,5620.7,5586.5,5612.25,40143
2024-11-21 15:15:00+05:30,5611.05,5616.4,5581.9,5606.75,35550
2024-11-22 09:15:00+05:30,5605.15,5622.8,5597.5,5604.75,5721
2024-11-22 09:30:00+05:30,5604.75,5609.9,5564.3,5564.3,3704
2024-11-22 09:45:00+05:30,5563.5,5566.9,5545.55,5547.1,4530
2024-11-22 10:00:00+05:30,5547.1,5555.4,5541.05,5545.35,2152
2024-11-22 10:15:00+05:30,5544.5,5545.2,5525.0,5527.85,4085
2024-11-22 10:30:00+05:30,5529.45,5531.9,5517.15,5530.35,2724
2024-11-22 10:45:00+05:30,5530.35,5540.0,5511.5,5511.5,4400
2024-11-22 11:00:00+05:30,5511.5,5531.9,5511.5,5529.0,3784
2024-11-22 11:15:00+05:30,5529.5,5545.55,5526.55,5536.9,3059
2024-11-22 11:30:00+05:30,5536.9,5546.15,5530.0,5531.25,2987
2024-11-22 11:45:00+05:30,5531.25,5544.15,5529.5,5533.35,1997
2024-11-22 12:00:00+05:30,5533.35,5543.15,5530.0,5536.4,2134
2024-11-22 12:15:00+05:30,5536.4,5541.7,5533.0,5537.5,1701
2024-11-22 12:30:00+05:30,5537.5,5548.4,5533.6,5548.4,1840
2024-11-22 12:45:00+05:30,5547.9,5560.0,5544.5,5560.0,2215
2024-11-22 13:00:00+05:30,5560.0,5567.95,5549.95,5550.25,2398
2024-11-22 13:15:00+05:30,5548.9,5555.65,5545.0,5546.2,1699
2024-11-22 13:30:00+05:30,5546.2,5546.2,5543.05,5546.0,4720
2024-11-22 13:45:00+05:30,5546.0,5551.75,5545.0,5551.7,5464
2024-11-22 14:00:00+05:30,5551.7,5567.9,5545.55,5555.8,2325
2024-11-22 14:15:00+05:30,5555.8,5575.0,5554.0,5563.0,3001
2024-11-22 14:30:00+05:30,5562.95,5572.0,5553.75,5563.4,2959
2024-11-22 14:45:00+05:30,5563.4,5571.35,5560.35,5565.95,2293
2024-11-22 15:00:00+05:30,5563.35,5575.1,5557.4,5561.9,7091
2024-11-22 15:15:00+05:30,5561.1,5608.8,5556.0,5606.3,29439
2024-11-25 09:15:00+05:30,5699.0,5718.5,5619.8,5623.5,41853
2024-11-25 09:30:00+05:30,5623.5,5658.65,5612.1,5626.85,17595
2024-11-25 09:45:00+05:30,5626.85,5638.2,5621.9,5625.0,19950
2024-11-25 10:00:00+05:30,5626.0,5657.35,5625.85,5650.0,16774
2024-11-25 10:15:00+05:30,5650.0,5651.8,5621.95,5622.35,25394
2024-11-25 10:30:00+05:30,5622.35,5625.0,5600.0,5608.9,13836
2024-11-25 10:45:00+05:30,5610.5,5619.5,5599.1,5617.55,12442
2024-11-25 11:00:00+05:30,5617.55,5629.95,5611.45,5622.45,12105
2024-11-25 11:15:00+05:30,5622.45,5629.75,5610.1,5620.1,9783
2024-11-25 11:30:00+05:30,5620.1,5648.5,5619.95,5647.1,13214
2024-11-25 11:45:00+05:30,5647.1,5647.15,5629.55,5629.6,12206
2024-11-25 12:00:00+05:30,5629.55,5640.5,5629.35,5633.2,8497
2024-11-25 12:15:00+05:30,5632.85,5638.0,5630.6,5631.55,8716
2024-11-25 12:30:00+05:30,5631.5,5637.35,5627.25,5630.8,7567
2024-11-25 12:45:00+05:30,5630.8,5635.15,5592.65,5592.65,11505
2024-11-25 13:00:00+05:30,5592.65,5609.25,5585.0,5601.65,14230
2024-11-25 13:15:00+05:30,5601.65,5629.35,5597.95,5625.75,19747
2024-11-25 13:30:00+05:30,5625.75,5625.95,5605.2,5610.85,14926
2024-11-25 13:45:00+05:30,5610.85,5615.6,5605.6,5613.6,9256
2024-11-25 14:00:00+05:30,5613.6,5614.1,5600.35,5601.75,14173
2024-11-25 14:15:00+05:30,5601.75,5615.0,5575.65,5610.0,26723
2024-11-25 14:30:00+05:30,5610.0,5610.2,5587.8,5597.35,12970
2024-11-25 14:45:00+05:30,5597.35,5610.4,5588.8,5590.0,20950
2024-11-25 15:00:00+05:30,5589.95,5589.95,5374.2,5482.55,3047992
2024-11-25 15:15:00+05:30,5482.55,5597.7,5436.05,5451.0,2655764
2024-11-26 09:15:00+05:30,5437.1,5538.85,5433.0,5529.35,40228
2024-11-26 09:30:00+05:30,5529.35,5530.0,5498.25,5515.6,9361
2024-11-26 09:45:00+05:30,5515.6,5518.75,5479.65,5485.2,7266
2024-11-26 10:00:00+05:30,5483.9,5508.9,5482.0,5497.15,6346
2024-11-26 10:15:00+05:30,5497.15,5497.15,5475.25,5487.45,7377
2024-11-26 10:30:00+05:30,5487.45,5514.45,5475.35,5511.0,10044
2024-11-26 10:45:00+05:30,5511.0,5514.0,5492.75,5492.9,3687
2024-11-26 11:00:00+05:30,5492.9,5503.35,5482.75,5482.75,2778
2024-11-26 11:15:00+05:30,5482.75,5490.25,5478.8,5486.85,2335
2024-11-26 11:30:00+05:30,5486.85,5491.8,5477.0,5478.85,4296
2024-11-26 11:45:00+05:30,5478.85,5488.9,5468.35,5468.65,4116
2024-11-26 12:00:00+05:30,5468.65,5475.2,5462.35,5471.6,3603
2024-11-26 12:15:00+05:30,5470.5,5475.25,5464.2,5469.15,4281
2024-11-26 12:30:00+05:30,5469.15,5475.0,5450.05,5456.45,6310
2024-11-26 12:45:00+05:30,5456.45,5464.1,5442.05,5454.4,3102
2024-11-26 13:00:00+05:30,5454.4,5454.5,5441.2,5445.25,3292
2024-11-26 13:15:00+05:30,5445.25,5463.9,5443.8,5450.05,2345
2024-11-26 13:30:00+05:30,5450.05,5456.25,5433.55,5442.6,4077
2024-11-26 13:45:00+05:30,5442.6,5456.95,5440.0,5452.0,2690
2024-11-26 14:00:00+05:30,5452.0,5458.3,5450.15,5452.2,3983
2024-11-26 14:15:00+05:30,5452.2,5485.75,5450.05,5482.55,9154
2024-11-26 14:30:00+05:30,5482.55,5491.35,5461.0,5489.95,9109
2024-11-26 14:45:00+05:30,5489.95,5490.0,5476.45,5481.1,8478
2024-11-26 15:00:00+05:30,5481.1,5490.0,5474.55,5486.4,13972
2024-11-26 15:15:00+05:30,5486.4,5492.85,5475.9,5484.0,25087
2024-11-27 09:15:00+05:30,5497.25,5528.95,5445.0,5449.8,5637
2024-11-27 09:30:00+05:30,5447.9,5461.45,5445.05,5451.45,2274
2024-11-27 09:45:00+05:30,5451.45,5471.0,5450.8,5460.05,2752
2024-11-27 10:00:00+05:30,5460.05,5461.95,5441.3,5445.95,6258
2024-11-27 10:15:00+05:30,5445.95,5445.95,5416.0,5424.05,4508
2024-11-27 10:30:00+05:30,5424.05,5441.8,5422.7,5436.5,3902
2024-11-27 10:45:00+05:30,5436.5,5463.5,5436.5,5461.9,2193
2024-11-27 11:00:00+05:30,5461.9,5461.9,5428.2,5431.0,2096
2024-11-27 11:15:00+05:30,5431.65,5432.95,5419.55,5429.0,3415
2024-11-27 11:30:00+05:30,5429.55,5432.5,5423.0,5425.0,3186
2024-11-27 11:45:00+05:30,5425.4,5431.15,5421.1,5422.9,10317
2024-11-27 12:00:00+05:30,5423.0,5429.1,5401.35,5409.15,21808
2024-11-27 12:15:00+05:30,5409.15,5418.8,5406.75,5410.1,6171
2024-11-27 12:30:00+05:30,5410.1,5431.0,5408.75,5426.4,4081
2024-11-27 12:45:00+05:30,5426.4,5436.95,5425.0,5427.05,3720
2024-11-27 13:00:00+05:30,5427.05,5432.2,5425.0,5425.65,3626
2024-11-27 13:15:00+05:30,5425.65,5430.95,5423.15,5426.1,3777
2024-11-27 13:30:00+05:30,5426.1,5435.65,5422.0,5427.05,5533
2024-11-27 13:45:00+05:30,5427.05,5437.05,5425.4,5430.5,3242
2024-11-27 14:00:00+05:30,5430.5,5433.25,5429.5,5430.0,5933
2024-11-27 14:15:00+05:30,5430.0,5437.7,5430.0,5433.55,4332
2024-11-27 14:30:00+05:30,5433.55,5442.5,5429.95,5434.35,7172
2024-11-27 14:45:00+05:30,5434.35,5448.95,5430.0,5444.05,11355
2024-11-27 15:00:00+05:30,5444.05,5457.8,5439.15,5451.65,21451
2024-11-27 15:15:00+05:30,5450.0,5462.95,5449.15,5461.55,14970
2024-11-28 09:15:00+05:30,5459.0,5492.5,5435.0,5477.4,11973
2024-11-28 09:30:00+05:30,5477.4,5489.0,5469.3,5482.0,5381
2024-11-28 09:45:00+05:30,5481.9,5481.9,5447.25,5447.35,11515
2024-11-28 10:00:00+05:30,5448.25,5459.95,5440.0,5454.4,4944
2024-11-28 10:15:00+05:30,5454.4,5459.0,5442.2,5458.05,4491
2024-11-28 10:30:00+05:30,5458.05,5459.55,5425.45,5440.0,6014
2024-11-28 10:45:00+05:30,5440.0,5440.0,5418.85,5429.25,4323
2024-11-28 11:00:00+05:30,5429.25,5431.7,5422.65,5427.35,3448
2024-11-28 11:15:00+05:30,5427.35,5433.85,5420.1,5433.85,2091
2024-11-28 11:30:00+05:30,5433.85,5443.0,5427.55,5439.55,1121
2024-11-28 11:45:00+05:30,5439.55,5447.7,5437.15,5447.5,5363
2024-11-28 12:00:00+05:30,5447.5,5454.0,5445.35,5448.05,1578
2024-11-28 12:15:00+05:30,5448.05,5452.45,5440.15,5447.0,3890
2024-11-28 12:30:00+05:30,5447.0,5469.95,5443.6,5466.65,18731
2024-11-28 12:45:00+05:30,5467.0,5470.05,5460.0,5462.4,4450
2024-11-28 13:00:00+05:30,5462.4,5466.25,5458.1,5459.0,1301
2024-11-28 13:15:00+05:30,5458.55,5464.4,5450.05,5450.1,3113
2024-11-28 13:30:00+05:30,5450.1,5459.1,5449.9,5455.1,3956
2024-11-28 13:45:00+05:30,5455.1,5466.0,5452.3,5463.05,3568
2024-11-28 14:00:00+05:30,5462.35,5474.0,5447.1,5460.1,8122
2024-11-28 14:15:00+05:30,5460.1,5469.05,5450.0,5460.15,3979
2024-11-28 14:30:00+05:30,5461.45,5471.75,5451.0,5453.05,4753
2024-11-28 14:45:00+05:30,5453.05,5460.0,5449.95,5450.65,12330
2024-11-28 15:00:00+05:30,5451.5,5462.95,5448.05,5456.1,10377
2024-11-28 15:15:00+05:30,5458.1,5480.0,5450.0,5480.0,20695
2024-11-29 09:15:00+05:30,5472.0,5547.3,5457.15,5538.8,11286
2024-11-29 09:30:00+05:30,5534.0,5551.35,5520.25,5547.0,8662
2024-11-29 09:45:00+05:30,5547.0,5577.35,5545.8,5557.7,16559
2024-11-29 10:00:00+05:30,5554.9,5559.95,5539.25,5542.4,6136
2024-11-29 10:15:00+05:30,5542.4,5555.0,5526.95,5552.95,5086
2024-11-29 10:30:00+05:30,5552.95,5569.0,5544.6,5563.3,3170
2024-11-29 10:45:00+05:30,5563.3,5593.0,5559.4,5593.0,8574
2024-11-29 11:00:00+05:30,5593.0,5600.0,5576.15,5591.55,7950
2024-11-29 11:15:00+05:30,5590.0,5626.0,5587.25,5620.0,14776
2024-11-29 11:30:00+05:30,5620.0,5630.1,5618.0,5620.0,9121
2024-11-29 11:45:00+05:30,5620.0,5629.25,5590.0,5608.2,10189
2024-11-29 12:00:00+05:30,5608.2,5619.65,5605.25,5609.3,3986
2024-11-29 12:15:00+05:30,5609.3,5619.05,5604.0,5611.65,4303
2024-11-29 12:30:00+05:30,5611.65,5630.0,5603.0,5630.0,9977
2024-11-29 12:45:00+05:30,5630.0,5642.2,5625.55,5634.0,14245
2024-11-29 13:00:00+05:30,5634.0,5649.0,5631.1,5641.65,11312
2024-11-29 13:15:00+05:30,5641.65,5643.0,5627.3,5630.7,13443
2024-11-29 13:30:00+05:30,5630.7,5648.25,5625.05,5642.85,8462
2024-11-29 13:45:00+05:30,5640.1,5648.95,5627.9,5632.9,10671
2024-11-29 14:00:00+05:30,5632.9,5648.0,5619.05,5631.9,13970
2024-11-29 14:15:00+05:30,5631.9,5644.6,5631.9,5642.75,9882
2024-11-29 14:30:00+05:30,5642.75,5648.0,5626.35,5629.75,13227
2024-11-29 14:45:00+05:30,5629.75,5638.7,5628.05,5632.25,9982
2024-11-29 15:00:00+05:30,5632.2,5648.0,5630.8,5644.45,32045
2024-11-29 15:15:00+05:30,5641.5,5650.0,5635.75,5635.75,31613
2024-12-02 09:15:00+05:30,5658.0,5714.7,5650.0,5681.15,12262
2024-12-02 09:30:00+05:30,5681.15,5751.0,5679.0,5748.1,10507
2024-12-02 09:45:00+05:30,5748.1,5748.1,5727.05,5736.55,3272
2024-12-02 10:00:00+05:30,5736.5,5750.0,5720.0,5735.3,6921
2024-12-02 10:15:00+05:30,5735.3,5743.75,5726.5,5731.0,3321
2024-12-02 10:30:00+05:30,5731.0,5745.0,5705.0,5722.5,9361
2024-12-02 10:45:00+05:30,5722.5,5724.65,5701.1,5703.3,1801
2024-12-02 11:00:00+05:30,5703.3,5703.3,5675.75,5690.0,9050
2024-12-02 11:15:00+05:30,5690.0,5693.8,5671.0,5681.15,5877
2024-12-02 11:30:00+05:30,5681.15,5694.1,5666.65,5687.9,5997
2024-12-02 11:45:00+05:30,5687.7,5687.7,5662.95,5665.05,3257
2024-12-02 12:00:00+05:30,5666.1,5686.85,5663.55,5685.35,4013
2024-12-02 12:15:00+05:30,5684.75,5722.1,5682.1,5717.3,2887
2024-12-02 12:30:00+05:30,5717.3,5724.0,5714.2,5722.0,1073
2024-12-02 12:45:00+05:30,5722.0,5725.0,5714.9,5720.3,3958
2024-12-02 13:00:00+05:30,5720.3,5722.0,5708.45,5710.05,852
2024-12-02 13:15:00+05:30,5711.0,5719.95,5705.5,5707.6,1716
2024-12-02 13:30:00+05:30,5707.6,5726.85,5706.35,5713.4,7768
2024-12-02 13:45:00+05:30,5713.4,5714.0,5706.95,5714.0,945
2024-12-02 14:00:00+05:30,5714.0,5718.45,5710.0,5716.75,1026
2024-12-02 14:15:00+05:30,5716.75,5718.4,5708.9,5716.95,998
2024-12-02 14:30:00+05:30,5716.95,5720.0,5702.65,5702.65,3197
2024-12-02 14:45:00+05:30,5704.5,5704.6,5678.2,5689.7,2780
2024-12-02 15:00:00+05:30,5688.55,5701.35,5684.0,5691.85,11064
2024-12-02 15:15:00+05:30,5690.8,5706.0,5674.55,5696.2,9693
2024-12-03 09:15:00+05:30,5708.8,5722.7,5666.05,5694.25,9752
2024-12-03 09:30:00+05:30,5690.8,5705.25,5682.0,5683.25,3589
2024-12-03 09:45:00+05:30,5683.25,5685.0,5670.5,5676.85,2964
2024-12-03 10:00:00+05:30,5676.85,5679.05,5658.8,5660.05,5182
2024-12-03 10:15:00+05:30,5661.9,5663.75,5649.2,5658.25,4555
2024-12-03 10:30:00+05:30,5658.25,5670.65,5642.1,5645.4,6684
2024-12-03 10:45:00+05:30,5645.4,5648.3,5635.55,5638.55,5256
2024-12-03 11:00:00+05:30,5638.35,5645.55,5631.0,5635.95,4776
2024-12-03 11:15:00+05:30,5637.65,5643.65,5627.0,5639.4,3583
2024-12-03 11:30:00+05:30,5639.4,5646.0,5637.75,5638.2,2908
2024-12-03 11:45:00+05:30,5638.2,5639.35,5621.45,5637.95,3361
2024-12-03 12:00:00+05:30,5638.0,5645.0,5633.65,5640.35,2599
2024-12-03 12:15:00+05:30,5640.35,5645.0,5625.0,5625.95,2648
2024-12-03 12:30:00+05:30,5625.95,5643.45,5625.0,5628.2,8538
2024-12-03 12:45:00+05:30,5628.95,5639.0,5628.15,5632.4,3263
2024-12-03 13:00:00+05:30,5632.4,5643.0,5629.5,5639.7,3912
2024-12-03 13:15:00+05:30,5639.35,5654.1,5633.4,5646.05,5469
2024-12-03 13:30:00+05:30,5646.05,5662.1,5646.05,5652.05,3730
2024-12-03 13:45:00+05:30,5652.05,5657.7,5649.7,5650.5,3572
2024-12-03 14:00:00+05:30,5650.5,5655.65,5640.0,5642.75,4181
2024-12-03 14:15:00+05:30,5642.75,5644.15,5640.0,5640.4,3040
2024-12-03 14:30:00+05:30,5640.4,5649.15,5638.55,5640.0,8745
2024-12-03 14:45:00+05:30,5640.0,5648.85,5640.0,5644.55,4005
2024-12-03 15:00:00+05:30,5644.6,5647.65,5631.7,5636.15,15857
2024-12-03 15:15:00+05:30,5636.15,5644.9,5630.0,5630.0,19363
2024-12-04 09:15:00+05:30,5647.8,5713.4,5646.75,5707.4,23243
2024-12-04 09:30:00+05:30,5707.4,5716.2,5678.5,5687.85,8199
2024-12-04 09:45:00+05:30,5687.85,5690.15,5655.0,5665.6,10128
2024-12-04 10:00:00+05:30,5665.6,5677.55,5654.5,5670.0,5947
2024-12-04 10:15:00+05:30,5672.5,5685.0,5662.2,5666.25,5064
2024-12-04 10:30:00+05:30,5666.25,5680.35,5662.0,5671.2,4788
2024-12-04 10:45:00+05:30,5671.15,5682.0,5664.25,5673.7,4680
2024-12-04 11:00:00+05:30,5673.7,5679.0,5662.7,5666.0,4349
2024-12-04 11:15:00+05:30,5664.6,5684.05,5655.3,5679.25,9262
2024-12-04 11:30:00+05:30,5679.25,5680.7,5669.45,5673.65,4094
2024-12-04 11:45:00+05:30,5673.65,5673.75,5647.0,5667.0,14586
2024-12-04 12:00:00+05:30,5664.6,5694.05,5656.3,5687.85,8125
2024-12-04 12:15:00+05:30,5686.75,5703.55,5685.15,5702.05,5462
2024-12-04 12:30:00+05:30,5701.85,5701.85,5672.5,5673.05,3875
2024-12-04 12:45:00+05:30,5672.5,5677.75,5668.75,5668.75,2947
2024-12-04 13:00:00+05:30,5669.0,5675.0,5656.8,5658.7,4340
2024-12-04 13:15:00+05:30,5656.8,5668.65,5640.0,5664.55,8743
2024-12-04 13:30:00+05:30,5664.55,5673.75,5660.0,5661.55,5086
2024-12-04 13:45:00+05:30,5661.55,5667.05,5659.7,5664.0,3986
2024-12-04 14:00:00+05:30,5664.0,5675.0,5660.2,5675.0,4597
2024-12-04 14:15:00+05:30,5675.0,5675.0,5632.8,5660.5,13210
2024-12-04 14:30:00+05:30,5660.5,5672.05,5659.9,5664.15,6465
2024-12-04 14:45:00+05:30,5664.15,5668.2,5659.9,5663.25,5834
2024-12-04 15:00:00+05:30,5663.25,5685.35,5660.45,5678.1,31534
2024-12-04 15:15:00+05:30,5679.05,5683.05,5660.0,5660.0,32449
2024-12-05 09:15:00+05:30,5629.55,5681.85,5629.55,5668.95,18174
2024-12-05 09:30:00+05:30,5668.95,5680.0,5658.35,5665.0,14724
2024-12-05 09:45:00+05:30,5664.3,5667.3,5609.0,5625.25,16730
2024-12-05 10:00:00+05:30,5625.25,5651.55,5618.6,5650.15,7408
2024-12-05 10:15:00+05:30,5650.15,5651.6,5624.35,5631.5,11761
2024-12-05 10:30:00+05:30,5631.5,5642.5,5625.0,5625.8,3135
2024-12-05 10:45:00+05:30,5625.95,5633.45,5593.1,5601.75,5447
2024-12-05 11:00:00+05:30,5602.65,5616.7,5595.7,5602.25,4756
2024-12-05 11:15:00+05:30,5602.25,5611.8,5597.0,5604.8,4868
2024-12-05 11:30:00+05:30,5604.8,5604.8,5580.05,5589.95,5232
2024-12-05 11:45:00+05:30,5589.95,5609.3,5584.45,5609.3,4031
2024-12-05 12:00:00+05:30,5609.3,5628.0,5600.05,5620.2,3701
2024-12-05 12:15:00+05:30,5620.2,5637.05,5620.2,5630.0,5439
2024-12-05 12:30:00+05:30,5630.0,5645.65,5624.9,5640.2,4301
2024-12-05 12:45:00+05:30,5640.2,5656.15,5639.3,5639.3,3518
2024-12-05 13:00:00+05:30,5639.3,5645.45,5626.15,5644.4,3132
2024-12-05 13:15:00+05:30,5644.4,5648.65,5638.25,5640.75,2068
2024-12-05 13:30:00+05:30,5640.75,5648.0,5640.0,5647.05,2644
2024-12-05 13:45:00+05:30,5647.05,5655.4,5646.15,5650.45,2746
2024-12-05 14:00:00+05:30,5650.45,5660.0,5645.3,5650.85,3527
2024-12-05 14:15:00+05:30,5650.85,5658.0,5650.0,5654.45,2915
2024-12-05 14:30:00+05:30,5654.45,5661.6,5646.15,5655.15,4550
2024-12-05 14:45:00+05:30,5655.15,5656.15,5622.7,5625.25,5658
2024-12-05 15:00:00+05:30,5625.25,5647.2,5624.75,5645.3,6384
2024-12-05 15:15:00+05:30,5643.2,5659.95,5637.95,5643.0,9647
2024-12-06 09:15:00+05:30,5631.0,5649.85,5619.05,5628.8,3289
2024-12-06 09:30:00+05:30,5628.8,5628.8,5600.0,5603.15,6446
2024-12-06 09:45:00+05:30,5603.15,5603.15,5575.05,5579.2,6565
2024-12-06 10:00:00+05:30,5579.2,5583.6,5564.0,5571.25,7471
2024-12-06 10:15:00+05:30,5571.25,5600.0,5565.9,5573.0,8153
2024-12-06 10:30:00+05:30,5572.9,5572.9,5558.0,5563.6,7654
2024-12-06 10:45:00+05:30,5563.6,5573.95,5550.1,5552.7,7096
2024-12-06 11:00:00+05:30,5551.0,5551.0,5530.05,5531.8,8434
2024-12-06 11:15:00+05:30,5531.5,5539.45,5520.0,5532.8,8785
2024-12-06 11:30:00+05:30,5532.55,5540.85,5529.75,5530.35,7258
2024-12-06 11:45:00+05:30,5530.4,5541.5,5526.65,5539.5,6143
2024-12-06 12:00:00+05:30,5537.15,5555.55,5536.2,5554.85,7746
2024-12-06 12:15:00+05:30,5554.85,5556.85,5549.65,5550.1,3852
2024-12-06 12:30:00+05:30,5550.1,5556.8,5549.0,5551.2,3857
2024-12-06 12:45:00+05:30,5550.0,5551.0,5525.0,5529.5,9221
2024-12-06 13:00:00+05:30,5529.5,5535.85,5521.0,5528.05,7739
2024-12-06 13:15:00+05:30,5528.0,5535.05,5528.0,5531.25,4055
2024-12-06 13:30:00+05:30,5531.25,5537.45,5529.45,5530.45,6037
2024-12-06 13:45:00+05:30,5530.3,5531.0,5523.05,5524.3,3644
2024-12-06 14:00:00+05:30,5523.4,5524.1,5515.2,5518.0,9036
2024-12-06 14:15:00+05:30,5516.65,5520.0,5505.7,5505.7,8618
2024-12-06 14:30:00+05:30,5505.6,5510.0,5502.0,5505.0,5826
2024-12-06 14:45:00+05:30,5504.3,5511.05,5503.1,5507.2,6927
2024-12-06 15:00:00+05:30,5507.2,5507.2,5493.05,5503.7,22458
2024-12-06 15:15:00+05:30,5503.7,5520.0,5503.6,5519.0,26237
2024-12-09 09:15:00+05:30,5532.95,5700.0,5513.75,5515.55,13082
2024-12-09 09:30:00+05:30,5515.55,5530.0,5496.65,5507.3,9891
2024-12-09 09:45:00+05:30,5507.6,5516.55,5501.95,5508.0,4737
2024-12-09 10:00:00+05:30,5510.0,5515.8,5487.0,5489.8,4562
2024-12-09 10:15:00+05:30,5492.6,5509.9,5490.05,5506.4,3616
2024-12-09 10:30:00+05:30,5506.4,5516.55,5498.0,5513.25,4185
2024-12-09 10:45:00+05:30,5516.7,5525.05,5508.05,5512.55,3322
2024-12-09 11:00:00+05:30,5512.55,5515.25,5498.3,5510.25,1248
2024-12-09 11:15:00+05:30,5512.45,5516.1,5497.0,5500.35,1451
2024-12-09 11:30:00+05:30,5500.35,5514.95,5499.05,5513.0,1355
2024-12-09 11:45:00+05:30,5513.0,5514.0,5495.65,5495.8,1604
2024-12-09 12:00:00+05:30,5497.6,5500.95,5492.05,5492.05,1362
2024-12-09 12:15:00+05:30,5492.05,5511.1,5492.0,5497.6,3181
2024-12-09 12:30:00+05:30,5497.6,5500.0,5491.9,5499.5,1194
2024-12-09 12:45:00+05:30,5499.5,5520.0,5499.5,5510.6,4742
2024-12-09 13:00:00+05:30,5510.6,5513.0,5498.4,5504.0,1734
2024-12-09 13:15:00+05:30,5504.0,5508.6,5497.0,5500.55,1641
2024-12-09 13:30:00+05:30,5500.55,5505.0,5493.75,5496.45,1892
2024-12-09 13:45:00+05:30,5496.45,5498.75,5490.5,5491.25,1053
2024-12-09 14:00:00+05:30,5491.25,5494.4,5482.75,5483.35,2993
2024-12-09 14:15:00+05:30,5483.35,5491.25,5483.0,5483.2,1836
2024-12-09 14:30:00+05:30,5483.2,5492.15,5482.2,5488.8,2083
2024-12-09 14:45:00+05:30,5488.8,5495.6,5481.0,5488.8,3922
2024-12-09 15:00:00+05:30,5488.85,5490.45,5474.0,5482.8,11811
2024-12-09 15:15:00+05:30,5482.8,5499.95,5461.1,5495.0,23736
2024-12-10 09:15:00+05:30,5495.1,5508.75,5464.1,5479.35,12758
2024-12-10 09:30:00+05:30,5477.5,5486.3,5471.65,5475.75,4966
2024-12-10 09:45:00+05:30,5475.75,5486.45,5474.9,5477.15,4439
2024-12-10 10:00:00+05:30,5475.65,5483.55,5473.25,5479.55,2162
2024-12-10 10:15:00+05:30,5479.55,5494.45,5476.65,5476.95,3276
2024-12-10 10:30:00+05:30,5476.95,5486.55,5476.45,5484.65,768
2024-12-10 10:45:00+05:30,5486.55,5495.05,5482.55,5484.55,4117
2024-12-10 11:00:00+05:30,5484.55,5484.55,5472.0,5482.5,2199
2024-12-10 11:15:00+05:30,5482.5,5484.2,5479.3,5479.3,842
2024-12-10 11:30:00+05:30,5479.3,5483.85,5467.2,5467.3,1742
2024-12-10 11:45:00+05:30,5467.3,5467.65,5455.65,5461.55,4584
2024-12-10 12:00:00+05:30,5461.55,5471.9,5453.0,5464.45,6948
2024-12-10 12:15:00+05:30,5464.45,5464.45,5450.0,5457.3,3783
2024-12-10 12:30:00+05:30,5457.3,5457.3,5441.05,5443.4,5227
2024-12-10 12:45:00+05:30,5443.4,5470.15,5441.1,5458.0,4611
2024-12-10 13:00:00+05:30,5458.0,5458.1,5442.45,5442.6,3888
2024-12-10 13:15:00+05:30,5442.6,5448.7,5433.0,5440.4,5144
2024-12-10 13:30:00+05:30,5440.4,5453.7,5435.05,5435.95,3279
2024-12-10 13:45:00+05:30,5435.95,5444.0,5435.95,5442.1,4177
2024-12-10 14:00:00+05:30,5444.4,5454.55,5438.3,5452.5,3008
2024-12-10 14:15:00+05:30,5452.5,5464.0,5449.3,5464.0,2423
2024-12-10 14:30:00+05:30,5464.0,5464.0,5452.55,5460.5,2731
2024-12-10 14:45:00+05:30,5460.5,5464.75,5452.0,5454.35,1757
2024-12-10 15:00:00+05:30,5454.35,5468.3,5452.65,5465.05,19950
2024-12-10 15:15:00+05:30,5464.9,5465.05,5445.0,5461.3,27325
2024-12-11 09:15:00+05:30,5474.0,5494.0,5425.05,5493.3,6776
2024-12-11 09:30:00+05:30,5493.3,5516.8,5485.25,5511.55,3034
2024-12-11 09:45:00+05:30,5511.55,5514.5,5487.2,5499.35,2861
2024-12-11 10:00:00+05:30,5499.35,5499.35,5480.0,5482.8,1605
2024-12-11 10:15:00+05:30,5482.8,5495.0,5480.0,5491.55,1477
2024-12-11 10:30:00+05:30,5491.3,5504.95,5488.6,5499.95,1649
2024-12-11 10:45:00+05:30,5499.95,5512.1,5492.0,5499.2,5396
2024-12-11 11:00:00+05:30,5500.1,5504.55,5490.0,5499.9,1929
2024-12-11 11:15:00+05:30,5499.9,5510.0,5497.55,5502.55,1341
2024-12-11 11:30:00+05:30,5502.55,5506.8,5494.6,5498.5,1392
2024-12-11 11:45:00+05:30,5498.5,5499.0,5487.2,5494.25,1422
2024-12-11 12:00:00+05:30,5494.15,5497.9,5489.0,5493.25,998
2024-12-11 12:15:00+05:30,5493.25,5494.45,5485.2,5489.15,1805
2024-12-11 12:30:00+05:30,5489.15,5495.9,5486.0,5492.2,1336
2024-12-11 12:45:00+05:30,5492.2,5505.0,5485.1,5505.0,2747
2024-12-11 13:00:00+05:30,5505.0,5516.5,5497.0,5510.7,3294
2024-12-11 13:15:00+05:30,5510.7,5515.5,5502.85,5503.8,1102
2024-12-11 13:30:00+05:30,5503.8,5506.1,5494.05,5497.1,1280
2024-12-11 13:45:00+05:30,5497.1,5503.45,5486.25,5490.35,3504
2024-12-11 14:00:00+05:30,5492.75,5505.0,5477.6,5486.85,12963
2024-12-11 14:15:00+05:30,5486.85,5492.1,5485.85,5489.85,1819
2024-12-11 14:30:00+05:30,5489.85,5494.45,5486.7,5489.75,1558
2024-12-11 14:45:00+05:30,5490.0,5492.2,5485.45,5487.15,3399
2024-12-11 15:00:00+05:30,5487.15,5492.4,5479.95,5490.05,6744
2024-12-11 15:15:00+05:30,5490.05,5503.0,5485.0,5490.0,7744
2024-12-12 09:15:00+05:30,5529.45,5535.0,5446.0,5449.3,13045
2024-12-12 09:30:00+05:30,5449.3,5472.75,5445.0,5467.0,5732
2024-12-12 09:45:00+05:30,5467.0,5474.0,5451.05,5462.5,2309
2024-12-12 10:00:00+05:30,5461.35,5463.0,5447.3,5455.0,3061
2024-12-12 10:15:00+05:30,5455.0,5462.2,5453.75,5458.3,1878
2024-12-12 10:30:00+05:30,5457.85,5460.5,5452.3,5455.8,1762
2024-12-12 10:45:00+05:30,5457.8,5460.25,5455.5,5456.0,2121
2024-12-12 11:00:00+05:30,5456.0,5456.0,5431.0,5440.3,4546
2024-12-12 11:15:00+05:30,5438.35,5448.95,5433.95,5446.5,1935
2024-12-12 11:30:00+05:30,5446.55,5455.6,5438.15,5450.05,5123
2024-12-12 11:45:00+05:30,5450.05,5455.25,5448.25,5455.25,2592
2024-12-12 12:00:00+05:30,5455.25,5455.25,5434.0,5443.05,4395
2024-12-12 12:15:00+05:30,5443.05,5443.7,5429.35,5440.25,3403
2024-12-12 12:30:00+05:30,5440.25,5452.95,5435.1,5437.9,2269
2024-12-12 12:45:00+05:30,5437.9,5437.9,5405.5,5408.65,4994
2024-12-12 13:00:00+05:30,5407.05,5425.9,5407.05,5425.1,3360
2024-12-12 13:15:00+05:30,5423.05,5430.75,5420.6,5426.85,6000
2024-12-12 13:30:00+05:30,5426.85,5435.35,5420.05,5429.8,6681
2024-12-12 13:45:00+05:30,5429.8,5442.05,5421.4,5422.85,7144
2024-12-12 14:00:00+05:30,5422.85,5430.55,5421.55,5427.05,2660
2024-12-12 14:15:00+05:30,5425.3,5441.85,5425.3,5437.05,3526
2024-12-12 14:30:00+05:30,5437.3,5449.45,5437.3,5441.0,5004
2024-12-12 14:45:00+05:30,5441.0,5447.15,5433.5,5440.4,4751
2024-12-12 15:00:00+05:30,5440.4,5440.4,5428.5,5434.4,13471
2024-12-12 15:15:00+05:30,5434.4,5446.55,5422.05,5429.05,18765
2024-12-13 09:15:00+05:30,5435.25,5447.0,5412.35,5433.25,6409
2024-12-13 09:30:00+05:30,5433.25,5434.65,5400.05,5415.0,2674
2024-12-13 09:45:00+05:30,5414.95,5416.6,5388.05,5395.9,2107
2024-12-13 10:00:00+05:30,5395.9,5400.0,5377.7,5379.75,1653
2024-12-13 10:15:00+05:30,5377.0,5379.35,5352.85,5366.0,4882
2024-12-13 10:30:00+05:30,5366.0,5375.95,5345.95,5357.0,2279
2024-12-13 10:45:00+05:30,5356.95,5360.0,5341.55,5355.35,5469
2024-12-13 11:00:00+05:30,5355.35,5390.0,5355.35,5386.55,7614
2024-12-13 11:15:00+05:30,5386.5,5386.55,5368.2,5371.0,2475
2024-12-13 11:30:00+05:30,5371.0,5385.0,5368.6,5373.25,1204
2024-12-13 11:45:00+05:30,5373.25,5387.7,5370.35,5387.7,1092
2024-12-13 12:00:00+05:30,5387.7,5399.05,5379.05,5388.4,1128
2024-12-13 12:15:00+05:30,5388.4,5392.2,5375.6,5375.6,2899
2024-12-13 12:30:00+05:30,5375.6,5376.8,5362.6,5364.1,1925
2024-12-13 12:45:00+05:30,5364.1,5373.9,5356.55,5370.85,1161
2024-12-13 13:00:00+05:30,5370.85,5393.9,5370.85,5380.55,1085
2024-12-13 13:15:00+05:30,5380.65,5388.0,5375.2,5383.15,588
2024-12-13 13:30:00+05:30,5382.5,5388.0,5380.0,5381.65,1131
2024-12-13 13:45:00+05:30,5381.65,5384.8,5377.55,5382.7,791
2024-12-13 14:00:00+05:30,5384.75,5384.75,5375.0,5376.05,582
2024-12-13 14:15:00+05:30,5376.05,5382.95,5368.55,5376.9,1130
2024-12-13 14:30:00+05:30,5376.9,5381.25,5371.7,5377.05,1145
2024-12-13 14:45:00+05:30,5377.05,5381.65,5371.65,5377.6,1160
2024-12-13 15:00:00+05:30,5379.2,5389.1,5372.4,5374.55,5170
2024-12-13 15:15:00+05:30,5372.4,5385.0,5365.4,5366.0,12610
2024-12-16 09:15:00+05:30,5353.35,5399.0,5351.65,5392.8,12676
2024-12-16 09:30:00+05:30,5392.8,5421.7,5388.4,5407.7,4964
2024-12-16 09:45:00+05:30,5407.7,5420.35,5402.0,5408.7,3508
2024-12-16 10:00:00+05:30,5408.7,5413.65,5394.5,5398.4,3544
2024-12-16 10:15:00+05:30,5398.4,5404.35,5385.7,5403.65,4824
2024-12-16 10:30:00+05:30,5403.65,5424.95,5400.0,5420.35,10081
2024-12-16 10:45:00+05:30,5420.35,5427.75,5418.8,5427.05,3886
2024-12-16 11:00:00+05:30,5427.05,5427.05,5417.95,5420.35,1152
2024-12-16 11:15:00+05:30,5420.35,5421.0,5400.0,5404.65,7015
2024-12-16 11:30:00+05:30,5404.65,5412.8,5400.65,5409.2,1047
2024-12-16 11:45:00+05:30,5409.2,5410.65,5401.9,5401.9,540
2024-12-16 12:00:00+05:30,5404.8,5405.0,5400.0,5400.35,1784
2024-12-16 12:15:00+05:30,5400.35,5406.8,5400.0,5405.9,621
2024-12-16 12:30:00+05:30,5405.9,5413.2,5399.7,5408.75,1715
2024-12-16 12:45:00+05:30,5408.75,5420.85,5406.05,5420.85,843
2024-12-16 13:00:00+05:30,5420.85,5426.45,5416.55,5425.0,994
2024-12-16 13:15:00+05:30,5425.0,5427.95,5415.0,5415.0,1107
2024-12-16 13:30:00+05:30,5417.15,5422.25,5415.05,5420.25,928
2024-12-16 13:45:00+05:30,5420.25,5423.55,5410.3,5421.4,743
2024-12-16 14:00:00+05:30,5421.4,5425.1,5415.5,5423.6,627
2024-12-16 14:15:00+05:30,5423.6,5424.05,5415.65,5418.9,678
2024-12-16 14:30:00+05:30,5418.9,5432.95,5417.15,5428.95,2988
2024-12-16 14:45:00+05:30,5428.95,5435.0,5425.0,5430.0,2878
2024-12-16 15:00:00+05:30,5430.95,5453.9,5426.0,5443.65,6890
2024-12-16 15:15:00+05:30,5443.95,5447.0,5425.15,5425.15,6066
2024-12-17 09:15:00+05:30,5434.0,5452.25,5416.55,5421.0,5926
2024-12-17 09:30:00+05:30,5421.0,5424.1,5392.65,5399.05,5295
2024-12-17 09:45:00+05:30,5399.05,5402.5,5386.0,5388.1,2908
2024-12-17 10:00:00+05:30,5388.1,5395.35,5383.0,5391.05,2957
2024-12-17 10:15:00+05:30,5391.0,5407.45,5367.6,5376.2,6383
2024-12-17 10:30:00+05:30,5372.65,5382.25,5365.75,5382.25,2845
2024-12-17 10:45:00+05:30,5382.25,5385.25,5373.85,5377.5,1411
2024-12-17 11:00:00+05:30,5377.5,5381.85,5374.55,5379.2,2239
2024-12-17 11:15:00+05:30,5379.2,5384.9,5375.0,5377.6,1295
2024-12-17 11:30:00+05:30,5377.6,5379.3,5367.7,5375.0,3203
2024-12-17 11:45:00+05:30,5375.0,5386.65,5374.55,5379.3,3879
2024-12-17 12:00:00+05:30,5379.3,5383.5,5375.0,5380.5,1065
2024-12-17 12:15:00+05:30,5380.5,5384.55,5371.55,5376.25,4611
2024-12-17 12:30:00+05:30,5376.25,5386.5,5371.0,5372.05,4828
2024-12-17 12:45:00+05:30,5372.05,5379.95,5367.75,5377.2,2580
2024-12-17 13:00:00+05:30,5377.2,5378.6,5362.55,5374.05,5703
2024-12-17 13:15:00+05:30,5374.0,5377.1,5361.5,5371.2,12148
2024-12-17 13:30:00+05:30,5372.95,5373.35,5365.0,5365.0,4527
2024-12-17 13:45:00+05:30,5365.0,5375.55,5363.35,5374.5,5177
2024-12-17 14:00:00+05:30,5374.5,5383.95,5374.5,5375.7,1140
2024-12-17 14:15:00+05:30,5375.0,5383.4,5373.7,5377.9,2228
2024-12-17 14:30:00+05:30,5378.3,5390.05,5375.3,5386.7,1647
2024-12-17 14:45:00+05:30,5386.4,5391.45,5375.0,5380.0,2624
2024-12-17 15:00:00+05:30,5379.0,5400.0,5379.0,5390.15,17284
2024-12-17 15:15:00+05:30,5390.35,5404.45,5381.5,5401.1,19996
2024-12-18 09:15:00+05:30,5414.0,5497.5,5395.0,5485.95,21709
2024-12-18 09:30:00+05:30,5487.45,5525.0,5473.05,5517.15,29069
2024-12-18 09:45:00+05:30,5517.15,5529.2,5476.0,5480.95,30363
2024-12-18 10:00:00+05:30,5481.55,5520.0,5468.75,5502.0,14952
2024-12-18 10:15:00+05:30,5499.55,5528.95,5487.5,5511.2,18058
2024-12-18 10:30:00+05:30,5511.2,5528.0,5506.5,5523.25,10448
2024-12-18 10:45:00+05:30,5523.25,5533.0,5506.55,5517.5,14322
2024-12-18 11:00:00+05:30,5517.5,5537.7,5517.45,5533.6,9679
2024-12-18 11:15:00+05:30,5533.6,5533.6,5515.55,5525.55,6413
2024-12-18 11:30:00+05:30,5524.55,5527.5,5500.0,5505.9,7045
2024-12-18 11:45:00+05:30,5505.9,5510.7,5499.0,5504.9,3666
2024-12-18 12:00:00+05:30,5504.9,5512.35,5486.95,5488.95,6860
2024-12-18 12:15:00+05:30,5490.0,5495.9,5488.4,5495.9,3671
2024-12-18 12:30:00+05:30,5495.9,5524.0,5495.25,5510.6,8845
2024-12-18 12:45:00+05:30,5510.6,5510.7,5492.1,5498.85,3476
2024-12-18 13:00:00+05:30,5498.85,5514.75,5493.5,5509.75,2806
2024-12-18 13:15:00+05:30,5509.75,5512.55,5500.05,5502.9,3150
2024-12-18 13:30:00+05:30,5502.9,5505.0,5497.6,5499.0,2509
2024-12-18 13:45:00+05:30,5499.0,5512.55,5494.9,5510.45,3757
2024-12-18 14:00:00+05:30,5510.45,5517.35,5503.6,5507.65,2591
2024-12-18 14:15:00+05:30,5507.65,5510.65,5501.95,5506.35,2817
2024-12-18 14:30:00+05:30,5506.35,5515.55,5495.0,5511.15,6797
2024-12-18 14:45:00+05:30,5511.15,5517.45,5493.4,5495.5,5091
2024-12-18 15:00:00+05:30,5495.5,5508.0,5494.05,5497.45,9153
2024-12-18 15:15:00+05:30,5498.4,5498.4,5475.8,5489.55,14443
2024-12-19 09:15:00+05:30,5477.0,5488.25,5401.0,5450.05,10177
2024-12-19 09:30:00+05:30,5450.05,5469.7,5444.0,5469.0,4330
2024-12-19 09:45:00+05:30,5469.0,5471.8,5455.55,5468.4,1906
2024-12-19 10:00:00+05:30,5468.4,5487.85,5467.5,5470.65,1757
2024-12-19 10:15:00+05:30,5470.65,5483.25,5459.25,5481.0,1661
2024-12-19 10:30:00+05:30,5479.2,5503.9,5474.5,5502.45,2548
2024-12-19 10:45:00+05:30,5502.45,5509.0,5492.05,5502.0,1889
2024-12-19 11:00:00+05:30,5502.0,5503.0,5488.75,5502.7,2053
2024-12-19 11:15:00+05:30,5502.7,5509.0,5497.0,5500.3,1358
2024-12-19 11:30:00+05:30,5500.3,5515.0,5495.5,5514.85,1422
2024-12-19 11:45:00+05:30,5512.05,5513.9,5503.6,5506.4,1130
2024-12-19 12:00:00+05:30,5506.0,5511.9,5501.0,5507.5,1280
2024-12-19 12:15:00+05:30,5509.85,5515.0,5504.3,5505.15,1699
2024-12-19 12:30:00+05:30,5505.15,5519.45,5502.1,5518.0,2121
2024-12-19 12:45:00+05:30,5518.0,5518.3,5511.1,5515.25,1402
2024-12-19 13:00:00+05:30,5518.15,5525.05,5515.25,5519.75,2492
2024-12-19 13:15:00+05:30,5519.75,5523.85,5512.65,5516.6,1528
2024-12-19 13:30:00+05:30,5516.6,5520.4,5503.6,5508.9,2997
2024-12-19 13:45:00+05:30,5508.9,5516.4,5502.05,5507.2,1996
2024-12-19 14:00:00+05:30,5507.2,5516.9,5505.45,5516.75,1141
2024-12-19 14:15:00+05:30,5516.75,5517.95,5500.0,5500.0,2298
2024-12-19 14:30:00+05:30,5500.0,5500.0,5486.05,5491.85,1313
2024-12-19 14:45:00+05:30,5491.85,5493.8,5478.55,5482.85,1744
2024-12-19 15:00:00+05:30,5482.85,5504.6,5482.85,5501.95,8099
2024-12-19 15:15:00+05:30,5500.7,5503.0,5475.5,5475.6,10686
2024-12-20 09:15:00+05:30,5535.0,5543.25,5477.15,5485.0,5014
2024-12-20 09:30:00+05:30,5484.35,5513.55,5479.9,5504.6,2191
2024-12-20 09:45:00+05:30,5506.85,5511.9,5494.25,5511.1,2090
2024-12-20 10:00:00+05:30,5511.1,5513.45,5496.75,5505.9,1095
2024-12-20 10:15:00+05:30,5505.9,5516.95,5496.25,5515.2,1045
2024-12-20 10:30:00+05:30,5515.2,5524.15,5510.45,5523.85,1483
2024-12-20 10:45:00+05:30,5523.85,5539.7,5519.95,5519.95,3109
2024-12-20 11:00:00+05:30,5519.95,5535.6,5513.0,5529.15,2039
2024-12-20 11:15:00+05:30,5530.8,5537.9,5521.05,5527.0,8065
2024-12-20 11:30:00+05:30,5527.0,5528.0,5517.1,5519.15,1928
2024-12-20 11:45:00+05:30,5519.15,5543.0,5518.95,5536.95,3136
2024-12-20 12:00:00+05:30,5536.95,5540.0,5515.95,5519.8,2438
2024-12-20 12:15:00+05:30,5519.8,5529.75,5505.8,5526.0,2413
2024-12-20 12:30:00+05:30,5526.0,5528.9,5515.0,5517.15,1221
2024-12-20 12:45:00+05:30,5517.15,5521.8,5496.4,5506.6,2123
2024-12-20 13:00:00+05:30,5504.0,5506.45,5481.95,5481.95,1673
2024-12-20 13:15:00+05:30,5481.95,5505.1,5474.6,5500.5,1807
2024-12-20 13:30:00+05:30,5500.5,5509.65,5497.55,5504.5,1044
2024-12-20 13:45:00+05:30,5504.5,5519.9,5490.95,5519.0,2131
2024-12-20 14:00:00+05:30,5519.0,5519.0,5499.1,5505.2,1688
2024-12-20 14:15:00+05:30,5505.2,5515.0,5503.0,5515.0,2148
2024-12-20 14:30:00+05:30,5515.0,5515.0,5494.25,5498.4,2106
2024-12-20 14:45:00+05:30,5498.4,5498.65,5470.45,5473.75,1956
2024-12-20 15:00:00+05:30,5472.3,5472.3,5415.2,5418.75,31517
2024-12-20 15:15:00+05:30,5419.15,5444.15,5404.8,5425.0,27447
2024-12-23 09:15:00+05:30,5431.3,5465.15,5390.0,5405.5,6537
2024-12-23 09:30:00+05:30,5405.5,5417.95,5378.55,5390.15,1899
2024-12-23 09:45:00+05:30,5390.15,5400.0,5382.5,5389.75,2081
2024-12-23 10:00:00+05:30,5388.0,5434.1,5385.9,5424.55,1659
2024-12-23 10:15:00+05:30,5424.5,5432.15,5418.15,5429.15,925
2024-12-23 10:30:00+05:30,5429.15,5450.4,5426.4,5445.1,1300
2024-12-23 10:45:00+05:30,5445.1,5458.6,5443.65,5453.15,1191
2024-12-23 11:00:00+05:30,5453.15,5464.0,5451.75,5458.8,1097
2024-12-23 11:15:00+05:30,5458.8,5483.65,5452.3,5477.35,3107
2024-12-23 11:30:00+05:30,5477.35,5495.5,5473.8,5495.5,3004
2024-12-23 11:45:00+05:30,5495.5,5495.5,5463.8,5466.8,4036
2024-12-23 12:00:00+05:30,5466.8,5469.95,5445.3,5449.9,4571
2024-12-23 12:15:00+05:30,5449.9,5457.9,5433.3,5445.7,3428
2024-12-23 12:30:00+05:30,5445.7,5472.45,5442.15,5472.45,2028
2024-12-23 12:45:00+05:30,5472.45,5472.8,5451.05,5459.65,2310
2024-12-23 13:00:00+05:30,5459.65,5468.4,5454.05,5460.45,2181
2024-12-23 13:15:00+05:30,5460.45,5467.0,5450.85,5457.85,2368
2024-12-23 13:30:00+05:30,5457.85,5461.25,5443.9,5456.95,2691
2024-12-23 13:45:00+05:30,5456.95,5458.65,5445.1,5447.6,2580
2024-12-23 14:00:00+05:30,5447.6,5455.65,5442.0,5448.85,3341
2024-12-23 14:15:00+05:30,5448.85,5459.95,5448.1,5458.0,2288
2024-12-23 14:30:00+05:30,5458.0,5477.15,5453.3,5463.55,2491
2024-12-23 14:45:00+05:30,5463.55,5489.1,5458.85,5479.75,9235
2024-12-23 15:00:00+05:30,5479.75,5488.6,5473.55,5484.35,10548
2024-12-23 15:15:00+05:30,5485.25,5487.65,5450.0,5450.0,7970
2024-12-24 09:15:00+05:30,5481.9,5488.15,5428.0,5443.0,2873
2024-12-24 09:30:00+05:30,5442.05,5443.0,5412.35,5431.2,2763
2024-12-24 09:45:00+05:30,5431.2,5454.2,5426.0,5452.1,1299
2024-12-24 10:00:00+05:30,5452.1,5452.5,5442.15,5449.0,412
2024-12-24 10:15:00+05:30,5449.0,5461.75,5446.5,5448.6,1837
2024-12-24 10:30:00+05:30,5448.6,5459.5,5448.4,5458.05,479
2024-12-24 10:45:00+05:30,5458.05,5460.2,5446.15,5448.9,537
2024-12-24 11:00:00+05:30,5448.9,5467.85,5448.9,5460.0,816
2024-12-24 11:15:00+05:30,5460.0,5460.0,5442.05,5448.7,712
2024-12-24 11:30:00+05:30,5448.7,5456.6,5439.65,5456.2,581
2024-12-24 11:45:00+05:30,5456.2,5480.0,5447.75,5471.05,1114
2024-12-24 12:00:00+05:30,5471.05,5480.95,5464.95,5476.8,809
2024-12-24 12:15:00+05:30,5474.1,5474.75,5443.5,5450.0,665
2024-12-24 12:30:00+05:30,5450.0,5459.9,5450.0,5456.7,445
2024-12-24 12:45:00+05:30,5456.7,5459.35,5448.5,5453.9,193
2024-12-24 13:00:00+05:30,5453.9,5461.15,5447.15,5459.9,412
2024-12-24 13:15:00+05:30,5459.9,5461.7,5450.4,5461.25,205
2024-12-24 13:30:00+05:30,5461.25,5468.0,5455.9,5455.9,841
2024-12-24 13:45:00+05:30,5455.9,5458.65,5442.65,5446.0,1159
2024-12-24 14:00:00+05:30,5446.0,5452.45,5434.75,5442.5,2220
2024-12-24 14:15:00+05:30,5442.5,5444.95,5420.05,5422.5,922
2024-12-24 14:30:00+05:30,5422.5,5425.25,5409.05,5419.55,2275
2024-12-24 14:45:00+05:30,5419.55,5426.85,5413.05,5416.05,542
2024-12-24 15:00:00+05:30,5419.2,5423.25,5410.3,5416.65,955
2024-12-24 15:15:00+05:30,5417.95,5417.95,5383.55,5395.0,3559
2024-12-26 09:15:00+05:30,5379.85,5455.9,5379.85,5384.9,3397
2024-12-26 09:30:00+05:30,5384.9,5395.35,5370.2,5378.15,1259
2024-12-26 09:45:00+05:30,5378.15,5387.95,5371.7,5376.55,2720
2024-12-26 10:00:00+05:30,5376.55,5376.55,5355.5,5367.05,1304
2024-12-26 10:15:00+05:30,5367.05,5373.75,5355.0,5372.7,1382
2024-12-26 10:30:00+05:30,5372.95,5377.45,5367.4,5368.95,1177
2024-12-26 10:45:00+05:30,5368.95,5384.7,5366.2,5383.9,1095
2024-12-26 11:00:00+05:30,5384.45,5391.85,5371.15,5371.25,577
2024-12-26 11:15:00+05:30,5371.25,5372.05,5356.0,5363.25,634
2024-12-26 11:30:00+05:30,5363.25,5368.15,5345.85,5352.05,3017
2024-12-26 11:45:00+05:30,5352.05,5363.0,5350.5,5353.3,927
2024-12-26 12:00:00+05:30,5353.3,5356.5,5350.6,5356.5,249
2024-12-26 12:15:00+05:30,5356.5,5359.15,5347.7,5350.05,480
2024-12-26 12:30:00+05:30,5350.05,5356.65,5346.2,5351.6,428
2024-12-26 12:45:00+05:30,5351.6,5355.95,5345.05,5350.2,894
2024-12-26 13:00:00+05:30,5350.2,5360.9,5346.55,5359.95,2840
2024-12-26 13:15:00+05:30,5359.95,5368.0,5355.3,5364.15,532
2024-12-26 13:30:00+05:30,5364.15,5384.85,5358.7,5384.85,2725
2024-12-26 13:45:00+05:30,5384.85,5385.75,5366.7,5377.7,3311
2024-12-26 14:00:00+05:30,5377.7,5410.0,5370.2,5398.2,4054
2024-12-26 14:15:00+05:30,5398.2,5416.5,5398.05,5410.0,3154
2024-12-26 14:30:00+05:30,5407.6,5418.6,5402.55,5413.4,5009
2024-12-26 14:45:00+05:30,5406.65,5418.55,5406.05,5410.25,3813
2024-12-26 15:00:00+05:30,5410.7,5422.6,5408.35,5414.0,3839
2024-12-26 15:15:00+05:30,5414.0,5423.9,5389.45,5419.95,31205
2024-12-30 09:15:00+05:30,5522.85,5563.0,5493.25,5529.0,18472
2024-12-30 09:30:00+05:30,5529.0,5575.45,5525.45,5548.6,14449
2024-12-30 09:45:00+05:30,5550.85,5575.0,5545.05,5564.8,10540
2024-12-30 10:00:00+05:30,5564.8,5582.8,5561.45,5579.85,9481
2024-12-30 10:15:00+05:30,5580.0,5600.0,5566.0,5581.0,14113
2024-12-30 10:30:00+05:30,5581.0,5582.6,5561.05,5578.3,4046
2024-12-30 10:45:00+05:30,5578.3,5578.3,5547.1,5561.45,7298
2024-12-30 11:00:00+05:30,5561.45,5585.9,5554.85,5569.25,4906
2024-12-30 11:15:00+05:30,5569.35,5575.05,5560.2,5564.55,3075
2024-12-30 11:30:00+05:30,5564.55,5575.95,5548.0,5558.1,4128
2024-12-30 11:45:00+05:30,5558.1,5560.0,5552.0,5556.75,3517
2024-12-30 12:00:00+05:30,5556.75,5567.05,5553.45,5566.0,2698
2024-12-30 12:15:00+05:30,5566.0,5568.5,5547.0,5554.35,2642
2024-12-30 12:30:00+05:30,5554.35,5575.0,5545.3,5574.45,3848
2024-12-30 12:45:00+05:30,5574.45,5577.0,5559.0,5564.0,3656
2024-12-30 13:00:00+05:30,5564.0,5569.6,5552.0,5556.05,3303
2024-12-30 13:15:00+05:30,5556.05,5561.3,5546.0,5552.95,3690
2024-12-30 13:30:00+05:30,5552.95,5552.95,5530.0,5533.35,4523
2024-12-30 13:45:00+05:30,5533.35,5533.35,5518.55,5528.3,3469
2024-12-30 14:00:00+05:30,5528.3,5528.6,5518.5,5523.75,3634
2024-12-30 14:15:00+05:30,5523.8,5529.2,5514.5,5514.5,2468
2024-12-30 14:30:00+05:30,5513.85,5542.2,5513.85,5540.1,4186
2024-12-30 14:45:00+05:30,5540.1,5574.7,5540.1,5567.4,5066
2024-12-30 15:00:00+05:30,5567.35,5578.15,5554.25,5571.55,15386
2024-12-30 15:15:00+05:30,5569.9,5579.6,5522.6,5522.6,17805
2024-12-31 09:15:00+05:30,5569.35,5609.0,5550.0,5597.95,10716
2024-12-31 09:30:00+05:30,5597.95,5621.25,5584.25,5607.55,7793
2024-12-31 09:45:00+05:30,5607.55,5615.3,5578.4,5593.8,5016
2024-12-31 10:00:00+05:30,5593.8,5594.15,5572.55,5577.65,2915
2024-12-31 10:15:00+05:30,5576.0,5594.1,5570.05,5574.8,3444
2024-12-31 10:30:00+05:30,5574.8,5629.9,5572.2,5617.6,4615
2024-12-31 10:45:00+05:30,5617.6,5622.65,5610.8,5613.8,3605
2024-12-31 11:00:00+05:30,5613.95,5625.0,5610.0,5620.0,9710
2024-12-31 11:15:00+05:30,5620.0,5639.0,5610.4,5636.0,13086
2024-12-31 11:30:00+05:30,5636.0,5674.35,5632.0,5671.45,11144
2024-12-31 11:45:00+05:30,5671.45,5684.0,5652.0,5680.0,11462
2024-12-31 12:00:00+05:30,5680.0,5684.65,5666.0,5673.0,6434
2024-12-31 12:15:00+05:30,5673.0,5677.15,5662.4,5663.4,5296
2024-12-31 12:30:00+05:30,5663.4,5670.0,5642.35,5649.6,7868
2024-12-31 12:45:00+05:30,5649.6,5665.7,5643.9,5651.75,6085
2024-12-31 13:00:00+05:30,5651.75,5668.95,5651.75,5655.6,5833
2024-12-31 13:15:00+05:30,5657.1,5660.0,5647.8,5655.4,5592
2024-12-31 13:30:00+05:30,5654.9,5663.55,5649.6,5651.75,6252
2024-12-31 13:45:00+05:30,5654.15,5660.15,5640.8,5643.85,6617
2024-12-31 14:00:00+05:30,5643.85,5646.95,5631.15,5638.8,5685
2024-12-31 14:15:00+05:30,5639.2,5641.55,5627.75,5634.55,6806
2024-12-31 14:30:00+05:30,5634.55,5635.35,5617.0,5634.65,7407
2024-12-31 14:45:00+05:30,5634.9,5638.0,5628.95,5635.0,13240
2024-12-31 15:00:00+05:30,5634.95,5636.0,5625.5,5634.7,18090
2024-12-31 15:15:00+05:30,5634.7,5636.9,5616.9,5632.75,21533
2025-01-01 09:15:00+05:30,5673.9,5673.9,5604.05,5651.85,7018
2025-01-01 09:30:00+05:30,5651.85,5660.2,5641.1,5660.2,1594
2025-01-01 09:45:00+05:30,5660.2,5660.2,5643.0,5646.3,885
2025-01-01 10:00:00+05:30,5646.3,5658.0,5641.5,5649.3,1070
2025-01-01 10:15:00+05:30,5649.3,5653.0,5641.0,5644.15,1252
2025-01-01 10:30:00+05:30,5644.15,5656.0,5638.55,5646.85,1143
2025-01-01 10:45:00+05:30,5646.85,5653.95,5643.8,5645.6,961
2025-01-01 11:00:00+05:30,5645.6,5648.85,5635.9,5646.0,888
2025-01-01 11:15:00+05:30,5646.0,5646.0,5630.0,5635.35,780
2025-01-01 11:30:00+05:30,5635.35,5652.65,5621.15,5652.1,1336
2025-01-01 11:45:00+05:30,5652.1,5655.0,5632.75,5641.9,1050
2025-01-01 12:00:00+05:30,5641.9,5649.15,5630.4,5634.25,804
2025-01-01 12:15:00+05:30,5634.25,5638.25,5626.0,5633.85,684
2025-01-01 12:30:00+05:30,5633.85,5634.85,5598.45,5598.45,2290
2025-01-01 12:45:00+05:30,5602.7,5610.25,5596.05,5608.0,1695
2025-01-01 13:00:00+05:30,5608.0,5611.95,5600.0,5600.0,1315
2025-01-01 13:15:00+05:30,5600.0,5603.7,5586.05,5591.6,1981
2025-01-01 13:30:00+05:30,5591.6,5597.9,5578.7,5580.05,3391
2025-01-01 13:45:00+05:30,5582.9,5583.5,5573.85,5579.95,1692
2025-01-01 14:00:00+05:30,5579.95,5585.6,5574.8,5575.9,1735
2025-01-01 14:15:00+05:30,5575.9,5581.6,5570.1,5577.5,1785
2025-01-01 14:30:00+05:30,5577.5,5590.0,5573.25,5580.0,2485
2025-01-01 14:45:00+05:30,5580.0,5587.55,5573.05,5581.6,2066
2025-01-01 15:00:00+05:30,5579.4,5582.95,5565.15,5569.4,3047
2025-01-01 15:15:00+05:30,5571.1,5577.55,5563.25,5572.0,4737
2025-01-02 09:15:00+05:30,5600.0,5606.95,5553.7,5553.7,2177
2025-01-02 09:30:00+05:30,5555.8,5558.45,5529.6,5537.85,2212
2025-01-02 09:45:00+05:30,5537.85,5537.9,5522.2,5523.6,1747
2025-01-02 10:00:00+05:30,5528.35,5534.45,5518.0,5520.0,1473
2025-01-02 10:15:00+05:30,5520.0,5528.75,5515.0,5516.0,832
2025-01-02 10:30:00+05:30,5516.5,5545.45,5515.0,5542.65,704
2025-01-02 10:45:00+05:30,5543.35,5561.0,5538.05,5548.85,1095
2025-01-02 11:00:00+05:30,5547.05,5551.55,5533.1,5533.55,1432
2025-01-02 11:15:00+05:30,5533.55,5557.2,5531.4,5550.5,893
2025-01-02 11:30:00+05:30,5550.5,5571.0,5546.15,5564.8,1846
2025-01-02 11:45:00+05:30,5564.8,5580.0,5564.8,5577.0,1377
2025-01-02 12:00:00+05:30,5576.95,5579.85,5566.55,5572.2,722
2025-01-02 12:15:00+05:30,5572.2,5576.95,5569.5,5573.7,408
2025-01-02 12:30:00+05:30,5573.7,5578.8,5553.2,5553.2,393
2025-01-02 12:45:00+05:30,5552.0,5561.7,5548.75,5557.85,843
2025-01-02 13:00:00+05:30,5557.85,5563.45,5556.2,5563.0,269
2025-01-02 13:15:00+05:30,5563.0,5572.3,5556.55,5560.2,560
2025-01-02 13:30:00+05:30,5560.2,5567.8,5549.85,5555.15,985
2025-01-02 13:45:00+05:30,5555.15,5564.75,5551.1,5557.7,364
2025-01-02 14:00:00+05:30,5557.7,5573.95,5554.5,5571.0,1496
2025-01-02 14:15:00+05:30,5570.45,5586.95,5569.4,5585.0,2217
2025-01-02 14:30:00+05:30,5585.0,5588.95,5556.0,5572.35,4806
2025-01-02 14:45:00+05:30,5572.35,5585.0,5572.3,5581.15,3631
2025-01-02 15:00:00+05:30,5579.0,5583.15,5567.15,5572.0,4933
2025-01-02 15:15:00+05:30,5572.0,5596.0,5571.9,5575.0,5475
2025-01-03 09:15:00+05:30,5609.0,5610.0,5540.95,5542.7,7228
2025-01-03 09:30:00+05:30,5542.7,5550.7,5530.2,5531.1,2922
2025-01-03 09:45:00+05:30,5531.1,5531.1,5496.05,5500.05,5035
2025-01-03 10:00:00+05:30,5500.05,5504.4,5487.0,5495.9,3397
2025-01-03 10:15:00+05:30,5495.9,5548.15,5495.15,5535.0,5339
2025-01-03 10:30:00+05:30,5535.0,5537.9,5520.3,5530.0,1643
2025-01-03 10:45:00+05:30,5530.0,5532.0,5511.55,5518.5,1919
2025-01-03 11:00:00+05:30,5518.5,5528.75,5516.45,5523.5,1139
2025-01-03 11:15:00+05:30,5523.5,5538.95,5523.0,5534.45,1827
2025-01-03 11:30:00+05:30,5534.45,5538.25,5506.6,5507.5,1274
2025-01-03 11:45:00+05:30,5507.5,5517.8,5507.1,5512.45,672
2025-01-03 12:00:00+05:30,5512.45,5513.55,5500.0,5509.55,1258
2025-01-03 12:15:00+05:30,5509.55,5527.25,5505.2,5514.75,1400
2025-01-03 12:30:00+05:30,5514.75,5528.8,5508.05,5518.4,2266
2025-01-03 12:45:00+05:30,5518.4,5518.4,5500.1,5502.25,1126
2025-01-03 13:00:00+05:30,5502.25,5504.85,5491.0,5496.0,1713
2025-01-03 13:15:00+05:30,5496.0,5503.45,5491.15,5498.75,945
2025-01-03 13:30:00+05:30,5498.75,5504.4,5486.65,5490.0,1794
2025-01-03 13:45:00+05:30,5490.0,5502.3,5486.05,5499.95,1434
2025-01-03 14:00:00+05:30,5500.0,5500.0,5490.2,5500.0,1348
2025-01-03 14:15:00+05:30,5499.6,5504.05,5492.0,5502.0,990
2025-01-03 14:30:00+05:30,5502.0,5513.0,5499.75,5504.35,1707
2025-01-03 14:45:00+05:30,5504.75,5517.55,5500.0,5514.55,1811
2025-01-03 15:00:00+05:30,5514.55,5514.55,5499.05,5500.35,6110
2025-01-03 15:15:00+05:30,5500.55,5505.0,5495.05,5500.0,7275
2025-01-06 09:15:00+05:30,5476.15,5521.95,5454.1,5487.75,4465
2025-01-06 09:30:00+05:30,5491.4,5496.3,5454.95,5456.9,2779
2025-01-06 09:45:00+05:30,5456.0,5466.95,5450.0,5458.2,1258
2025-01-06 10:00:00+05:30,5458.2,5477.5,5456.4,5468.65,1185
2025-01-06 10:15:00+05:30,5468.65,5478.2,5465.1,5472.0,681
2025-01-06 10:30:00+05:30,5468.25,5470.75,5447.35,5459.85,1914
2025-01-06 10:45:00+05:30,5459.85,5486.3,5451.6,5486.15,4730
2025-01-06 11:00:00+05:30,5486.15,5506.4,5480.0,5490.0,3880
2025-01-06 11:15:00+05:30,5490.0,5514.45,5486.25,5504.0,3227
2025-01-06 11:30:00+05:30,5504.0,5519.0,5496.5,5500.05,2836
2025-01-06 11:45:00+05:30,5500.05,5503.15,5477.3,5485.15,3949
2025-01-06 12:00:00+05:30,5485.15,5515.95,5485.15,5515.0,1578
2025-01-06 12:15:00+05:30,5515.0,5528.0,5506.1,5523.85,4690
2025-01-06 12:30:00+05:30,5523.85,5541.65,5518.55,5531.75,3817
2025-01-06 12:45:00+05:30,5531.7,5532.0,5502.5,5527.55,2895
2025-01-06 13:00:00+05:30,5527.55,5527.55,5509.05,5516.35,1661
2025-01-06 13:15:00+05:30,5516.35,5516.35,5495.1,5496.35,981
2025-01-06 13:30:00+05:30,5495.0,5500.0,5485.55,5493.25,1094
2025-01-06 13:45:00+05:30,5487.65,5500.0,5485.15,5493.45,1308
2025-01-06 14:00:00+05:30,5493.45,5501.55,5489.75,5493.65,1428
2025-01-06 14:15:00+05:30,5493.65,5504.45,5489.05,5492.9,1206
2025-01-06 14:30:00+05:30,5492.9,5497.9,5470.6,5475.05,2802
2025-01-06 14:45:00+05:30,5475.05,5533.85,5474.5,5532.85,5347
2025-01-06 15:00:00+05:30,5533.85,5545.2,5521.5,5525.5,8471
2025-01-06 15:15:00+05:30,5525.5,5532.6,5516.9,5527.0,12015
2025-01-07 09:15:00+05:30,5527.15,5555.95,5517.5,5537.9,3860
2025-01-07 09:30:00+05:30,5537.9,5572.0,5530.55,5571.2,3163
2025-01-07 09:45:00+05:30,5567.05,5575.0,5557.55,5563.2,4900
2025-01-07 10:00:00+05:30,5563.2,5586.65,5560.95,5583.65,3081
2025-01-07 10:15:00+05:30,5583.65,5594.9,5575.9,5594.0,3775
2025-01-07 10:30:00+05:30,5594.0,5637.4,5582.05,5637.4,8724
2025-01-07 10:45:00+05:30,5636.8,5639.65,5600.05,5628.45,9558
2025-01-07 11:00:00+05:30,5628.4,5644.0,5628.4,5640.65,3605
2025-01-07 11:15:00+05:30,5643.75,5669.9,5640.95,5656.0,7263
2025-01-07 11:30:00+05:30,5656.0,5660.0,5640.75,5650.15,3799
2025-01-07 11:45:00+05:30,5650.15,5651.8,5635.5,5638.5,3388
2025-01-07 12:00:00+05:30,5638.5,5647.8,5610.25,5613.8,5365
2025-01-07 12:15:00+05:30,5613.8,5613.8,5577.55,5582.0,4663
2025-01-07 12:30:00+05:30,5582.0,5594.15,5563.8,5575.8,3615
2025-01-07 12:45:00+05:30,5575.95,5582.2,5557.25,5574.6,2764
2025-01-07 13:00:00+05:30,5576.7,5592.05,5573.25,5580.15,2290
2025-01-07 13:15:00+05:30,5582.1,5586.1,5580.0,5580.0,1887
2025-01-07 13:30:00+05:30,5580.65,5585.15,5570.0,5573.05,2161
2025-01-07 13:45:00+05:30,5574.95,5576.95,5562.0,5567.35,2839
2025-01-07 14:00:00+05:30,5567.35,5584.45,5566.55,5581.9,2792
2025-01-07 14:15:00+05:30,5581.95,5581.95,5571.4,5571.55,2086
2025-01-07 14:30:00+05:30,5571.45,5573.7,5560.75,5566.3,2856
2025-01-07 14:45:00+05:30,5563.5,5577.05,5562.8,5577.0,3664
2025-01-07 15:00:00+05:30,5577.05,5580.2,5546.4,5548.8,7276
2025-01-07 15:15:00+05:30,5547.45,5594.85,5530.0,5535.0,13392
2025-01-08 09:15:00+05:30,5555.95,5578.7,5532.25,5542.9,4414
2025-01-08 09:30:00+05:30,5539.85,5562.05,5502.8,5502.8,7135
2025-01-08 09:45:00+05:30,5502.8,5509.1,5479.7,5508.1,3428
2025-01-08 10:00:00+05:30,5510.0,5530.0,5502.6,5529.15,2632
2025-01-08 10:15:00+05:30,5529.15,5529.15,5500.0,5510.3,1182
2025-01-08 10:30:00+05:30,5510.3,5524.45,5510.3,5520.1,2731
2025-01-08 10:45:00+05:30,5518.55,5520.45,5510.5,5517.8,4366
2025-01-08 11:00:00+05:30,5517.8,5520.5,5475.75,5484.0,7255
2025-01-08 11:15:00+05:30,5484.0,5500.0,5479.8,5496.0,1756
2025-01-08 11:30:00+05:30,5492.0,5504.9,5490.2,5500.8,2207
2025-01-08 11:45:00+05:30,5500.8,5508.2,5496.7,5507.55,1613
2025-01-08 12:00:00+05:30,5503.95,5508.2,5499.7,5500.0,2047
2025-01-08 12:15:00+05:30,5500.0,5515.0,5497.6,5512.8,18283
2025-01-08 12:30:00+05:30,5512.8,5525.0,5509.4,5525.0,4322
2025-01-08 12:45:00+05:30,5525.0,5530.55,5518.9,5522.55,8474
2025-01-08 13:00:00+05:30,5522.55,5522.55,5496.15,5505.35,6831
2025-01-08 13:15:00+05:30,5505.35,5521.75,5499.95,5507.8,3244
2025-01-08 13:30:00+05:30,5507.8,5514.35,5500.6,5512.05,3576
2025-01-08 13:45:00+05:30,5512.05,5521.9,5509.75,5521.05,1585
2025-01-08 14:00:00+05:30,5521.05,5534.95,5517.15,5534.9,1793
2025-01-08 14:15:00+05:30,5534.9,5554.8,5534.2,5542.8,3012
2025-01-08 14:30:00+05:30,5542.8,5555.55,5536.0,5553.6,2583
2025-01-08 14:45:00+05:30,5553.6,5559.45,5544.6,5546.25,2220
2025-01-08 15:00:00+05:30,5546.45,5575.1,5544.7,5573.4,14152
2025-01-08 15:15:00+05:30,5573.4,5579.95,5551.55,5551.55,12820
2025-01-09 09:15:00+05:30,5566.4,5582.6,5533.0,5539.05,3721
2025-01-09 09:30:00+05:30,5539.05,5541.7,5512.05,5516.55,1670
2025-01-09 09:45:00+05:30,5516.55,5516.55,5484.0,5501.1,2894
2025-01-09 10:00:00+05:30,5501.1,5516.6,5493.3,5507.0,1637
2025-01-09 10:15:00+05:30,5507.0,5519.95,5502.75,5504.4,2066
2025-01-09 10:30:00+05:30,5504.4,5538.85,5500.7,5538.85,939
2025-01-09 10:45:00+05:30,5538.85,5558.25,5529.1,5555.75,1274
2025-01-09 11:00:00+05:30,5555.75,5570.0,5550.35,5550.35,1145
2025-01-09 11:15:00+05:30,5550.35,5557.4,5539.75,5541.45,1597
2025-01-09 11:30:00+05:30,5541.45,5554.4,5531.4,5545.9,2346
2025-01-09 11:45:00+05:30,5545.9,5555.7,5511.0,5525.6,2387
2025-01-09 12:00:00+05:30,5520.5,5529.5,5512.55,5512.55,1706
2025-01-09 12:15:00+05:30,5512.55,5520.15,5504.2,5505.5,1046
2025-01-09 12:30:00+05:30,5505.5,5515.95,5496.1,5506.4,1370
2025-01-09 12:45:00+05:30,5506.4,5514.05,5498.0,5506.5,998
2025-01-09 13:00:00+05:30,5506.5,5513.55,5502.9,5509.0,908
2025-01-09 13:15:00+05:30,5509.0,5511.3,5493.05,5494.6,1177
2025-01-09 13:30:00+05:30,5494.6,5501.35,5487.7,5495.75,3213
2025-01-09 13:45:00+05:30,5495.75,5504.85,5489.75,5493.95,1398
2025-01-09 14:00:00+05:30,5494.5,5500.0,5488.05,5497.8,3022
2025-01-09 14:15:00+05:30,5498.25,5500.0,5490.05,5496.45,2437
2025-01-09 14:30:00+05:30,5496.8,5499.0,5476.6,5476.6,3330
2025-01-09 14:45:00+05:30,5473.7,5479.9,5463.05,5467.7,2512
2025-01-09 15:00:00+05:30,5467.8,5473.1,5447.15,5454.5,6306
2025-01-09 15:15:00+05:30,5454.5,5457.45,5420.0,5420.6,4303
2025-01-10 09:15:00+05:30,5429.0,5471.45,5427.75,5448.35,2768
2025-01-10 09:30:00+05:30,5446.2,5461.65,5433.0,5438.55,2606
2025-01-10 09:45:00+05:30,5438.55,5438.55,5411.55,5412.4,2470
2025-01-10 10:00:00+05:30,5412.4,5422.45,5398.0,5419.05,3185
2025-01-10 10:15:00+05:30,5419.05,5435.7,5408.65,5417.75,2698
2025-01-10 10:30:00+05:30,5420.25,5421.35,5400.0,5401.6,2513
2025-01-10 10:45:00+05:30,5401.6,5426.65,5399.55,5426.65,2632
2025-01-10 11:00:00+05:30,5429.7,5445.5,5425.0,5443.95,3036
2025-01-10 11:15:00+05:30,5443.95,5449.6,5431.55,5444.9,3759
2025-01-10 11:30:00+05:30,5445.0,5464.3,5415.0,5419.7,4633
2025-01-10 11:45:00+05:30,5419.7,5435.05,5412.5,5432.75,2790
2025-01-10 12:00:00+05:30,5432.75,5437.3,5413.65,5433.0,5816
2025-01-10 12:15:00+05:30,5433.05,5440.0,5406.2,5418.4,2757
2025-01-10 12:30:00+05:30,5418.45,5425.45,5402.8,5402.8,5604
2025-01-10 12:45:00+05:30,5402.8,5416.4,5400.1,5400.1,1695
2025-01-10 13:00:00+05:30,5403.0,5403.0,5371.05,5377.45,3215
2025-01-10 13:15:00+05:30,5377.45,5379.45,5348.4,5354.0,2400
2025-01-10 13:30:00+05:30,5354.0,5365.0,5348.45,5357.05,1877
2025-01-10 13:45:00+05:30,5357.05,5367.55,5350.0,5362.25,933
2025-01-10 14:00:00+05:30,5362.25,5362.25,5336.75,5347.25,1776
2025-01-10 14:15:00+05:30,5347.25,5353.35,5337.1,5351.95,1670
2025-01-10 14:30:00+05:30,5351.95,5354.85,5311.65,5354.05,3834
2025-01-10 14:45:00+05:30,5354.05,5373.45,5350.55,5367.0,6652
2025-01-10 15:00:00+05:30,5370.5,5390.0,5355.05,5378.5,30026
2025-01-10 15:15:00+05:30,5378.5,5386.3,5332.5,5332.5,15798
2025-01-13 09:15:00+05:30,5301.0,5351.6,5274.6,5345.9,4256
2025-01-13 09:30:00+05:30,5345.9,5375.45,5338.55,5375.45,3203
2025-01-13 09:45:00+05:30,5375.45,5382.45,5346.8,5362.35,4479
2025-01-13 10:00:00+05:30,5362.35,5374.6,5334.05,5337.75,3030
2025-01-13 10:15:00+05:30,5340.5,5354.95,5330.0,5349.85,2070
2025-01-13 10:30:00+05:30,5349.85,5359.85,5340.25,5351.35,1393
2025-01-13 10:45:00+05:30,5351.35,5365.4,5316.0,5322.2,8043
2025-01-13 11:00:00+05:30,5325.1,5332.9,5308.1,5313.3,961
2025-01-13 11:15:00+05:30,5313.3,5321.85,5301.75,5309.45,1081
2025-01-13 11:30:00+05:30,5309.45,5315.85,5302.65,5313.6,928
2025-01-13 11:45:00+05:30,5313.6,5334.45,5312.2,5323.6,1303
2025-01-13 12:00:00+05:30,5323.6,5323.6,5301.0,5304.1,1305
2025-01-13 12:15:00+05:30,5304.7,5316.85,5290.55,5314.05,1472
2025-01-13 12:30:00+05:30,5314.05,5320.05,5304.15,5309.35,1094
2025-01-13 12:45:00+05:30,5309.35,5310.75,5278.6,5282.8,1977
2025-01-13 13:00:00+05:30,5282.8,5287.5,5264.35,5273.1,2579
2025-01-13 13:15:00+05:30,5273.4,5275.0,5255.0,5260.05,2448
2025-01-13 13:30:00+05:30,5264.5,5264.5,5252.2,5258.0,2846
2025-01-13 13:45:00+05:30,5258.0,5272.4,5255.7,5264.65,2832
2025-01-13 14:00:00+05:30,5264.65,5264.65,5244.05,5249.4,3826
2025-01-13 14:15:00+05:30,5249.4,5252.5,5230.15,5241.0,2250
2025-01-13 14:30:00+05:30,5241.0,5243.65,5215.7,5236.0,3517
2025-01-13 14:45:00+05:30,5236.0,5251.0,5234.15,5245.9,1810
2025-01-13 15:00:00+05:30,5245.1,5245.9,5213.75,5220.25,7245
2025-01-13 15:15:00+05:30,5220.4,5461.0,5215.6,5233.0,8344
2025-01-14 09:15:00+05:30,5248.9,5296.0,5236.55,5264.3,4270
2025-01-14 09:30:00+05:30,5268.0,5274.95,5252.5,5258.4,2097
2025-01-14 09:45:00+05:30,5258.4,5275.1,5245.6,5256.4,1813
2025-01-14 10:00:00+05:30,5256.4,5259.75,5237.05,5245.7,1370
2025-01-14 10:15:00+05:30,5245.7,5251.0,5229.1,5240.05,901
2025-01-14 10:30:00+05:30,5243.65,5246.5,5219.4,5232.25,2102
2025-01-14 10:45:00+05:30,5232.25,5267.85,5230.0,5265.5,1720
2025-01-14 11:00:00+05:30,5266.65,5284.45,5263.55,5273.55,2075
2025-01-14 11:15:00+05:30,5273.55,5281.0,5251.1,5252.7,907
2025-01-14 11:30:00+05:30,5252.7,5260.25,5246.8,5253.25,1404
2025-01-14 11:45:00+05:30,5253.25,5261.0,5240.05,5247.15,1211
2025-01-14 12:00:00+05:30,5247.15,5279.15,5247.0,5270.15,2601
2025-01-14 12:15:00+05:30,5266.15,5267.6,5252.05,5263.4,963
2025-01-14 12:30:00+05:30,5263.4,5264.85,5254.65,5258.4,619
2025-01-14 12:45:00+05:30,5258.4,5276.5,5256.3,5260.0,2371
2025-01-14 13:00:00+05:30,5260.0,5276.9,5250.05,5269.05,1047
2025-01-14 13:15:00+05:30,5269.05,5279.0,5265.1,5275.5,792
2025-01-14 13:30:00+05:30,5275.5,5281.35,5263.85,5270.95,2066
2025-01-14 13:45:00+05:30,5270.95,5272.55,5260.0,5271.75,2035
2025-01-14 14:00:00+05:30,5270.0,5282.9,5250.75,5273.6,1454
2025-01-14 14:15:00+05:30,5273.6,5282.95,5268.05,5276.0,2562
2025-01-14 14:30:00+05:30,5276.0,5276.0,5240.95,5260.65,4049
2025-01-14 14:45:00+05:30,5261.95,5263.8,5251.15,5258.35,1088
2025-01-14 15:00:00+05:30,5260.9,5268.0,5250.15,5262.9,5686
2025-01-14 15:15:00+05:30,5263.55,5279.1,5252.75,5277.0,6108
2025-01-15 09:15:00+05:30,5302.1,5302.25,5193.75,5203.0,8621
2025-01-15 09:30:00+05:30,5203.0,5205.65,5156.0,5167.6,9028
2025-01-15 09:45:00+05:30,5167.6,5180.05,5157.0,5159.2,3611
2025-01-15 10:00:00+05:30,5159.2,5168.45,5143.0,5168.2,5274
2025-01-15 10:15:00+05:30,5167.15,5188.3,5147.8,5180.65,5532
2025-01-15 10:30:00+05:30,5181.85,5190.45,5174.15,5176.15,2798
2025-01-15 10:45:00+05:30,5176.15,5206.35,5173.1,5187.65,2751
2025-01-15 11:00:00+05:30,5187.65,5190.65,5160.25,5170.95,2785
2025-01-15 11:15:00+05:30,5170.85,5178.5,5159.0,5162.45,2283
2025-01-15 11:30:00+05:30,5161.45,5177.6,5157.5,5177.6,1887
2025-01-15 11:45:00+05:30,5177.6,5200.45,5174.45,5195.95,4113
2025-01-15 12:00:00+05:30,5195.6,5205.0,5194.6,5201.0,2442
2025-01-15 12:15:00+05:30,5201.0,5209.7,5191.7,5204.65,5370
2025-01-15 12:30:00+05:30,5204.2,5209.85,5198.1,5203.3,3081
2025-01-15 12:45:00+05:30,5201.95,5208.65,5194.4,5200.1,4458
2025-01-15 13:00:00+05:30,5200.1,5200.3,5191.5,5196.75,3994
2025-01-15 13:15:00+05:30,5197.05,5200.05,5190.45,5200.0,5297
2025-01-15 13:30:00+05:30,5200.0,5219.3,5197.5,5214.9,4789
2025-01-15 13:45:00+05:30,5213.35,5216.25,5201.5,5208.4,1787
2025-01-15 14:00:00+05:30,5208.4,5211.7,5199.6,5202.2,1932
2025-01-15 14:15:00+05:30,5202.2,5211.55,5197.0,5198.6,1437
2025-01-15 14:30:00+05:30,5198.6,5207.0,5198.15,5204.2,2311
2025-01-15 14:45:00+05:30,5204.2,5210.0,5198.0,5201.1,3175
2025-01-15 15:00:00+05:30,5202.4,5206.1,5195.5,5200.0,8014
2025-01-15 15:15:00+05:30,5200.0,5216.5,5199.0,5200.0,9014
2025-01-16 09:15:00+05:30,5200.0,5216.5,5155.05,5195.6,2261
2025-01-16 09:30:00+05:30,5195.6,5221.4,5186.3,5201.8,2417
2025-01-16 09:45:00+05:30,5201.8,5217.0,5190.1,5209.0,2465
2025-01-16 10:00:00+05:30,5209.0,5215.7,5194.15,5206.25,1854
2025-01-16 10:15:00+05:30,5206.25,5211.45,5203.1,5206.75,450
2025-01-16 10:30:00+05:30,5206.75,5214.5,5194.6,5199.35,3336
2025-01-16 10:45:00+05:30,5199.35,5208.95,5198.15,5206.35,1984
2025-01-16 11:00:00+05:30,5207.85,5210.95,5195.2,5204.35,924
2025-01-16 11:15:00+05:30,5204.35,5204.6,5197.6,5203.55,712
2025-01-16 11:30:00+05:30,5203.55,5215.5,5200.0,5210.6,725
2025-01-16 11:45:00+05:30,5210.6,5212.8,5193.0,5201.5,968
2025-01-16 12:00:00+05:30,5201.5,5205.85,5193.15,5202.5,1556
2025-01-16 12:15:00+05:30,5202.5,5213.8,5194.05,5202.65,1319
2025-01-16 12:30:00+05:30,5201.05,5205.85,5194.6,5200.6,945
2025-01-16 12:45:00+05:30,5200.6,5207.95,5191.05,5200.0,2434
2025-01-16 13:00:00+05:30,5200.0,5204.95,5167.65,5170.15,7738
2025-01-16 13:15:00+05:30,5166.25,5202.4,5166.25,5200.4,11634
2025-01-16 13:30:00+05:30,5200.4,5202.6,5180.7,5180.8,3955
2025-01-16 13:45:00+05:30,5180.8,5193.75,5180.3,5191.3,904
2025-01-16 14:00:00+05:30,5191.3,5200.0,5189.65,5199.55,2914
2025-01-16 14:15:00+05:30,5199.55,5200.1,5157.0,5160.0,15085
2025-01-16 14:30:00+05:30,5161.6,5175.9,5149.75,5173.55,19434
2025-01-16 14:45:00+05:30,5173.55,5189.95,5170.95,5178.15,4258
2025-01-16 15:00:00+05:30,5177.3,5187.0,5169.05,5187.0,10972
2025-01-16 15:15:00+05:30,5187.0,5197.45,5177.1,5190.0,11465
2025-01-17 09:15:00+05:30,5192.0,5232.7,5166.5,5230.0,9649
2025-01-17 09:30:00+05:30,5228.3,5246.95,5228.3,5245.0,2759
2025-01-17 09:45:00+05:30,5245.0,5246.85,5238.05,5245.1,822
2025-01-17 10:00:00+05:30,5245.1,5259.0,5235.6,5258.6,3915
2025-01-17 10:15:00+05:30,5258.6,5258.6,5240.0,5250.9,1002
2025-01-17 10:30:00+05:30,5250.9,5256.5,5227.9,5230.95,2666
2025-01-17 10:45:00+05:30,5230.95,5234.2,5211.0,5228.95,1291
2025-01-17 11:00:00+05:30,5228.95,5241.5,5219.0,5240.2,1715
2025-01-17 11:15:00+05:30,5238.0,5244.45,5232.7,5239.0,1252
2025-01-17 11:30:00+05:30,5239.0,5252.85,5232.25,5237.0,1002
2025-01-17 11:45:00+05:30,5237.0,5241.0,5229.05,5237.05,1772
2025-01-17 12:00:00+05:30,5237.05,5244.35,5229.2,5231.8,2959
2025-01-17 12:15:00+05:30,5231.8,5237.6,5224.95,5224.95,2730
2025-01-17 12:30:00+05:30,5224.95,5234.95,5221.55,5231.1,2184
2025-01-17 12:45:00+05:30,5231.1,5234.75,5224.7,5231.1,1603
2025-01-17 13:00:00+05:30,5230.0,5239.0,5227.0,5237.25,3002
2025-01-17 13:15:00+05:30,5235.7,5242.4,5230.85,5235.55,3178
2025-01-17 13:30:00+05:30,5235.55,5253.15,5231.9,5251.05,2833
2025-01-17 13:45:00+05:30,5251.05,5266.65,5247.05,5263.75,3816
2025-01-17 14:00:00+05:30,5263.75,5277.0,5262.1,5277.0,2201
2025-01-17 14:15:00+05:30,5277.0,5283.5,5264.45,5266.0,3507
2025-01-17 14:30:00+05:30,5266.0,5271.0,5251.25,5269.75,2405
2025-01-17 14:45:00+05:30,5269.75,5274.4,5262.95,5266.9,2242
2025-01-17 15:00:00+05:30,5266.9,5269.4,5246.3,5249.8,6610
2025-01-17 15:15:00+05:30,5249.8,5278.95,5247.7,5253.75,7454
2025-01-20 09:15:00+05:30,5266.95,5285.0,5226.9,5226.9,4237
2025-01-20 09:30:00+05:30,5228.1,5236.9,5199.85,5221.2,1601
2025-01-20 09:45:00+05:30,5221.2,5225.4,5193.75,5195.4,1872
2025-01-20 10:00:00+05:30,5195.4,5199.75,5183.5,5199.75,1460
2025-01-20 10:15:00+05:30,5199.75,5232.2,5194.15,5231.65,2965
2025-01-20 10:30:00+05:30,5231.65,5239.0,5226.0,5236.3,903
2025-01-20 10:45:00+05:30,5236.3,5247.95,5236.1,5247.95,1509
2025-01-20 11:00:00+05:30,5247.95,5257.95,5244.9,5256.4,1089
2025-01-20 11:15:00+05:30,5256.4,5264.3,5252.5,5259.7,1600
2025-01-20 11:30:00+05:30,5259.7,5263.1,5250.8,5255.35,1010
2025-01-20 11:45:00+05:30,5255.35,5259.9,5239.25,5243.15,1209
2025-01-20 12:00:00+05:30,5243.15,5246.4,5221.05,5225.2,860
2025-01-20 12:15:00+05:30,5225.2,5253.25,5220.0,5237.4,1490
2025-01-20 12:30:00+05:30,5237.4,5238.25,5213.2,5219.85,2429
2025-01-20 12:45:00+05:30,5219.85,5243.9,5219.85,5239.95,1083
2025-01-20 13:00:00+05:30,5240.15,5240.15,5224.5,5233.35,1426
2025-01-20 13:15:00+05:30,5233.35,5243.8,5229.1,5231.2,938
2025-01-20 13:30:00+05:30,5231.2,5238.95,5228.65,5235.9,1472
2025-01-20 13:45:00+05:30,5237.85,5245.1,5218.65,5219.95,2555
2025-01-20 14:00:00+05:30,5219.95,5236.15,5215.1,5236.15,1629
2025-01-20 14:15:00+05:30,5236.15,5236.15,5222.5,5232.5,1384
2025-01-20 14:30:00+05:30,5232.5,5234.9,5224.9,5233.3,1192
2025-01-20 14:45:00+05:30,5233.3,5253.2,5232.65,5246.6,2060
2025-01-20 15:00:00+05:30,5246.6,5247.85,5232.8,5246.6,3320
2025-01-20 15:15:00+05:30,5247.0,5265.0,5215.05,5265.0,4718
2025-01-21 09:15:00+05:30,5264.0,5299.0,5235.35,5280.85,2591
2025-01-21 09:30:00+05:30,5280.85,5287.3,5266.2,5279.7,1944
2025-01-21 09:45:00+05:30,5278.9,5284.1,5257.05,5259.5,1096
2025-01-21 10:00:00+05:30,5259.5,5268.5,5240.6,5248.2,1825
2025-01-21 10:15:00+05:30,5248.2,5248.25,5233.55,5240.0,1446
2025-01-21 10:30:00+05:30,5240.0,5249.9,5224.05,5224.05,2007
2025-01-21 10:45:00+05:30,5228.05,5233.45,5215.7,5220.4,2563
2025-01-21 11:00:00+05:30,5220.4,5220.85,5194.7,5208.0,1392
2025-01-21 11:15:00+05:30,5208.0,5210.95,5200.05,5204.9,835
2025-01-21 11:30:00+05:30,5204.9,5222.05,5200.0,5218.45,1678
2025-01-21 11:45:00+05:30,5218.45,5243.9,5216.2,5239.05,1041
2025-01-21 12:00:00+05:30,5239.05,5246.9,5222.25,5227.1,1082
2025-01-21 12:15:00+05:30,5227.1,5227.1,5205.0,5210.05,923
2025-01-21 12:30:00+05:30,5210.05,5212.15,5178.75,5195.05,2304
2025-01-21 12:45:00+05:30,5194.1,5214.5,5192.0,5207.95,718
2025-01-21 13:00:00+05:30,5207.95,5225.0,5203.0,5212.75,1082
2025-01-21 13:15:00+05:30,5212.75,5213.0,5186.45,5213.0,791
2025-01-21 13:30:00+05:30,5213.0,5213.0,5200.8,5209.7,954
2025-01-21 13:45:00+05:30,5212.15,5212.15,5201.0,5208.7,954
2025-01-21 14:00:00+05:30,5208.7,5212.0,5197.2,5197.2,563
2025-01-21 14:15:00+05:30,5197.2,5203.85,5190.05,5200.1,931
2025-01-21 14:30:00+05:30,5200.1,5201.15,5173.2,5177.7,1080
2025-01-21 14:45:00+05:30,5177.7,5178.3,5165.0,5173.9,915
2025-01-21 15:00:00+05:30,5173.7,5174.15,5153.0,5158.45,2717
2025-01-21 15:15:00+05:30,5157.2,5198.7,5157.2,5182.55,9202
2025-01-22 09:15:00+05:30,5189.7,5236.15,5177.4,5181.15,7129
2025-01-22 09:30:00+05:30,5179.9,5189.9,5175.55,5179.8,4240
2025-01-22 09:45:00+05:30,5179.8,5180.35,5161.7,5177.25,4401
2025-01-22 10:00:00+05:30,5177.25,5177.25,5140.3,5149.1,5786
2025-01-22 10:15:00+05:30,5149.1,5155.15,5137.85,5154.7,3614
2025-01-22 10:30:00+05:30,5154.7,5182.55,5154.7,5174.2,3240
2025-01-22 10:45:00+05:30,5174.2,5181.6,5162.45,5169.35,2994
2025-01-22 11:00:00+05:30,5167.9,5179.45,5160.45,5171.1,2709
2025-01-22 11:15:00+05:30,5171.1,5171.1,5149.5,5151.85,1869
2025-01-22 11:30:00+05:30,5151.85,5156.85,5118.05,5128.2,5811
2025-01-22 11:45:00+05:30,5128.2,5128.2,5098.2,5100.0,3636
2025-01-22 12:00:00+05:30,5101.8,5107.55,5088.1,5104.15,2664
2025-01-22 12:15:00+05:30,5104.15,5113.4,5091.35,5108.55,3096
2025-01-22 12:30:00+05:30,5108.55,5111.3,5076.65,5089.05,4130
2025-01-22 12:45:00+05:30,5089.05,5089.05,5071.9,5074.45,2348
2025-01-22 13:00:00+05:30,5073.2,5102.25,5066.3,5102.2,2675
2025-01-22 13:15:00+05:30,5101.45,5107.15,5084.9,5085.9,2532
2025-01-22 13:30:00+05:30,5085.9,5118.85,5084.8,5115.3,3639
2025-01-22 13:45:00+05:30,5112.55,5130.0,5112.55,5126.2,3713
2025-01-22 14:00:00+05:30,5126.2,5138.1,5120.15,5135.9,2292
2025-01-22 14:15:00+05:30,5135.9,5147.65,5130.0,5145.9,2060
2025-01-22 14:30:00+05:30,5145.9,5154.2,5135.3,5147.75,4458
2025-01-22 14:45:00+05:30,5147.85,5155.0,5139.1,5150.85,3249
2025-01-22 15:00:00+05:30,5151.0,5164.4,5145.6,5149.05,11008
2025-01-22 15:15:00+05:30,5149.05,5162.95,5142.3,5142.75,12312
2025-01-23 09:15:00+05:30,5160.0,5192.4,5111.1,5159.0,3435
2025-01-23 09:30:00+05:30,5161.35,5196.5,5161.35,5192.5,1097
2025-01-23 09:45:00+05:30,5192.5,5218.05,5185.95,5211.65,995
2025-01-23 10:00:00+05:30,5211.65,5235.5,5211.65,5224.5,987
2025-01-23 10:15:00+05:30,5224.5,5235.15,5208.05,5223.15,2556
2025-01-23 10:30:00+05:30,5224.25,5250.0,5212.35,5215.85,1234
2025-01-23 10:45:00+05:30,5215.85,5234.65,5210.2,5227.15,742
2025-01-23 11:00:00+05:30,5227.15,5228.6,5212.55,5216.8,1069
2025-01-23 11:15:00+05:30,5216.8,5222.4,5189.25,5197.4,1941
2025-01-23 11:30:00+05:30,5195.75,5210.55,5193.7,5205.8,642
2025-01-23 11:45:00+05:30,5205.8,5215.0,5191.2,5202.25,708
2025-01-23 12:00:00+05:30,5202.25,5217.8,5188.0,5198.9,1680
2025-01-23 12:15:00+05:30,5198.9,5213.85,5185.0,5210.1,2372
2025-01-23 12:30:00+05:30,5210.1,5223.25,5198.45,5211.35,1093
2025-01-23 12:45:00+05:30,5211.35,5211.75,5191.85,5195.6,1072
2025-01-23 13:00:00+05:30,5195.6,5201.0,5187.05,5201.0,1218
2025-01-23 13:15:00+05:30,5201.0,5201.0,5181.35,5185.0,1000
2025-01-23 13:30:00+05:30,5185.0,5194.2,5177.35,5194.2,966
2025-01-23 13:45:00+05:30,5194.2,5198.2,5188.4,5194.7,785
2025-01-23 14:00:00+05:30,5194.7,5203.1,5188.55,5196.75,904
2025-01-23 14:15:00+05:30,5196.75,5208.95,5183.0,5185.85,1207
2025-01-23 14:30:00+05:30,5185.85,5193.85,5181.7,5185.75,969
2025-01-23 14:45:00+05:30,5185.75,5194.1,5178.0,5189.05,1062
2025-01-23 15:00:00+05:30,5191.0,5195.95,5180.25,5188.3,2275
2025-01-23 15:15:00+05:30,5188.7,5189.75,5166.05,5166.05,2620
2025-01-24 09:15:00+05:30,5185.05,5200.95,5104.5,5120.95,5117
2025-01-24 09:30:00+05:30,5120.95,5125.45,5090.85,5114.65,3708
2025-01-24 09:45:00+05:30,5114.65,5119.05,5060.6,5065.2,3771
2025-01-24 10:00:00+05:30,5065.95,5100.45,5055.8,5075.0,4206
2025-01-24 10:15:00+05:30,5075.0,5085.0,5050.0,5063.05,4680
2025-01-24 10:30:00+05:30,5063.05,5092.0,5060.35,5084.15,2473
2025-01-24 10:45:00+05:30,5084.15,5099.6,5077.05,5089.75,1761
2025-01-24 11:00:00+05:30,5089.7,5105.2,5086.5,5098.0,1573
2025-01-24 11:15:00+05:30,5098.0,5105.0,5090.15,5092.75,1388
2025-01-24 11:30:00+05:30,5095.05,5120.0,5090.0,5114.55,2683
2025-01-24 11:45:00+05:30,5114.55,5115.3,5100.2,5106.0,1243
2025-01-24 12:00:00+05:30,5106.0,5106.0,5093.05,5102.4,1071
2025-01-24 12:15:00+05:30,5102.4,5102.4,5087.2,5090.0,42555
2025-01-24 12:30:00+05:30,5090.0,5091.2,5078.05,5084.55,6168
2025-01-24 12:45:00+05:30,5084.55,5093.4,5082.0,5085.0,3520
2025-01-24 13:00:00+05:30,5083.0,5085.2,5059.95,5072.45,3694
2025-01-24 13:15:00+05:30,5072.45,5072.45,5060.85,5064.0,2169
2025-01-24 13:30:00+05:30,5066.05,5067.35,5054.05,5063.05,10589
2025-01-24 13:45:00+05:30,5063.05,5073.4,5053.0,5059.9,4381
2025-01-24 14:00:00+05:30,5058.6,5061.0,5045.0,5045.0,4230
2025-01-24 14:15:00+05:30,5045.0,5045.0,5025.0,5025.45,3621
2025-01-24 14:30:00+05:30,5025.45,5028.35,5001.35,5003.8,2502
2025-01-24 14:45:00+05:30,5003.8,5033.5,4999.0,5024.65,6468
2025-01-24 15:00:00+05:30,5027.0,5028.85,5018.6,5020.0,2827
2025-01-24 15:15:00+05:30,5020.0,5032.45,5020.0,5020.0,5234
2025-01-27 09:15:00+05:30,4992.2,5049.2,4982.0,5018.35,4340
2025-01-27 09:30:00+05:30,5018.3,5020.4,5004.2,5016.8,1777
2025-01-27 09:45:00+05:30,5016.8,5016.8,4967.5,4979.0,10523
2025-01-27 10:00:00+05:30,4978.65,4990.05,4958.1,4958.15,2085
2025-01-27 10:15:00+05:30,4958.15,4958.15,4917.0,4927.75,2574
2025-01-27 10:30:00+05:30,4927.75,4928.85,4900.0,4914.15,2381
2025-01-27 10:45:00+05:30,4914.15,4945.5,4914.15,4932.1,2813
2025-01-27 11:00:00+05:30,4936.8,4938.35,4917.4,4923.8,782
2025-01-27 11:15:00+05:30,4923.8,4937.95,4900.0,4905.75,1033
2025-01-27 11:30:00+05:30,4905.75,4939.65,4890.55,4935.8,3688
2025-01-27 11:45:00+05:30,4935.8,4948.5,4900.7,4904.95,1445
2025-01-27 12:00:00+05:30,4906.75,4925.7,4892.35,4918.2,12559
2025-01-27 12:15:00+05:30,4918.2,4944.35,4915.15,4925.15,3612
2025-01-27 12:30:00+05:30,4927.45,4946.8,4918.2,4943.75,1556
2025-01-27 12:45:00+05:30,4942.2,4958.0,4934.5,4950.1,8069
2025-01-27 13:00:00+05:30,4950.1,4978.85,4950.1,4972.25,1585
2025-01-27 13:15:00+05:30,4972.25,4988.85,4972.0,4977.15,2053
2025-01-27 13:30:00+05:30,4977.15,4983.7,4963.0,4968.0,1629
2025-01-27 13:45:00+05:30,4968.0,4968.0,4950.05,4955.3,1475
2025-01-27 14:00:00+05:30,4955.1,4967.5,4948.0,4967.5,2111
2025-01-27 14:15:00+05:30,4967.5,4969.0,4960.0,4966.7,600
2025-01-27 14:30:00+05:30,4966.75,4968.85,4948.0,4968.8,5424
2025-01-27 14:45:00+05:30,4968.8,4974.3,4960.1,4969.2,3205
2025-01-27 15:00:00+05:30,4967.85,4980.0,4960.0,4972.45,6026
2025-01-27 15:15:00+05:30,4972.5,4978.3,4949.0,4960.0,19109
2025-01-28 09:15:00+05:30,4938.6,4964.85,4902.4,4905.6,3870
2025-01-28 09:30:00+05:30,4909.45,4909.9,4870.6,4874.7,3214
2025-01-28 09:45:00+05:30,4875.45,4903.0,4870.85,4890.85,3756
2025-01-28 10:00:00+05:30,4890.85,4907.5,4877.5,4881.45,2621
2025-01-28 10:15:00+05:30,4881.45,4891.0,4872.0,4886.6,2314
2025-01-28 10:30:00+05:30,4884.6,4887.9,4872.05,4885.5,3149
2025-01-28 10:45:00+05:30,4885.5,4890.9,4869.25,4884.95,16972
2025-01-28 11:00:00+05:30,4884.65,4912.6,4883.5,4904.95,15940
2025-01-28 11:15:00+05:30,4902.6,4907.9,4895.15,4900.55,1516
2025-01-28 11:30:00+05:30,4900.55,4932.2,4894.05,4920.5,2744
2025-01-28 11:45:00+05:30,4916.15,4939.15,4907.6,4912.75,2278
2025-01-28 12:00:00+05:30,4911.45,4926.9,4906.2,4926.55,1624
2025-01-28 12:15:00+05:30,4922.35,4926.0,4914.1,4922.9,3070
2025-01-28 12:30:00+05:30,4919.45,4928.6,4918.25,4927.75,1607
2025-01-28 12:45:00+05:30,4925.0,4928.6,4915.95,4924.95,4802
2025-01-28 13:00:00+05:30,4924.95,4928.6,4922.5,4928.6,2155
2025-01-28 13:15:00+05:30,4928.6,4928.6,4895.7,4903.8,3916
2025-01-28 13:30:00+05:30,4903.8,4919.5,4895.85,4909.0,2954
2025-01-28 13:45:00+05:30,4910.75,4928.6,4907.6,4925.0,3724
2025-01-28 14:00:00+05:30,4925.0,4928.75,4920.0,4926.5,3257
2025-01-28 14:15:00+05:30,4928.6,4930.0,4921.1,4930.0,3077
2025-01-28 14:30:00+05:30,4932.7,4940.0,4928.95,4937.2,2761
2025-01-28 14:45:00+05:30,4939.65,4940.0,4925.0,4936.75,8497
2025-01-28 15:00:00+05:30,4936.75,4936.75,4911.7,4922.7,12317
2025-01-28 15:15:00+05:30,4922.7,4924.95,4900.0,4900.0,14092
2025-01-29 09:15:00+05:30,4915.0,4970.9,4906.75,4909.1,10846
2025-01-29 09:30:00+05:30,4909.1,4952.25,4909.1,4950.05,1517
2025-01-29 09:45:00+05:30,4950.05,4959.15,4934.05,4952.55,3731
2025-01-29 10:00:00+05:30,4952.55,4958.9,4927.55,4930.8,1959
2025-01-29 10:15:00+05:30,4931.3,4950.4,4930.05,4940.5,1057
2025-01-29 10:30:00+05:30,4940.5,4947.9,4940.5,4945.5,355
2025-01-29 10:45:00+05:30,4941.95,4950.35,4927.65,4948.3,1430
2025-01-29 11:00:00+05:30,4949.05,4954.3,4942.05,4947.05,1023
2025-01-29 11:15:00+05:30,4947.05,4947.05,4918.6,4933.8,2333
2025-01-29 11:30:00+05:30,4933.8,4945.5,4928.75,4942.8,1792
2025-01-29 11:45:00+05:30,4942.8,4945.4,4938.75,4944.05,2328
2025-01-29 12:00:00+05:30,4944.1,4960.0,4940.95,4945.6,1526
2025-01-29 12:15:00+05:30,4945.6,4953.0,4940.25,4943.8,446
2025-01-29 12:30:00+05:30,4943.8,4947.05,4940.3,4946.4,1710
2025-01-29 12:45:00+05:30,4946.35,4966.95,4946.15,4964.0,1614
2025-01-29 13:00:00+05:30,4964.0,4987.45,4954.0,4985.65,2304
2025-01-29 13:15:00+05:30,4985.65,5000.0,4973.5,4998.65,2411
2025-01-29 13:30:00+05:30,4998.65,5000.15,4985.75,4988.75,1684
2025-01-29 13:45:00+05:30,4988.75,4999.4,4985.2,4988.85,1224
2025-01-29 14:00:00+05:30,4988.2,5011.3,4985.85,5005.3,1544
2025-01-29 14:15:00+05:30,5005.3,5022.3,5001.35,5022.3,3523
2025-01-29 14:30:00+05:30,5022.3,5023.45,5010.6,5021.9,2043
2025-01-29 14:45:00+05:30,5021.9,5028.2,5015.15,5025.15,1989
2025-01-29 15:00:00+05:30,5025.95,5025.95,4993.8,5002.3,3952
2025-01-29 15:15:00+05:30,5002.3,5010.9,4992.35,5006.9,6746
2025-01-30 09:15:00+05:30,5004.3,5031.95,4999.05,5031.95,1231
2025-01-30 09:30:00+05:30,5031.95,5069.4,5031.95,5055.05,2322
2025-01-30 09:45:00+05:30,5055.05,5079.95,5047.9,5075.0,3062
2025-01-30 10:00:00+05:30,5074.6,5082.65,5071.3,5074.45,1589
2025-01-30 10:15:00+05:30,5074.45,5079.85,5037.05,5037.75,2900
2025-01-30 10:30:00+05:30,5037.75,5041.0,5026.6,5030.7,1491
2025-01-30 10:45:00+05:30,5030.7,5034.1,5012.05,5012.05,1785
2025-01-30 11:00:00+05:30,5012.35,5016.45,4997.9,5009.05,4424
2025-01-30 11:15:00+05:30,5009.05,5015.55,5002.6,5005.65,766
2025-01-30 11:30:00+05:30,5005.65,5013.7,5003.85,5007.4,1065
2025-01-30 11:45:00+05:30,5007.9,5019.35,5006.65,5013.9,2836
2025-01-30 12:00:00+05:30,5013.9,5025.0,5003.35,5003.5,2290
2025-01-30 12:15:00+05:30,5003.5,5020.65,5003.5,5015.0,1205
2025-01-30 12:30:00+05:30,5015.0,5021.05,5010.9,5014.6,1643
2025-01-30 12:45:00+05:30,5014.6,5017.1,5003.35,5009.45,1421
2025-01-30 13:00:00+05:30,5009.45,5023.85,5009.2,5019.95,1462
2025-01-30 13:15:00+05:30,5019.95,5024.95,5009.45,5012.3,1046
2025-01-30 13:30:00+05:30,5012.3,5020.9,5011.25,5019.15,896
2025-01-30 13:45:00+05:30,5019.15,5019.15,5000.0,5000.15,1756
2025-01-30 14:00:00+05:30,5001.0,5020.0,4992.8,5011.3,4912
2025-01-30 14:15:00+05:30,5011.3,5045.9,5010.45,5019.9,13244
2025-01-30 14:30:00+05:30,5019.9,5033.8,5019.45,5031.65,1692
2025-01-30 14:45:00+05:30,5031.65,5035.75,5020.7,5026.85,2390
2025-01-30 15:00:00+05:30,5035.6,5062.7,5023.9,5048.25,7559
2025-01-30 15:15:00+05:30,5048.25,5120.0,5035.1,5051.05,8631
2025-01-31 09:15:00+05:30,5040.45,5087.1,5034.05,5053.6,3128
2025-01-31 09:30:00+05:30,5053.6,5087.95,5053.6,5075.25,1082
2025-01-31 09:45:00+05:30,5075.25,5078.65,5054.0,5062.3,1175
2025-01-31 10:00:00+05:30,5056.0,5067.25,5035.5,5036.4,1288
2025-01-31 10:15:00+05:30,5036.4,5037.0,5016.0,5019.7,1011
2025-01-31 10:30:00+05:30,5019.7,5047.8,5018.5,5045.9,1242
2025-01-31 10:45:00+05:30,5045.9,5053.3,5028.3,5052.4,1022
2025-01-31 11:00:00+05:30,5052.4,5054.85,5034.15,5041.7,1232
2025-01-31 11:15:00+05:30,5041.7,5059.0,5037.2,5054.3,693
2025-01-31 11:30:00+05:30,5054.3,5058.45,5040.0,5046.95,1027
2025-01-31 11:45:00+05:30,5046.95,5058.5,5045.8,5049.2,1331
2025-01-31 12:00:00+05:30,5049.2,5063.3,5039.9,5063.3,3429
2025-01-31 12:15:00+05:30,5063.3,5063.3,5025.95,5026.8,3507
2025-01-31 12:30:00+05:30,5026.8,5037.8,5023.2,5033.85,1018
2025-01-31 12:45:00+05:30,5033.85,5043.0,5027.0,5041.2,1222
2025-01-31 13:00:00+05:30,5041.2,5041.2,5025.95,5036.55,705
2025-01-31 13:15:00+05:30,5036.55,5051.95,5031.85,5044.3,981
2025-01-31 13:30:00+05:30,5044.3,5050.5,5028.0,5037.2,1142
2025-01-31 13:45:00+05:30,5037.2,5037.9,5020.9,5021.5,3849
2025-01-31 14:00:00+05:30,5021.5,5028.0,5016.5,5019.65,14384
2025-01-31 14:15:00+05:30,5019.65,5035.35,5010.1,5033.0,5937
2025-01-31 14:30:00+05:30,5033.0,5060.35,5026.6,5058.0,4864
2025-01-31 14:45:00+05:30,5058.0,5067.2,5051.55,5064.2,3007
2025-01-31 15:00:00+05:30,5061.0,5068.1,5051.1,5060.0,7555
2025-01-31 15:15:00+05:30,5055.65,5085.0,5050.9,5060.0,9278
2025-02-01 09:15:00+05:30,5044.0,5143.25,5044.0,5080.0,2356
2025-02-01 09:30:00+05:30,5078.3,5113.45,5077.6,5107.25,995
2025-02-01 09:45:00+05:30,5107.35,5113.4,5104.0,5107.15,565
2025-02-01 10:00:00+05:30,5107.15,5110.25,5028.1,5040.0,2558
2025-02-01 10:15:00+05:30,5040.0,5047.25,5034.15,5044.95,315
2025-02-01 10:30:00+05:30,5037.35,5065.0,5033.9,5058.95,1085
2025-02-01 10:45:00+05:30,5058.95,5066.2,5053.15,5066.15,414
2025-02-01 11:00:00+05:30,5066.15,5069.95,5052.75,5059.95,228
2025-02-01 11:15:00+05:30,5059.95,5072.95,5055.1,5067.8,615
2025-02-01 11:30:00+05:30,5067.8,5072.95,5050.0,5053.55,515
2025-02-01 11:45:00+05:30,5053.55,5059.95,5035.0,5056.4,892
2025-02-01 12:00:00+05:30,5056.4,5063.0,5044.55,5055.0,598
2025-02-01 12:15:00+05:30,5055.0,5056.15,5020.0,5020.0,2190
2025-02-01 12:30:00+05:30,5011.5,5021.0,5001.95,5016.5,779
2025-02-01 12:45:00+05:30,5016.5,5044.05,5010.35,5042.2,881
2025-02-01 13:00:00+05:30,5042.2,5043.65,5019.95,5029.4,208
2025-02-01 13:15:00+05:30,5029.4,5035.5,5020.0,5029.4,209
2025-02-01 13:30:00+05:30,5029.4,5038.2,5029.35,5037.75,122
2025-02-01 13:45:00+05:30,5037.75,5044.95,5032.5,5039.5,256
2025-02-01 14:00:00+05:30,5039.5,5044.95,5026.8,5033.0,663
2025-02-01 14:15:00+05:30,5033.0,5057.95,5026.65,5035.0,5504
2025-02-01 14:30:00+05:30,5035.0,5052.1,5028.05,5031.8,5395
2025-02-01 14:45:00+05:30,5031.8,5040.75,5022.0,5034.65,5616
2025-02-01 15:00:00+05:30,5034.55,5039.9,5025.0,5029.95,4992
2025-02-01 15:15:00+05:30,5029.95,5047.95,5000.0,5035.0,7133
2025-02-03 09:15:00+05:30,5022.65,5089.4,4977.6,5084.65,28766
2025-02-03 09:30:00+05:30,5084.65,5106.0,5050.6,5090.9,8733
2025-02-03 09:45:00+05:30,5090.9,5100.95,5067.3,5090.0,2396
2025-02-03 10:00:00+05:30,5090.0,5100.0,5061.95,5088.8,3155
2025-02-03 10:15:00+05:30,5085.75,5107.35,5080.05,5081.2,5945
2025-02-03 10:30:00+05:30,5081.2,5098.3,5062.35,5080.65,1457
2025-02-03 10:45:00+05:30,5080.65,5100.75,5076.95,5096.0,1325
2025-02-03 11:00:00+05:30,5096.0,5099.8,5072.75,5080.55,2699
2025-02-03 11:15:00+05:30,5080.55,5090.0,5070.6,5073.25,5289
2025-02-03 11:30:00+05:30,5073.25,5088.95,5071.35,5087.15,523
2025-02-03 11:45:00+05:30,5087.15,5087.7,5070.7,5070.7,423
2025-02-03 12:00:00+05:30,5070.7,5087.85,5066.05,5087.0,2220
2025-02-03 12:15:00+05:30,5087.0,5089.7,5072.35,5086.8,1131
2025-02-03 12:30:00+05:30,5086.8,5089.7,5068.75,5068.9,785
2025-02-03 12:45:00+05:30,5068.9,5075.0,5062.35,5068.15,666
2025-02-03 13:00:00+05:30,5068.15,5090.0,5067.5,5089.6,1127
2025-02-03 13:15:00+05:30,5089.6,5090.05,5072.35,5073.25,1289
2025-02-03 13:30:00+05:30,5073.25,5076.25,5070.2,5074.0,1374
2025-02-03 13:45:00+05:30,5074.0,5078.7,5060.05,5061.05,3897
2025-02-03 14:00:00+05:30,5061.05,5061.7,5039.05,5043.9,2024
2025-02-03 14:15:00+05:30,5043.9,5046.85,5030.0,5030.0,771
2025-02-03 14:30:00+05:30,5030.0,5032.95,5020.15,5027.2,844
2025-02-03 14:45:00+05:30,5027.2,5028.9,5016.3,5028.9,4461
2025-02-03 15:00:00+05:30,5030.25,5050.05,5029.4,5041.85,4171
2025-02-03 15:15:00+05:30,5044.55,5058.05,5039.6,5050.0,11749
2025-02-04 09:15:00+05:30,5048.5,5090.0,5048.05,5073.45,24547
2025-02-04 09:30:00+05:30,5073.45,5073.9,5020.0,5054.0,3667
2025-02-04 09:45:00+05:30,5054.0,5068.0,5045.1,5061.55,3786
2025-02-04 10:00:00+05:30,5062.05,5066.1,5049.7,5055.45,2025
2025-02-04 10:15:00+05:30,5055.2,5069.6,5054.9,5066.5,2674
2025-02-04 10:30:00+05:30,5066.5,5068.0,5057.15,5060.0,2612
2025-02-04 10:45:00+05:30,5060.0,5067.7,5059.0,5062.15,3696
2025-02-04 11:00:00+05:30,5062.15,5067.15,5060.0,5062.25,4072
2025-02-04 11:15:00+05:30,5061.8,5065.0,5058.2,5065.0,2706
2025-02-04 11:30:00+05:30,5065.0,5065.5,5060.0,5061.45,2563
2025-02-04 11:45:00+05:30,5061.45,5115.0,5060.1,5108.9,23724
2025-02-04 12:00:00+05:30,5108.9,5135.95,5088.9,5110.0,5304
2025-02-04 12:15:00+05:30,5110.0,5120.0,5099.35,5104.55,4850
2025-02-04 12:30:00+05:30,5104.55,5110.0,5098.0,5105.0,4808
2025-02-04 12:45:00+05:30,5105.0,5122.45,5105.0,5118.6,15841
2025-02-04 13:00:00+05:30,5118.6,5122.15,5111.55,5115.5,1562
2025-02-04 13:15:00+05:30,5115.5,5121.0,5112.55,5116.1,6634
2025-02-04 13:30:00+05:30,5116.1,5116.65,5104.75,5105.05,3408
2025-02-04 13:45:00+05:30,5105.05,5111.95,5104.25,5106.4,3739
2025-02-04 14:00:00+05:30,5106.4,5116.45,5105.0,5105.65,3809
2025-02-04 14:15:00+05:30,5105.65,5107.4,5095.0,5097.3,8270
2025-02-04 14:30:00+05:30,5097.3,5107.9,5096.15,5099.6,6290
2025-02-04 14:45:00+05:30,5099.6,5112.45,5099.0,5110.25,10194
2025-02-04 15:00:00+05:30,5109.1,5116.45,5105.0,5105.95,14778
2025-02-04 15:15:00+05:30,5105.8,5110.7,5097.7,5105.0,21252
2025-02-05 09:15:00+05:30,5140.0,5166.3,5072.35,5159.0,12251
2025-02-05 09:30:00+05:30,5161.3,5193.85,5146.35,5157.6,7148
2025-02-05 09:45:00+05:30,5157.6,5169.5,5134.05,5135.15,3910
2025-02-05 10:00:00+05:30,5136.95,5155.45,5131.65,5143.55,2984
2025-02-05 10:15:00+05:30,5143.55,5160.0,5135.95,5150.8,3549
2025-02-05 10:30:00+05:30,5150.8,5155.2,5131.5,5134.05,2466
2025-02-05 10:45:00+05:30,5134.05,5162.65,5130.05,5146.55,3583
2025-02-05 11:00:00+05:30,5146.55,5163.55,5146.55,5156.7,3009
2025-02-05 11:15:00+05:30,5156.7,5161.7,5129.35,5129.35,5011
2025-02-05 11:30:00+05:30,5129.35,5143.3,5122.55,5126.6,2946
2025-02-05 11:45:00+05:30,5126.35,5136.7,5124.15,5126.65,1160
2025-02-05 12:00:00+05:30,5126.65,5140.55,5124.2,5136.95,1003
2025-02-05 12:15:00+05:30,5136.95,5144.95,5122.55,5133.5,1429
2025-02-05 12:30:00+05:30,5133.5,5135.0,5105.0,5118.25,1382
2025-02-05 12:45:00+05:30,5118.25,5127.3,5107.6,5121.6,2028
2025-02-05 13:00:00+05:30,5121.6,5124.7,5112.15,5120.55,685
2025-02-05 13:15:00+05:30,5120.55,5130.45,5114.45,5119.6,1409
2025-02-05 13:30:00+05:30,5119.6,5130.1,5119.6,5121.15,610
2025-02-05 13:45:00+05:30,5121.15,5140.0,5121.1,5134.5,411
2025-02-05 14:00:00+05:30,5134.5,5136.9,5121.8,5121.9,1159
2025-02-05 14:15:00+05:30,5121.2,5130.05,5113.05,5115.0,585
2025-02-05 14:30:00+05:30,5115.0,5126.8,5115.0,5118.8,655
2025-02-05 14:45:00+05:30,5118.8,5132.95,5115.5,5124.9,1413
2025-02-05 15:00:00+05:30,5127.5,5127.8,5102.0,5127.6,7786
2025-02-05 15:15:00+05:30,5127.6,5132.3,5100.8,5100.8,9714
2025-02-06 09:15:00+05:30,5095.0,5214.8,5095.0,5213.7,10614
2025-02-06 09:30:00+05:30,5213.7,5243.0,5210.0,5234.6,21682
2025-02-06 09:45:00+05:30,5229.95,5265.95,5226.0,5246.1,18254
2025-02-06 10:00:00+05:30,5246.1,5255.0,5233.0,5240.0,5960
2025-02-06 10:15:00+05:30,5240.0,5248.95,5220.0,5236.55,6596
2025-02-06 10:30:00+05:30,5236.55,5252.5,5234.2,5245.0,5128
2025-02-06 10:45:00+05:30,5245.0,5253.5,5221.9,5226.85,4937
2025-02-06 11:00:00+05:30,5226.85,5240.0,5221.0,5239.4,2600
2025-02-06 11:15:00+05:30,5238.65,5239.05,5201.25,5214.95,6215
2025-02-06 11:30:00+05:30,5214.95,5234.25,5211.05,5214.8,3711
2025-02-06 11:45:00+05:30,5214.8,5239.0,5214.8,5235.0,2384
2025-02-06 12:00:00+05:30,5235.0,5247.5,5227.65,5239.7,2762
2025-02-06 12:15:00+05:30,5239.7,5255.0,5231.85,5241.9,3448
2025-02-06 12:30:00+05:30,5243.7,5251.9,5228.0,5243.0,3115
2025-02-06 12:45:00+05:30,5243.0,5249.75,5220.0,5225.0,3616
2025-02-06 13:00:00+05:30,5225.0,5225.95,5200.1,5224.75,3871
2025-02-06 13:15:00+05:30,5224.75,5228.5,5214.45,5225.25,1670
2025-02-06 13:30:00+05:30,5225.25,5231.95,5213.0,5220.95,2280
2025-02-06 13:45:00+05:30,5220.95,5229.6,5211.35,5226.85,1430
2025-02-06 14:00:00+05:30,5226.85,5232.6,5213.15,5225.65,9816
2025-02-06 14:15:00+05:30,5225.65,5230.15,5221.75,5227.8,1441
2025-02-06 14:30:00+05:30,5229.75,5229.75,5205.5,5222.0,2636
2025-02-06 14:45:00+05:30,5222.0,5243.95,5220.25,5240.0,3382
2025-02-06 15:00:00+05:30,5239.45,5263.0,5239.45,5255.95,8005
2025-02-06 15:15:00+05:30,5252.4,5271.95,5244.6,5265.0,11431
2025-02-07 09:15:00+05:30,5299.4,5299.4,5216.3,5250.1,9996
2025-02-07 09:30:00+05:30,5250.1,5296.95,5249.0,5264.8,7809
2025-02-07 09:45:00+05:30,5264.8,5272.9,5230.95,5238.05,4205
2025-02-07 10:00:00+05:30,5238.05,5259.0,5222.15,5259.0,4249
2025-02-07 10:15:00+05:30,5259.0,5278.45,5228.55,5240.55,4399
2025-02-07 10:30:00+05:30,5240.55,5263.85,5232.95,5253.85,1335
2025-02-07 10:45:00+05:30,5253.85,5261.9,5234.5,5261.9,1132
2025-02-07 11:00:00+05:30,5261.9,5277.0,5255.0,5258.9,1775
2025-02-07 11:15:00+05:30,5258.9,5276.95,5254.05,5271.8,1996
2025-02-07 11:30:00+05:30,5271.8,5284.85,5261.6,5281.9,2120
2025-02-07 11:45:00+05:30,5283.5,5290.0,5279.0,5281.95,1551
2025-02-07 12:00:00+05:30,5281.95,5290.45,5270.8,5279.3,3093
2025-02-07 12:15:00+05:30,5277.7,5318.0,5266.0,5279.75,8201
2025-02-07 12:30:00+05:30,5279.75,5293.9,5273.45,5283.4,937
2025-02-07 12:45:00+05:30,5285.85,5288.5,5272.5,5282.6,650
2025-02-07 13:00:00+05:30,5282.6,5298.75,5274.75,5282.65,1094
2025-02-07 13:15:00+05:30,5282.65,5290.3,5265.1,5275.35,1805
2025-02-07 13:30:00+05:30,5275.35,5307.6,5265.25,5295.4,4609
2025-02-07 13:45:00+05:30,5295.4,5307.45,5036.0,5136.55,139735
2025-02-07 14:00:00+05:30,5140.0,5154.95,5088.5,5112.15,29521
2025-02-07 14:15:00+05:30,5110.0,5159.0,5087.6,5108.0,16992
2025-02-07 14:30:00+05:30,5108.0,5174.4,5101.1,5160.4,10362
2025-02-07 14:45:00+05:30,5160.4,5165.55,5144.55,5157.7,7058
2025-02-07 15:00:00+05:30,5157.7,5164.0,5145.65,5150.0,10710
2025-02-07 15:15:00+05:30,5150.0,5162.3,5143.05,5152.3,12838
2025-02-10 09:15:00+05:30,5095.05,5095.05,4849.55,4866.7,88649
2025-02-10 09:30:00+05:30,4869.7,4899.75,4825.85,4828.0,62807
2025-02-10 09:45:00+05:30,4827.25,4838.95,4792.0,4808.25,51020
2025-02-10 10:00:00+05:30,4808.25,4834.8,4800.95,4829.45,42937
2025-02-10 10:15:00+05:30,4828.5,4855.0,4819.95,4845.4,44241
2025-02-10 10:30:00+05:30,4845.4,4850.0,4835.0,4848.0,14072
2025-02-10 10:45:00+05:30,4843.05,4857.05,4806.15,4850.5,25627
2025-02-10 11:00:00+05:30,4850.5,4851.35,4823.3,4832.4,22134
2025-02-10 11:15:00+05:30,4831.65,4842.0,4830.0,4842.0,11376
2025-02-10 11:30:00+05:30,4842.0,4850.0,4811.0,4823.15,22705
2025-02-10 11:45:00+05:30,4823.0,4833.6,4808.0,4826.05,29435
2025-02-10 12:00:00+05:30,4825.65,4844.2,4821.05,4835.0,9975
2025-02-10 12:15:00+05:30,4832.65,4838.6,4830.0,4834.65,7803
2025-02-10 12:30:00+05:30,4833.9,4835.0,4820.0,4830.0,9364
2025-02-10 12:45:00+05:30,4830.0,4843.4,4829.05,4830.95,8647
2025-02-10 13:00:00+05:30,4830.6,4835.0,4820.0,4825.0,14678
2025-02-10 13:15:00+05:30,4825.0,4826.0,4800.0,4802.55,24186
2025-02-10 13:30:00+05:30,4802.05,4807.4,4785.0,4804.8,17938
2025-02-10 13:45:00+05:30,4804.0,4809.75,4797.0,4801.0,10918
2025-02-10 14:00:00+05:30,4801.0,4829.0,4798.6,4823.2,23429
2025-02-10 14:15:00+05:30,4823.2,4827.0,4803.0,4805.5,12024
2025-02-10 14:30:00+05:30,4805.3,4819.3,4801.75,4810.0,15012
2025-02-10 14:45:00+05:30,4810.0,4819.9,4795.1,4800.35,23218
2025-02-10 15:00:00+05:30,4800.45,4807.25,4799.75,4800.0,33514
2025-02-10 15:15:00+05:30,4800.5,4806.55,4800.0,4800.0,50485
2025-02-11 09:15:00+05:30,4800.95,4816.05,4701.05,4705.9,25706
2025-02-11 09:30:00+05:30,4709.5,4729.55,4691.0,4706.8,14273
2025-02-11 09:45:00+05:30,4706.4,4715.0,4685.95,4705.8,14998
2025-02-11 10:00:00+05:30,4705.85,4726.9,4695.6,4712.3,15417
2025-02-11 10:15:00+05:30,4711.75,4715.0,4695.0,4713.35,15357
2025-02-11 10:30:00+05:30,4713.35,4725.0,4712.15,4719.15,10191
2025-02-11 10:45:00+05:30,4719.15,4723.3,4700.0,4707.35,8111
2025-02-11 11:00:00+05:30,4707.35,4708.3,4665.85,4666.05,10419
2025-02-11 11:15:00+05:30,4665.7,4681.5,4655.15,4664.05,10234
2025-02-11 11:30:00+05:30,4664.05,4670.0,4655.2,4662.25,4879
2025-02-11 11:45:00+05:30,4659.65,4667.65,4651.0,4651.7,3420
2025-02-11 12:00:00+05:30,4651.7,4669.0,4651.7,4662.0,2833
2025-02-11 12:15:00+05:30,4660.05,4661.25,4633.1,4647.5,10422
2025-02-11 12:30:00+05:30,4647.5,4647.5,4633.05,4639.15,5387
2025-02-11 12:45:00+05:30,4639.15,4644.1,4620.0,4620.05,7903
2025-02-11 13:00:00+05:30,4620.05,4622.4,4603.0,4605.9,7535
2025-02-11 13:15:00+05:30,4606.8,4622.15,4603.25,4616.05,9132
2025-02-11 13:30:00+05:30,4616.05,4650.5,4613.9,4647.8,6899
2025-02-11 13:45:00+05:30,4647.8,4690.0,4647.15,4684.85,19416
2025-02-11 14:00:00+05:30,4684.85,4700.0,4664.3,4686.85,33689
2025-02-11 14:15:00+05:30,4686.85,4696.35,4679.0,4689.0,9355
2025-02-11 14:30:00+05:30,4689.0,4705.0,4688.85,4702.5,17296
2025-02-11 14:45:00+05:30,4702.5,4705.0,4691.15,4696.45,20493
2025-02-11 15:00:00+05:30,4696.45,4704.25,4694.4,4701.35,53455
2025-02-11 15:15:00+05:30,4700.1,4768.5,4700.0,4712.0,17478
2025-02-12 09:15:00+05:30,4703.5,4714.15,4622.35,4626.2,20857
2025-02-12 09:30:00+05:30,4626.2,4630.0,4585.0,4585.0,12035
2025-02-12 09:45:00+05:30,4585.0,4610.95,4568.05,4580.7,14739
2025-02-12 10:00:00+05:30,4580.7,4594.45,4570.0,4580.05,8971
2025-02-12 10:15:00+05:30,4580.05,4608.85,4562.65,4605.0,9503
2025-02-12 10:30:00+05:30,4606.5,4639.0,4596.95,4626.55,8691
2025-02-12 10:45:00+05:30,4626.55,4660.0,4625.15,4650.05,9490
2025-02-12 11:00:00+05:30,4650.0,4679.65,4648.5,4670.0,9117
2025-02-12 11:15:00+05:30,4670.0,4677.0,4660.35,4668.15,4829
2025-02-12 11:30:00+05:30,4668.15,4677.0,4649.95,4669.5,5485
2025-02-12 11:45:00+05:30,4669.5,4688.7,4651.35,4668.45,8925
2025-02-12 12:00:00+05:30,4668.45,4680.25,4663.15,4676.75,6956
2025-02-12 12:15:00+05:30,4676.75,4682.0,4651.05,4659.85,6221
2025-02-12 12:30:00+05:30,4659.85,4676.55,4654.65,4660.05,4772
2025-02-12 12:45:00+05:30,4660.05,4678.55,4656.55,4664.3,4869
2025-02-12 13:00:00+05:30,4663.85,4679.0,4656.0,4677.5,3488
2025-02-12 13:15:00+05:30,4677.5,4684.45,4662.0,4684.45,3523
2025-02-12 13:30:00+05:30,4684.45,4691.0,4674.2,4684.85,8113
2025-02-12 13:45:00+05:30,4684.85,4689.0,4665.0,4676.1,9558
2025-02-12 14:00:00+05:30,4676.1,4680.95,4675.0,4678.0,6231
2025-02-12 14:15:00+05:30,4678.0,4689.0,4676.15,4686.95,4126
2025-02-12 14:30:00+05:30,4686.95,4703.45,4679.75,4693.2,9131
2025-02-12 14:45:00+05:30,4693.2,4707.0,4693.2,4698.0,4672
2025-02-12 15:00:00+05:30,4698.8,4713.45,4698.0,4704.6,8907
2025-02-12 15:15:00+05:30,4704.45,4810.65,4696.0,4696.2,14692
2025-02-13 09:15:00+05:30,4723.2,4764.05,4721.25,4731.7,7447
2025-02-13 09:30:00+05:30,4731.7,4760.0,4703.1,4734.1,11260
2025-02-13 09:45:00+05:30,4734.1,4753.5,4734.0,4749.6,3799
2025-02-13 10:00:00+05:30,4749.6,4753.3,4735.65,4738.1,2187
2025-02-13 10:15:00+05:30,4738.6,4744.8,4718.35,4718.35,2714
2025-02-13 10:30:00+05:30,4718.35,4723.9,4708.7,4716.5,1698
2025-02-13 10:45:00+05:30,4716.5,4717.45,4707.8,4712.25,2036
2025-02-13 11:00:00+05:30,4712.25,4712.25,4696.5,4704.4,1824
2025-02-13 11:15:00+05:30,4704.4,4715.0,4700.15,4704.35,3425
2025-02-13 11:30:00+05:30,4704.35,4712.0,4696.75,4709.15,1242
2025-02-13 11:45:00+05:30,4709.15,4713.0,4703.65,4708.05,863
2025-02-13 12:00:00+05:30,4708.05,4711.0,4696.0,4696.8,1221
2025-02-13 12:15:00+05:30,4696.8,4713.25,4696.0,4710.95,1199
2025-02-13 12:30:00+05:30,4710.95,4751.6,4710.0,4731.0,2904
2025-02-13 12:45:00+05:30,4733.2,4734.05,4720.3,4730.8,1190
2025-02-13 13:00:00+05:30,4728.8,4740.0,4728.45,4738.0,1354
2025-02-13 13:15:00+05:30,4738.0,4742.1,4720.75,4732.6,2833
2025-02-13 13:30:00+05:30,4732.6,4732.6,4690.5,4716.6,9155
2025-02-13 13:45:00+05:30,4716.6,4719.6,4703.35,4712.1,1134
2025-02-13 14:00:00+05:30,4712.1,4722.7,4708.0,4717.45,1246
2025-02-13 14:15:00+05:30,4714.6,4720.0,4710.4,4717.3,865
2025-02-13 14:30:00+05:30,4717.3,4717.3,4700.0,4705.05,1668
2025-02-13 14:45:00+05:30,4705.05,4720.95,4704.25,4719.0,2148
2025-02-13 15:00:00+05:30,4719.0,4728.95,4713.05,4721.0,5402
2025-02-13 15:15:00+05:30,4721.0,4726.05,4711.55,4725.35,17814
2025-02-14 09:15:00+05:30,4710.0,4713.4,4617.0,4624.95,13815
2025-02-14 09:30:00+05:30,4624.95,4657.35,4622.7,4642.6,11383
2025-02-14 09:45:00+05:30,4642.6,4646.7,4630.0,4639.3,3409
2025-02-14 10:00:00+05:30,4638.85,4645.85,4615.0,4645.85,14419
2025-02-14 10:15:00+05:30,4645.85,4659.2,4626.0,4655.35,4930
2025-02-14 10:30:00+05:30,4655.35,4655.35,4601.0,4603.2,29997
2025-02-14 10:45:00+05:30,4602.9,4615.4,4585.25,4606.45,41013
2025-02-14 11:00:00+05:30,4606.45,4621.5,4586.0,4615.3,6180
2025-02-14 11:15:00+05:30,4615.3,4621.9,4605.55,4607.45,1007
2025-02-14 11:30:00+05:30,4607.45,4619.1,4596.5,4614.3,1360
2025-02-14 11:45:00+05:30,4614.3,4620.4,4603.2,4615.45,1239
2025-02-14 12:00:00+05:30,4615.45,4615.45,4596.0,4605.9,3279
2025-02-14 12:15:00+05:30,4609.75,4616.8,4596.85,4612.1,1471
2025-02-14 12:30:00+05:30,4612.1,4622.7,4606.35,4612.45,2158
2025-02-14 12:45:00+05:30,4612.45,4619.9,4600.0,4601.85,1241
2025-02-14 13:00:00+05:30,4601.85,4613.2,4596.1,4609.2,1917
2025-02-14 13:15:00+05:30,4609.2,4640.95,4609.05,4633.25,3615
2025-02-14 13:30:00+05:30,4634.4,4638.75,4633.0,4636.75,3742
2025-02-14 13:45:00+05:30,4636.75,4645.6,4636.5,4640.05,6039
2025-02-14 14:00:00+05:30,4640.05,4642.1,4615.7,4629.85,7902
2025-02-14 14:15:00+05:30,4629.85,4648.5,4626.95,4636.6,2298
2025-02-14 14:30:00+05:30,4636.6,4676.85,4633.4,4671.4,4024
2025-02-14 14:45:00+05:30,4671.4,4672.1,4649.7,4656.1,6232
2025-02-14 15:00:00+05:30,4656.5,4661.1,4642.45,4650.05,7176
2025-02-14 15:15:00+05:30,4650.05,4658.7,4646.7,4653.05,11316
2025-02-17 09:15:00+05:30,4655.0,4720.4,4570.0,4701.0,16240
2025-02-17 09:30:00+05:30,4701.0,4715.95,4681.75,4708.15,9451
2025-02-17 09:45:00+05:30,4704.85,4716.4,4676.45,4697.05,6511
2025-02-17 10:00:00+05:30,4697.05,4708.8,4686.05,4689.55,4845
2025-02-17 10:15:00+05:30,4689.05,4713.0,4681.35,4711.0,37957
2025-02-17 10:30:00+05:30,4712.0,4736.7,4705.05,4733.25,4818
2025-02-17 10:45:00+05:30,4733.15,4741.9,4717.2,4719.8,2688
2025-02-17 11:00:00+05:30,4719.8,4734.35,4715.75,4723.15,1848
2025-02-17 11:15:00+05:30,4723.15,4756.25,4719.35,4747.15,7728
2025-02-17 11:30:00+05:30,4747.15,4761.0,4740.0,4756.0,12015
2025-02-17 11:45:00+05:30,4756.0,4767.45,4748.0,4763.7,6335
2025-02-17 12:00:00+05:30,4763.7,4775.0,4754.0,4754.0,9659
2025-02-17 12:15:00+05:30,4754.0,4770.15,4745.4,4765.3,11493
2025-02-17 12:30:00+05:30,4765.3,4778.55,4762.5,4768.55,4277
2025-02-17 12:45:00+05:30,4768.55,4773.65,4740.0,4740.65,4560
2025-02-17 13:00:00+05:30,4740.65,4744.65,4736.0,4741.2,3399
2025-02-17 13:15:00+05:30,4741.2,4760.0,4735.0,4750.0,4448
2025-02-17 13:30:00+05:30,4750.0,4774.15,4750.0,4771.65,8342
2025-02-17 13:45:00+05:30,4771.65,4771.65,4750.0,4753.9,3017
2025-02-17 14:00:00+05:30,4753.9,4765.0,4750.0,4754.1,2464
2025-02-17 14:15:00+05:30,4754.1,4769.95,4753.0,4764.75,6048
2025-02-17 14:30:00+05:30,4764.75,4775.0,4754.0,4771.2,6881
2025-02-17 14:45:00+05:30,4771.2,4797.3,4771.2,4791.75,10592
2025-02-17 15:00:00+05:30,4790.8,4804.95,4790.0,4800.9,12381
2025-02-17 15:15:00+05:30,4800.9,4800.9,4766.5,4770.0,6965
2025-02-18 09:15:00+05:30,4735.0,4787.25,4735.0,4775.25,9032
2025-02-18 09:30:00+05:30,4772.95,4797.95,4765.55,4789.7,3160
2025-02-18 09:45:00+05:30,4789.7,4806.0,4785.0,4785.0,2200
2025-02-18 10:00:00+05:30,4785.0,4793.2,4751.15,4754.8,1951
2025-02-18 10:15:00+05:30,4754.8,4763.95,4740.0,4741.25,2579
2025-02-18 10:30:00+05:30,4741.25,4749.0,4735.0,4741.8,1059
2025-02-18 10:45:00+05:30,4745.0,4774.75,4745.0,4769.9,1152
2025-02-18 11:00:00+05:30,4769.9,4781.05,4767.85,4777.1,1818
2025-02-18 11:15:00+05:30,4777.1,4784.05,4769.1,4773.0,1592
2025-02-18 11:30:00+05:30,4773.0,4783.95,4755.2,4773.45,2594
2025-02-18 11:45:00+05:30,4773.45,4778.1,4755.0,4755.0,1929
2025-02-18 12:00:00+05:30,4755.0,4762.15,4749.4,4751.0,2406
2025-02-18 12:15:00+05:30,4751.3,4766.45,4749.4,4761.35,1027
2025-02-18 12:30:00+05:30,4760.5,4766.6,4741.05,4741.05,840
2025-02-18 12:45:00+05:30,4741.5,4766.0,4741.5,4753.6,2055
2025-02-18 13:00:00+05:30,4753.6,4766.7,4743.85,4749.5,2595
2025-02-18 13:15:00+05:30,4749.5,4762.1,4745.15,4747.1,1136
2025-02-18 13:30:00+05:30,4747.1,4767.0,4745.35,4762.8,1326
2025-02-18 13:45:00+05:30,4762.8,4764.35,4750.05,4752.65,923
2025-02-18 14:00:00+05:30,4750.75,4754.85,4730.6,4743.5,3289
2025-02-18 14:15:00+05:30,4743.5,4744.3,4731.05,4735.05,1133
2025-02-18 14:30:00+05:30,4735.05,4745.0,4730.0,4740.1,2343
2025-02-18 14:45:00+05:30,4740.1,4750.0,4726.2,4731.0,22501
2025-02-18 15:00:00+05:30,4733.45,4739.5,4720.3,4721.15,3797
2025-02-18 15:15:00+05:30,4722.15,4735.9,4705.85,4711.7,8306
2025-02-19 09:15:00+05:30,4698.0,4708.25,4624.65,4677.4,13465
2025-02-19 09:30:00+05:30,4677.4,4692.0,4666.25,4686.55,4104
2025-02-19 09:45:00+05:30,4685.4,4753.45,4683.25,4750.0,4504
2025-02-19 10:00:00+05:30,4750.0,4755.15,4735.8,4745.35,2853
2025-02-19 10:15:00+05:30,4745.35,4749.35,4731.65,4740.95,34013
2025-02-19 10:30:00+05:30,4740.95,4745.0,4716.3,4722.55,1739
2025-02-19 10:45:00+05:30,4722.55,4723.2,4699.0,4706.25,2650
2025-02-19 11:00:00+05:30,4705.1,4731.0,4702.8,4727.15,2726
2025-02-19 11:15:00+05:30,4727.15,4735.0,4717.05,4723.0,1830
2025-02-19 11:30:00+05:30,4723.0,4734.15,4723.0,4725.05,1724
2025-02-19 11:45:00+05:30,4725.0,4743.7,4714.0,4743.45,2740
2025-02-19 12:00:00+05:30,4743.45,4750.0,4728.1,4732.6,2323
2025-02-19 12:15:00+05:30,4732.6,4734.7,4725.0,4725.0,1218
2025-02-19 12:30:00+05:30,4725.0,4756.25,4725.0,4731.5,6184
2025-02-19 12:45:00+05:30,4731.5,4735.6,4725.0,4733.8,2246
2025-02-19 13:00:00+05:30,4733.8,4740.0,4725.05,4728.15,1256
2025-02-19 13:15:00+05:30,4728.15,4729.4,4720.35,4725.0,2124
2025-02-19 13:30:00+05:30,4725.0,4732.0,4725.0,4725.85,1564
2025-02-19 13:45:00+05:30,4725.85,4748.7,4725.0,4742.45,3752
2025-02-19 14:00:00+05:30,4742.2,4745.95,4737.3,4739.5,2295
2025-02-19 14:15:00+05:30,4739.5,4744.95,4725.0,4727.8,5267
2025-02-19 14:30:00+05:30,4727.8,4737.0,4725.95,4733.1,1512
2025-02-19 14:45:00+05:30,4733.1,4747.0,4733.1,4737.5,5653
2025-02-19 15:00:00+05:30,4737.5,4748.7,4735.05,4745.65,5842
2025-02-19 15:15:00+05:30,4746.45,4748.7,4733.05,4733.55,6762
2025-02-20 09:15:00+05:30,4712.0,4756.4,4690.5,4713.65,6627
2025-02-20 09:30:00+05:30,4715.75,4749.6,4711.7,4744.85,2787
2025-02-20 09:45:00+05:30,4744.85,4757.3,4730.7,4746.9,1181
2025-02-20 10:00:00+05:30,4746.9,4752.15,4734.5,4742.0,1099
2025-02-20 10:15:00+05:30,4742.0,4750.45,4736.55,4741.1,1262
2025-02-20 10:30:00+05:30,4741.1,4753.4,4737.45,4742.7,1064
2025-02-20 10:45:00+05:30,4742.85,4768.6,4717.35,4742.5,47065
2025-02-20 11:00:00+05:30,4742.5,4746.1,4736.55,4740.0,5586
2025-02-20 11:15:00+05:30,4740.0,4740.3,4708.0,4708.0,9092
2025-02-20 11:30:00+05:30,4708.0,4728.25,4707.65,4726.0,3898
2025-02-20 11:45:00+05:30,4726.0,4735.0,4714.5,4732.65,3286
2025-02-20 12:00:00+05:30,4732.65,4735.0,4720.8,4733.0,1200
2025-02-20 12:15:00+05:30,4733.0,4735.0,4715.4,4718.5,1236
2025-02-20 12:30:00+05:30,4718.5,4729.0,4714.1,4727.45,2053
2025-02-20 12:45:00+05:30,4727.45,4729.0,4720.5,4723.95,781
2025-02-20 13:00:00+05:30,4723.95,4725.0,4714.55,4721.25,2004
2025-02-20 13:15:00+05:30,4721.25,4725.0,4715.15,4718.0,1433
2025-02-20 13:30:00+05:30,4718.0,4725.0,4715.9,4725.0,1919
2025-02-20 13:45:00+05:30,4725.0,4725.0,4717.1,4724.8,5366
2025-02-20 14:00:00+05:30,4724.8,4725.0,4717.35,4723.9,1716
2025-02-20 14:15:00+05:30,4723.9,4725.0,4710.3,4717.95,2845
2025-02-20 14:30:00+05:30,4717.95,4724.8,4710.0,4722.9,2877
2025-02-20 14:45:00+05:30,4722.9,4725.0,4721.0,4723.85,9733
2025-02-20 15:00:00+05:30,4723.85,4725.0,4713.95,4724.15,26196
2025-02-20 15:15:00+05:30,4724.15,4725.0,4703.1,4709.15,27884
2025-02-21 09:15:00+05:30,4744.75,4745.0,4679.0,4685.05,10955
2025-02-21 09:30:00+05:30,4687.45,4689.55,4646.35,4650.45,5577
2025-02-21 09:45:00+05:30,4650.45,4665.4,4644.5,4655.1,6643
2025-02-21 10:00:00+05:30,4652.05,4672.9,4650.05,4658.25,5403
2025-02-21 10:15:00+05:30,4658.25,4662.6,4638.8,4647.9,9373
2025-02-21 10:30:00+05:30,4647.9,4650.0,4626.25,4639.95,12511
2025-02-21 10:45:00+05:30,4639.95,4642.0,4620.0,4627.45,1650
2025-02-21 11:00:00+05:30,4627.45,4630.0,4606.2,4606.2,5146
2025-02-21 11:15:00+05:30,4606.2,4635.95,4606.2,4627.9,5039
2025-02-21 11:30:00+05:30,4627.9,4628.8,4615.0,4616.9,2188
2025-02-21 11:45:00+05:30,4616.9,4634.45,4616.3,4625.1,583
2025-02-21 12:00:00+05:30,4625.1,4625.4,4611.2,4619.75,855
2025-02-21 12:15:00+05:30,4619.75,4626.0,4618.0,4624.95,423
2025-02-21 12:30:00+05:30,4624.95,4626.9,4611.2,4618.75,787
2025-02-21 12:45:00+05:30,4616.85,4626.35,4613.0,4615.2,574
2025-02-21 13:00:00+05:30,4615.05,4619.9,4608.05,4614.4,2323
2025-02-21 13:15:00+05:30,4614.4,4620.8,4610.05,4613.5,1946
2025-02-21 13:30:00+05:30,4613.5,4615.8,4604.05,4615.05,10618
2025-02-21 13:45:00+05:30,4615.05,4615.05,4582.1,4601.45,89850
2025-02-21 14:00:00+05:30,4601.45,4607.7,4596.95,4601.15,2205
2025-02-21 14:15:00+05:30,4601.15,4608.5,4595.0,4601.3,4830
2025-02-21 14:30:00+05:30,4601.1,4606.0,4600.0,4600.0,1155
2025-02-21 14:45:00+05:30,4600.0,4605.65,4595.95,4600.0,14727
2025-02-21 15:00:00+05:30,4600.0,4610.9,4599.85,4606.55,5413
2025-02-21 15:15:00+05:30,4606.55,4607.7,4597.15,4600.05,15127
2025-02-24 09:15:00+05:30,4590.0,4633.4,4575.0,4613.55,7942
2025-02-24 09:30:00+05:30,4611.0,4628.1,4600.0,4604.1,6079
2025-02-24 09:45:00+05:30,4604.15,4611.8,4584.15,4589.7,4538
2025-02-24 10:00:00+05:30,4589.7,4602.95,4576.05,4597.95,4088
2025-02-24 10:15:00+05:30,4596.2,4602.0,4574.95,4582.9,3040
2025-02-24 10:30:00+05:30,4582.7,4592.8,4579.55,4589.7,3210
2025-02-24 10:45:00+05:30,4588.15,4595.0,4580.85,4583.05,2053
2025-02-24 11:00:00+05:30,4583.05,4594.9,4580.1,4591.15,2179
2025-02-24 11:15:00+05:30,4588.55,4594.9,4582.95,4582.95,2492
2025-02-24 11:30:00+05:30,4582.95,4588.75,4572.6,4588.65,2932
2025-02-24 11:45:00+05:30,4588.75,4608.45,4580.9,4601.7,4032
2025-02-24 12:00:00+05:30,4601.7,4614.0,4599.6,4605.85,2645
2025-02-24 12:15:00+05:30,4605.85,4613.1,4601.5,4603.75,1726
2025-02-24 12:30:00+05:30,4602.25,4610.3,4600.2,4607.95,2093
2025-02-24 12:45:00+05:30,4607.9,4612.45,4605.0,4605.85,1391
2025-02-24 13:00:00+05:30,4607.0,4618.15,4606.95,4609.8,3323
2025-02-24 13:15:00+05:30,4609.8,4620.0,4607.95,4615.1,2388
2025-02-24 13:30:00+05:30,4615.1,4616.8,4600.0,4605.5,3254
2025-02-24 13:45:00+05:30,4605.5,4622.4,4601.7,4612.95,4295
2025-02-24 14:00:00+05:30,4612.3,4619.9,4610.1,4615.25,2677
2025-02-24 14:15:00+05:30,4615.3,4620.95,4611.05,4619.7,3522
2025-02-24 14:30:00+05:30,4619.7,4625.75,4614.95,4615.0,1906
2025-02-24 14:45:00+05:30,4615.0,4623.45,4615.0,4615.0,2320
2025-02-24 15:00:00+05:30,4615.0,4616.85,4605.2,4606.4,6835
2025-02-24 15:15:00+05:30,4606.6,4618.0,4602.8,4609.55,7160
2025-02-25 09:15:00+05:30,4611.0,4649.8,4590.05,4610.25,55059
2025-02-25 09:30:00+05:30,4610.25,4627.3,4604.4,4614.2,7062
2025-02-25 09:45:00+05:30,4614.2,4619.55,4607.55,4612.25,1201
2025-02-25 10:00:00+05:30,4612.25,4616.0,4605.05,4609.9,921
2025-02-25 10:15:00+05:30,4609.9,4625.0,4607.1,4621.5,1545
2025-02-25 10:30:00+05:30,4621.5,4628.0,4614.05,4616.1,1206
2025-02-25 10:45:00+05:30,4616.1,4624.55,4612.55,4617.95,677
2025-02-25 11:00:00+05:30,4617.95,4620.15,4609.55,4617.25,795
2025-02-25 11:15:00+05:30,4617.25,4620.2,4610.0,4610.1,1285
2025-02-25 11:30:00+05:30,4610.15,4618.0,4603.4,4605.95,3297
2025-02-25 11:45:00+05:30,4605.95,4610.4,4594.6,4607.6,2370
2025-02-25 12:00:00+05:30,4607.6,4615.0,4606.5,4612.6,719
2025-02-25 12:15:00+05:30,4612.6,4615.4,4608.95,4612.35,1254
2025-02-25 12:30:00+05:30,4612.35,4615.1,4608.1,4613.25,465
2025-02-25 12:45:00+05:30,4613.25,4613.25,4575.8,4579.55,2675
2025-02-25 13:00:00+05:30,4579.55,4583.15,4570.35,4579.7,945
2025-02-25 13:15:00+05:30,4579.7,4580.75,4564.6,4571.35,851
2025-02-25 13:30:00+05:30,4571.35,4574.95,4568.2,4571.95,703
2025-02-25 13:45:00+05:30,4571.95,4596.2,4570.55,4585.0,4139
2025-02-25 14:00:00+05:30,4585.0,4593.2,4581.1,4592.45,553
2025-02-25 14:15:00+05:30,4590.7,4593.25,4570.4,4580.5,5969
2025-02-25 14:30:00+05:30,4580.5,4588.45,4578.8,4581.75,344
2025-02-25 14:45:00+05:30,4581.75,4585.0,4576.25,4576.25,622
2025-02-25 15:00:00+05:30,4578.0,4585.05,4569.95,4572.6,6310
2025-02-25 15:15:00+05:30,4572.6,4572.6,4541.0,4541.0,9288
2025-02-27 09:15:00+05:30,4610.4,4628.95,4522.0,4560.8,23994
2025-02-27 09:30:00+05:30,4560.8,4584.95,4557.65,4566.05,4358
2025-02-27 09:45:00+05:30,4566.05,4574.85,4551.35,4572.0,3842
2025-02-27 10:00:00+05:30,4572.0,4579.2,4565.45,4572.9,2971
2025-02-27 10:15:00+05:30,4571.4,4574.15,4556.05,4569.35,12183
2025-02-27 10:30:00+05:30,4569.35,4580.35,4567.5,4572.05,3324
2025-02-27 10:45:00+05:30,4572.05,4590.0,4569.95,4578.85,24348
2025-02-27 11:00:00+05:30,4578.85,4579.75,4573.05,4575.0,2802
2025-02-27 11:15:00+05:30,4575.0,4578.15,4570.25,4574.0,4798
2025-02-27 11:30:00+05:30,4574.0,4576.95,4569.55,4572.95,17729
2025-02-27 11:45:00+05:30,4572.95,4578.65,4572.0,4574.0,3079
2025-02-27 12:00:00+05:30,4574.0,4582.5,4572.0,4574.0,4402
2025-02-27 12:15:00+05:30,4573.85,4574.35,4572.2,4573.1,7172
2025-02-27 12:30:00+05:30,4573.1,4586.95,4572.45,4582.05,5627
2025-02-27 12:45:00+05:30,4581.5,4605.1,4581.5,4587.75,6680
2025-02-27 13:00:00+05:30,4587.75,4590.7,4585.9,4587.75,4233
2025-02-27 13:15:00+05:30,4587.75,4590.0,4585.2,4587.75,5561
2025-02-27 13:30:00+05:30,4587.75,4590.0,4585.8,4590.0,3660
2025-02-27 13:45:00+05:30,4590.0,4590.8,4575.55,4582.15,10448
2025-02-27 14:00:00+05:30,4582.15,4586.95,4580.15,4584.25,3758
2025-02-27 14:15:00+05:30,4584.25,4609.45,4584.25,4603.5,22163
2025-02-27 14:30:00+05:30,4603.5,4621.35,4596.7,4600.95,9667
2025-02-27 14:45:00+05:30,4600.95,4615.8,4598.8,4612.55,4891
2025-02-27 15:00:00+05:30,4612.55,4617.75,4604.45,4604.8,5210
2025-02-27 15:15:00+05:30,4603.0,4624.95,4600.0,4600.0,9961
2025-02-28 09:15:00+05:30,4600.0,4612.4,4539.2,4539.8,10404
2025-02-28 09:30:00+05:30,4541.9,4544.95,4522.0,4535.15,8727
2025-02-28 09:45:00+05:30,4535.15,4548.45,4510.2,4510.2,4923
2025-02-28 10:00:00+05:30,4511.35,4521.95,4491.65,4521.95,6100
2025-02-28 10:15:00+05:30,4521.95,4548.7,4521.95,4541.5,5732
2025-02-28 10:30:00+05:30,4541.5,4559.1,4541.5,4552.5,3721
2025-02-28 10:45:00+05:30,4552.5,4570.0,4548.8,4566.25,4343
2025-02-28 11:00:00+05:30,4566.25,4567.15,4556.35,4560.0,6906
2025-02-28 11:15:00+05:30,4560.05,4580.0,4555.0,4578.75,6794
2025-02-28 11:30:00+05:30,4578.75,4587.3,4575.0,4581.05,1688
2025-02-28 11:45:00+05:30,4582.0,4587.1,4575.8,4580.0,3012
2025-02-28 12:00:00+05:30,4579.35,4596.5,4578.1,4592.1,4489
2025-02-28 12:15:00+05:30,4592.1,4593.75,4584.6,4592.65,2842
2025-02-28 12:30:00+05:30,4592.65,4592.65,4559.5,4562.3,8123
2025-02-28 12:45:00+05:30,4562.3,4571.05,4559.95,4567.3,4307
2025-02-28 13:00:00+05:30,4567.3,4583.2,4563.45,4581.95,3479
2025-02-28 13:15:00+05:30,4581.95,4597.0,4575.1,4591.95,4972
2025-02-28 13:30:00+05:30,4591.95,4598.6,4586.35,4592.15,7351
2025-02-28 13:45:00+05:30,4592.15,4596.05,4575.05,4586.7,7077
2025-02-28 14:00:00+05:30,4586.7,4596.5,4580.0,4593.25,5278
2025-02-28 14:15:00+05:30,4593.25,4612.0,4582.65,4587.0,9762
2025-02-28 14:30:00+05:30,4586.85,4592.6,4580.1,4590.0,9247
2025-02-28 14:45:00+05:30,4590.0,4594.5,4580.5,4589.0,10661
2025-02-28 15:00:00+05:30,4588.4,4785.15,4586.95,4628.35,187266
2025-02-28 15:15:00+05:30,4625.2,4685.0,4573.0,4580.0,184581
2025-03-03 09:15:00+05:30,4601.0,4628.1,4533.1,4540.05,9646
2025-03-03 09:30:00+05:30,4540.05,4564.05,4523.0,4550.85,4917
2025-03-03 09:45:00+05:30,4550.85,4563.85,4543.65,4552.5,2077
2025-03-03 10:00:00+05:30,4552.95,4570.45,4549.1,4566.6,3074
2025-03-03 10:15:00+05:30,4566.6,4585.6,4557.6,4583.75,1413
2025-03-03 10:30:00+05:30,4590.1,4590.8,4560.0,4572.75,1079
2025-03-03 10:45:00+05:30,4572.75,4592.0,4559.5,4592.0,2421
2025-03-03 11:00:00+05:30,4592.0,4592.45,4573.55,4589.85,910
2025-03-03 11:15:00+05:30,4589.85,4598.3,4580.0,4592.95,945
2025-03-03 11:30:00+05:30,4592.95,4599.5,4582.6,4585.8,1118
2025-03-03 11:45:00+05:30,4585.8,4595.6,4578.5,4581.65,975
2025-03-03 12:00:00+05:30,4581.65,4583.9,4570.0,4582.1,778
2025-03-03 12:15:00+05:30,4582.1,4589.55,4569.8,4580.85,490
2025-03-03 12:30:00+05:30,4580.85,4596.1,4578.75,4589.15,690
2025-03-03 12:45:00+05:30,4589.15,4607.0,4589.15,4600.2,1927
2025-03-03 13:00:00+05:30,4600.2,4611.95,4600.0,4611.95,451
2025-03-03 13:15:00+05:30,4611.95,4623.95,4603.55,4603.55,1420
2025-03-03 13:30:00+05:30,4603.55,4619.65,4600.0,4613.0,878
2025-03-03 13:45:00+05:30,4613.0,4619.65,4601.75,4606.55,563
2025-03-03 14:00:00+05:30,4606.55,4611.6,4599.8,4607.9,5069
2025-03-03 14:15:00+05:30,4607.9,4616.0,4600.0,4610.85,997
2025-03-03 14:30:00+05:30,4610.85,4610.85,4600.0,4608.95,733
2025-03-03 14:45:00+05:30,4608.95,4620.35,4600.35,4615.05,881
2025-03-03 15:00:00+05:30,4614.85,4614.95,4599.95,4600.0,6720
2025-03-03 15:15:00+05:30,4600.0,4625.0,4591.35,4619.0,19448
2025-03-04 09:15:00+05:30,4591.2,4591.2,4523.05,4564.0,3911
2025-03-04 09:30:00+05:30,4564.0,4567.2,4550.0,4567.2,1680
2025-03-04 09:45:00+05:30,4567.2,4583.25,4556.45,4580.15,1028
2025-03-04 10:00:00+05:30,4580.15,4586.9,4544.45,4554.95,1582
2025-03-04 10:15:00+05:30,4554.95,4565.7,4545.0,4551.45,900
2025-03-04 10:30:00+05:30,4551.0,4566.0,4551.0,4566.0,2013
2025-03-04 10:45:00+05:30,4566.0,4570.35,4559.15,4560.35,1208
2025-03-04 11:00:00+05:30,4560.35,4567.9,4556.4,4564.65,1187
2025-03-04 11:15:00+05:30,4564.65,4569.2,4560.0,4564.85,368
2025-03-04 11:30:00+05:30,4564.85,4582.7,4560.4,4578.95,780
2025-03-04 11:45:00+05:30,4578.95,4591.2,4570.0,4590.0,1394
2025-03-04 12:00:00+05:30,4590.0,4619.0,4587.1,4610.4,6785
2025-03-04 12:15:00+05:30,4610.3,4610.4,4588.3,4599.15,3081
2025-03-04 12:30:00+05:30,4599.15,4608.65,4599.15,4602.35,598
2025-03-04 12:45:00+05:30,4602.35,4605.85,4593.15,4602.3,1103
2025-03-04 13:00:00+05:30,4602.3,4604.95,4589.85,4601.35,43090
2025-03-04 13:15:00+05:30,4603.75,4609.6,4599.7,4608.75,2940
2025-03-04 13:30:00+05:30,4608.75,4608.85,4600.0,4605.75,771
2025-03-04 13:45:00+05:30,4605.75,4618.65,4604.5,4614.15,960
2025-03-04 14:00:00+05:30,4614.15,4633.05,4614.15,4624.65,1793
2025-03-04 14:15:00+05:30,4624.85,4634.0,4621.3,4624.05,1058
2025-03-04 14:30:00+05:30,4624.05,4624.45,4615.45,4617.0,963
2025-03-04 14:45:00+05:30,4615.35,4633.0,4614.45,4626.65,42086
2025-03-04 15:00:00+05:30,4626.65,4626.65,4609.15,4618.4,5633
2025-03-04 15:15:00+05:30,4617.25,4625.2,4600.0,4600.0,6319
2025-03-05 09:15:00+05:30,4610.0,4625.25,4572.15,4619.85,4071
2025-03-05 09:30:00+05:30,4619.85,4624.35,4601.4,4612.1,2323
2025-03-05 09:45:00+05:30,4612.65,4630.0,4612.65,4624.25,1471
2025-03-05 10:00:00+05:30,4625.5,4641.55,4623.15,4636.45,1903
2025-03-05 10:15:00+05:30,4636.45,4640.5,4624.5,4635.9,1806
2025-03-05 10:30:00+05:30,4635.9,4644.2,4624.5,4634.0,2625
2025-03-05 10:45:00+05:30,4634.0,4635.65,4622.45,4625.05,8238
2025-03-05 11:00:00+05:30,4625.05,4638.45,4623.75,4632.55,1824
2025-03-05 11:15:00+05:30,4632.55,4644.0,4628.75,4637.0,3329
2025-03-05 11:30:00+05:30,4637.0,4638.25,4625.0,4632.5,4478
2025-03-05 11:45:00+05:30,4632.5,4644.5,4618.05,4624.9,11214
2025-03-05 12:00:00+05:30,4621.7,4649.55,4621.65,4649.15,4185
2025-03-05 12:15:00+05:30,4649.15,4667.95,4647.15,4661.65,5593
2025-03-05 12:30:00+05:30,4661.65,4671.5,4660.0,4660.9,3004
2025-03-05 12:45:00+05:30,4660.5,4670.9,4642.85,4643.6,7405
2025-03-05 13:00:00+05:30,4643.6,4649.3,4627.15,4635.5,6405
2025-03-05 13:15:00+05:30,4635.5,4645.0,4634.55,4641.25,4677
2025-03-05 13:30:00+05:30,4643.85,4644.35,4625.0,4630.0,5502
2025-03-05 13:45:00+05:30,4630.0,4641.9,4618.8,4634.1,29766
2025-03-05 14:00:00+05:30,4625.0,4630.35,4608.7,4625.8,3270
2025-03-05 14:15:00+05:30,4625.8,4627.75,4610.0,4610.35,39994
2025-03-05 14:30:00+05:30,4613.0,4639.65,4601.5,4636.9,26989
2025-03-05 14:45:00+05:30,4639.7,4687.4,4633.9,4684.7,14175
2025-03-05 15:00:00+05:30,4685.0,4706.75,4683.9,4700.65,43972
2025-03-05 15:15:00+05:30,4700.65,4700.65,4652.55,4666.0,15730
2025-03-06 09:15:00+05:30,4696.5,4717.25,4679.55,4705.45,4767
2025-03-06 09:30:00+05:30,4705.45,4710.65,4684.0,4696.45,1739
2025-03-06 09:45:00+05:30,4696.45,4703.85,4676.5,4700.15,1110
2025-03-06 10:00:00+05:30,4700.15,4750.55,4698.35,4747.0,4641
2025-03-06 10:15:00+05:30,4750.0,4760.05,4746.25,4760.05,2664
2025-03-06 10:30:00+05:30,4752.2,4780.0,4746.7,4772.0,6249
2025-03-06 10:45:00+05:30,4772.05,4776.05,4766.5,4770.05,2341
2025-03-06 11:00:00+05:30,4771.1,4771.1,4738.25,4761.15,5714
2025-03-06 11:15:00+05:30,4761.15,4764.95,4750.15,4760.9,2277
2025-03-06 11:30:00+05:30,4760.9,4764.15,4751.65,4759.0,2190
2025-03-06 11:45:00+05:30,4759.0,4765.0,4754.45,4758.15,2225
2025-03-06 12:00:00+05:30,4758.2,4764.9,4744.0,4755.6,22225
2025-03-06 12:15:00+05:30,4755.6,4765.2,4746.1,4750.0,2419
2025-03-06 12:30:00+05:30,4750.0,4750.0,4735.6,4736.25,3709
2025-03-06 12:45:00+05:30,4733.7,4762.7,4731.0,4753.35,2548
2025-03-06 13:00:00+05:30,4751.55,4759.75,4743.6,4755.95,2872
2025-03-06 13:15:00+05:30,4755.95,4760.0,4732.85,4734.0,3060
2025-03-06 13:30:00+05:30,4734.0,4742.95,4729.55,4735.9,1918
2025-03-06 13:45:00+05:30,4735.9,4756.0,4723.85,4755.75,6456
2025-03-06 14:00:00+05:30,4755.75,4762.2,4750.0,4758.5,6767
2025-03-06 14:15:00+05:30,4760.0,4761.0,4754.3,4755.7,2145
2025-03-06 14:30:00+05:30,4751.0,4759.95,4751.0,4756.0,2823
2025-03-06 14:45:00+05:30,4757.0,4760.0,4749.65,4751.3,4698
2025-03-06 15:00:00+05:30,4757.25,4758.6,4739.0,4744.6,9426
2025-03-06 15:15:00+05:30,4743.85,4744.8,4730.0,4730.0,5595
2025-03-07 09:15:00+05:30,4730.0,4737.6,4696.05,4722.35,2028
2025-03-07 09:30:00+05:30,4722.35,4745.0,4717.0,4717.55,1118
2025-03-07 09:45:00+05:30,4717.55,4757.55,4712.0,4752.65,1840
2025-03-07 10:00:00+05:30,4752.65,4772.35,4750.0,4770.0,2732
2025-03-07 10:15:00+05:30,4772.7,4782.35,4757.0,4764.4,3928
2025-03-07 10:30:00+05:30,4764.4,4772.75,4753.75,4753.75,2467
2025-03-07 10:45:00+05:30,4753.75,4764.15,4744.3,4749.8,2641
2025-03-07 11:00:00+05:30,4749.8,4752.05,4745.0,4750.6,1627
2025-03-07 11:15:00+05:30,4750.6,4767.25,4749.65,4759.8,52630
2025-03-07 11:30:00+05:30,4759.8,4767.0,4755.0,4760.0,1666
2025-03-07 11:45:00+05:30,4760.0,4764.2,4749.7,4758.85,1546
2025-03-07 12:00:00+05:30,4758.85,4760.85,4742.05,4749.7,4044
2025-03-07 12:15:00+05:30,4749.7,4754.35,4727.35,4749.9,8229
2025-03-07 12:30:00+05:30,4750.0,4763.3,4747.0,4759.0,4118
2025-03-07 12:45:00+05:30,4759.0,4761.5,4737.7,4749.85,7028
2025-03-07 13:00:00+05:30,4749.85,4756.4,4731.0,4733.45,12054
2025-03-07 13:15:00+05:30,4734.65,4739.5,4719.1,4719.55,6455
2025-03-07 13:30:00+05:30,4719.55,4725.1,4711.75,4716.1,5707
2025-03-07 13:45:00+05:30,4723.55,4723.55,4702.5,4706.2,5498
2025-03-07 14:00:00+05:30,4706.2,4715.4,4704.6,4709.3,5039
2025-03-07 14:15:00+05:30,4709.3,4724.0,4707.8,4720.0,5901
2025-03-07 14:30:00+05:30,4720.0,4726.35,4714.35,4723.05,4439
2025-03-07 14:45:00+05:30,4723.7,4754.95,4717.9,4749.0,12218
2025-03-07 15:00:00+05:30,4748.7,4750.3,4732.05,4742.7,17393
2025-03-07 15:15:00+05:30,4742.7,4745.8,4675.05,4715.0,14227
2025-03-10 09:15:00+05:30,4738.0,4756.0,4674.95,4675.0,4968
2025-03-10 09:30:00+05:30,4676.35,4713.95,4670.0,4700.75,7116
2025-03-10 09:45:00+05:30,4701.05,4752.35,4700.7,4750.75,4001
2025-03-10 10:00:00+05:30,4750.75,4757.0,4742.95,4747.5,3897
2025-03-10 10:15:00+05:30,4747.5,4754.65,4726.65,4731.95,3102
2025-03-10 10:30:00+05:30,4731.95,4741.55,4731.95,4739.75,950
2025-03-10 10:45:00+05:30,4739.75,4739.75,4724.5,4728.0,1625
2025-03-10 11:00:00+05:30,4728.0,4728.05,4710.0,4712.5,4625
2025-03-10 11:15:00+05:30,4713.55,4717.95,4712.0,4715.15,2009
2025-03-10 11:30:00+05:30,4715.15,4719.5,4713.3,4719.35,1794
2025-03-10 11:45:00+05:30,4719.35,4720.4,4719.0,4719.8,620
2025-03-10 12:00:00+05:30,4719.75,4719.8,4703.65,4709.35,2903
2025-03-10 12:15:00+05:30,4709.35,4718.75,4705.25,4717.3,2903
2025-03-10 12:30:00+05:30,4717.3,4719.8,4716.5,4718.0,498
2025-03-10 12:45:00+05:30,4718.0,4718.0,4717.05,4717.35,1630
2025-03-10 13:00:00+05:30,4717.35,4717.45,4702.7,4711.5,2916
2025-03-10 13:15:00+05:30,4711.5,4712.05,4707.45,4710.15,2052
2025-03-10 13:30:00+05:30,4710.15,4711.8,4707.2,4707.2,1026
2025-03-10 13:45:00+05:30,4707.2,4710.4,4674.35,4695.6,19943
2025-03-10 14:00:00+05:30,4691.75,4694.65,4645.5,4651.9,4489
2025-03-10 14:15:00+05:30,4651.9,4651.9,4625.3,4626.45,2717
2025-03-10 14:30:00+05:30,4626.45,4632.25,4612.0,4624.3,5204
2025-03-10 14:45:00+05:30,4624.3,4634.5,4618.2,4626.55,4298
2025-03-10 15:00:00+05:30,4629.0,4655.25,4624.0,4624.0,8239
2025-03-10 15:15:00+05:30,4622.25,4635.0,4608.0,4610.7,8942
2025-03-11 09:15:00+05:30,4610.0,4690.5,4610.0,4644.15,4214
2025-03-11 09:30:00+05:30,4643.45,4681.15,4627.0,4681.15,3891
2025-03-11 09:45:00+05:30,4680.55,4697.0,4668.0,4686.55,4374
2025-03-11 10:00:00+05:30,4686.55,4696.95,4676.1,4685.65,2226
2025-03-11 10:15:00+05:30,4685.65,4698.85,4671.5,4675.65,1512
2025-03-11 10:30:00+05:30,4675.65,4697.05,4675.1,4682.25,1070
2025-03-11 10:45:00+05:30,4682.25,4722.8,4682.0,4719.05,4128
2025-03-11 11:00:00+05:30,4719.05,4735.0,4717.55,4719.15,1880
2025-03-11 11:15:00+05:30,4722.7,4722.7,4686.8,4686.8,1851
2025-03-11 11:30:00+05:30,4686.8,4696.6,4686.2,4694.7,1156
2025-03-11 11:45:00+05:30,4694.7,4704.4,4689.55,4698.0,1739
2025-03-11 12:00:00+05:30,4698.0,4728.45,4693.15,4717.55,3211
2025-03-11 12:15:00+05:30,4717.55,4728.5,4717.25,4724.2,2706
2025-03-11 12:30:00+05:30,4724.2,4728.35,4716.8,4727.1,2907
2025-03-11 12:45:00+05:30,4727.1,4730.2,4718.7,4730.2,2065
2025-03-11 13:00:00+05:30,4730.2,4730.6,4722.5,4725.65,2184
2025-03-11 13:15:00+05:30,4725.65,4732.0,4722.6,4731.65,2500
2025-03-11 13:30:00+05:30,4731.65,4739.9,4722.5,4739.35,3849
2025-03-11 13:45:00+05:30,4739.35,4751.3,4735.0,4750.0,3613
2025-03-11 14:00:00+05:30,4749.85,4761.5,4746.95,4760.6,3723
2025-03-11 14:15:00+05:30,4760.6,4767.8,4754.5,4764.5,3419
2025-03-11 14:30:00+05:30,4766.6,4770.0,4752.2,4756.2,4485
2025-03-11 14:45:00+05:30,4757.7,4773.75,4757.15,4760.0,6942
2025-03-11 15:00:00+05:30,4760.0,4789.55,4758.4,4788.0,6190
2025-03-11 15:15:00+05:30,4786.55,4790.0,4767.8,4767.8,9382
2025-03-12 09:15:00+05:30,4775.0,4788.85,4735.2,4774.3,7748
2025-03-12 09:30:00+05:30,4771.0,4798.15,4765.0,4782.6,5702
2025-03-12 09:45:00+05:30,4780.05,4805.9,4765.65,4783.2,6145
2025-03-12 10:00:00+05:30,4783.2,4789.8,4752.1,4753.05,4164
2025-03-12 10:15:00+05:30,4753.05,4762.7,4733.85,4739.0,3361
2025-03-12 10:30:00+05:30,4739.0,4758.35,4733.9,4751.95,1833
2025-03-12 10:45:00+05:30,4751.95,4751.95,4735.05,4740.3,1664
2025-03-12 11:00:00+05:30,4740.7,4754.45,4740.7,4752.0,1804
2025-03-12 11:15:00+05:30,4752.0,4758.75,4734.75,4740.35,2431
2025-03-12 11:30:00+05:30,4740.35,4741.15,4714.0,4725.0,3262
2025-03-12 11:45:00+05:30,4725.0,4725.9,4717.0,4717.0,1953
2025-03-12 12:00:00+05:30,4717.0,4718.7,4707.0,4717.0,1300
2025-03-12 12:15:00+05:30,4717.0,4717.0,4700.0,4710.0,2294
2025-03-12 12:30:00+05:30,4711.25,4714.75,4697.0,4704.1,3946
2025-03-12 12:45:00+05:30,4700.0,4717.2,4696.5,4710.95,3897
2025-03-12 13:00:00+05:30,4711.85,4717.2,4705.05,4715.35,2485
2025-03-12 13:15:00+05:30,4715.35,4724.5,4710.5,4714.95,5955
2025-03-12 13:30:00+05:30,4716.05,4721.45,4711.05,4715.5,2783
2025-03-12 13:45:00+05:30,4715.5,4725.7,4715.5,4720.2,2678
2025-03-12 14:00:00+05:30,4720.2,4730.4,4716.9,4716.9,2460
2025-03-12 14:15:00+05:30,4716.9,4741.5,4713.35,4737.0,3552
2025-03-12 14:30:00+05:30,4737.0,4744.8,4733.4,4737.0,3090
2025-03-12 14:45:00+05:30,4737.0,4742.0,4722.9,4739.0,5603
2025-03-12 15:00:00+05:30,4739.9,4759.0,4739.9,4758.4,8260
2025-03-12 15:15:00+05:30,4757.6,4757.6,4731.1,4731.2,10593
2025-03-13 09:15:00+05:30,4779.95,4779.95,4711.55,4749.4,9458
2025-03-13 09:30:00+05:30,4749.4,4761.75,4729.7,4747.4,4208
2025-03-13 09:45:00+05:30,4744.3,4755.0,4730.9,4750.25,2387
2025-03-13 10:00:00+05:30,4750.25,4755.2,4739.7,4745.9,2429
2025-03-13 10:15:00+05:30,4745.9,4761.75,4738.0,4760.0,2912
2025-03-13 10:30:00+05:30,4761.75,4767.7,4754.0,4763.0,1322
2025-03-13 10:45:00+05:30,4763.0,4775.95,4743.4,4746.8,1944
2025-03-13 11:00:00+05:30,4745.0,4756.45,4740.4,4742.0,2811
2025-03-13 11:15:00+05:30,4742.0,4749.2,4734.0,4734.0,1408
2025-03-13 11:30:00+05:30,4734.0,4741.7,4712.45,4717.35,2737
2025-03-13 11:45:00+05:30,4717.65,4726.3,4711.05,4717.85,2999
2025-03-13 12:00:00+05:30,4717.85,4722.75,4712.25,4719.0,827
2025-03-13 12:15:00+05:30,4719.45,4724.3,4710.0,4720.0,1921
2025-03-13 12:30:00+05:30,4720.0,4733.35,4712.7,4732.0,2186
2025-03-13 12:45:00+05:30,4732.0,4740.0,4723.5,4733.25,2069
2025-03-13 13:00:00+05:30,4734.4,4736.0,4721.5,4728.0,1278
2025-03-13 13:15:00+05:30,4728.65,4728.8,4711.75,4713.65,1840
2025-03-13 13:30:00+05:30,4713.65,4726.45,4710.05,4717.65,2793
2025-03-13 13:45:00+05:30,4717.65,4724.45,4711.3,4717.0,3270
2025-03-13 14:00:00+05:30,4717.0,4727.0,4713.05,4721.55,1609
2025-03-13 14:15:00+05:30,4719.65,4721.55,4702.1,4707.65,2222
2025-03-13 14:30:00+05:30,4707.65,4710.05,4701.5,4705.85,2275
2025-03-13 14:45:00+05:30,4705.85,4706.7,4695.0,4696.35,1831
2025-03-13 15:00:00+05:30,4696.9,4717.4,4696.05,4704.45,7945
2025-03-13 15:15:00+05:30,4704.45,4710.0,4681.4,4681.4,6166
2025-03-17 09:15:00+05:30,4729.5,4809.55,4725.0,4809.5,8995
2025-03-17 09:30:00+05:30,4805.0,4829.0,4790.0,4790.1,12790
2025-03-17 09:45:00+05:30,4790.0,4814.35,4775.8,4809.45,8062
2025-03-17 10:00:00+05:30,4809.55,4819.5,4781.05,4782.15,6076
2025-03-17 10:15:00+05:30,4783.3,4786.65,4760.45,4782.6,5328
2025-03-17 10:30:00+05:30,4783.0,4787.0,4755.4,4766.2,4721
2025-03-17 10:45:00+05:30,4766.2,4770.65,4750.0,4756.15,5768
2025-03-17 11:00:00+05:30,4756.15,4762.9,4740.9,4743.6,4709
2025-03-17 11:15:00+05:30,4746.05,4753.85,4741.0,4750.0,3782
2025-03-17 11:30:00+05:30,4750.1,4770.7,4750.1,4765.25,4779
2025-03-17 11:45:00+05:30,4765.25,4774.95,4748.2,4756.05,4364
2025-03-17 12:00:00+05:30,4756.05,4773.55,4753.65,4770.05,2915
2025-03-17 12:15:00+05:30,4770.05,4774.85,4746.15,4765.25,3963
2025-03-17 12:30:00+05:30,4765.25,4773.0,4757.45,4768.4,4323
2025-03-17 12:45:00+05:30,4767.0,4777.9,4762.85,4777.5,4220
2025-03-17 13:00:00+05:30,4777.5,4785.0,4768.5,4784.0,4891
2025-03-17 13:15:00+05:30,4784.0,4801.1,4779.15,4795.8,5205
2025-03-17 13:30:00+05:30,4795.65,4800.55,4789.85,4797.45,4678
2025-03-17 13:45:00+05:30,4796.95,4800.4,4786.35,4791.6,4441
2025-03-17 14:00:00+05:30,4791.6,4798.9,4788.6,4794.4,4922
2025-03-17 14:15:00+05:30,4794.45,4798.5,4774.3,4787.65,5844
2025-03-17 14:30:00+05:30,4787.65,4796.65,4781.5,4794.5,5509
2025-03-17 14:45:00+05:30,4794.0,4802.85,4789.25,4795.3,6349
2025-03-17 15:00:00+05:30,4796.3,4815.5,4791.0,4813.5,9927
2025-03-17 15:15:00+05:30,4813.3,4840.0,4813.3,4840.0,21873
2025-03-18 09:15:00+05:30,4870.0,4870.0,4818.2,4818.75,8789
2025-03-18 09:30:00+05:30,4818.75,4837.05,4810.15,4821.15,3823
2025-03-18 09:45:00+05:30,4821.15,4827.3,4815.65,4823.25,1726
2025-03-18 10:00:00+05:30,4823.25,4829.6,4820.4,4827.55,1262
2025-03-18 10:15:00+05:30,4826.8,4829.95,4805.85,4825.45,2356
2025-03-18 10:30:00+05:30,4825.45,4838.0,4819.1,4827.5,2236
2025-03-18 10:45:00+05:30,4827.5,4832.55,4800.05,4804.0,2854
2025-03-18 11:00:00+05:30,4805.55,4807.75,4801.15,4804.0,967
2025-03-18 11:15:00+05:30,4804.0,4807.45,4791.6,4794.75,2830
2025-03-18 11:30:00+05:30,4794.75,4804.05,4794.75,4796.85,1269
2025-03-18 11:45:00+05:30,4796.85,4801.7,4792.0,4801.7,1242
2025-03-18 12:00:00+05:30,4801.7,4805.2,4796.0,4796.05,790
2025-03-18 12:15:00+05:30,4796.05,4807.5,4791.0,4802.6,4172
2025-03-18 12:30:00+05:30,4802.6,4811.0,4800.0,4802.45,1330
2025-03-18 12:45:00+05:30,4802.45,4808.7,4800.0,4806.65,955
2025-03-18 13:00:00+05:30,4808.3,4845.6,4802.6,4844.95,4927
2025-03-18 13:15:00+05:30,4844.95,4845.0,4821.1,4833.5,3129
2025-03-18 13:30:00+05:30,4831.5,4847.7,4824.4,4841.05,2986
2025-03-18 13:45:00+05:30,4843.6,4843.6,4818.1,4820.5,2051
2025-03-18 14:00:00+05:30,4820.5,4831.1,4820.5,4824.5,1972
2025-03-18 14:15:00+05:30,4824.5,4828.25,4807.35,4816.85,2974
2025-03-18 14:30:00+05:30,4816.85,4827.65,4813.95,4816.05,3411
2025-03-18 14:45:00+05:30,4816.05,4820.55,4814.0,4816.15,3481
2025-03-18 15:00:00+05:30,4816.35,4819.6,4805.85,4811.0,9532
2025-03-18 15:15:00+05:30,4811.05,4825.0,4800.75,4820.0,12665
2025-03-19 09:15:00+05:30,4840.0,4840.0,4789.0,4795.65,2595
2025-03-19 09:30:00+05:30,4792.5,4817.75,4792.0,4815.1,1869
2025-03-19 09:45:00+05:30,4815.1,4828.65,4810.05,4811.6,2394
2025-03-19 10:00:00+05:30,4811.6,4840.0,4809.05,4830.5,2624
2025-03-19 10:15:00+05:30,4830.0,4848.95,4828.55,4832.5,4323
2025-03-19 10:30:00+05:30,4832.5,4835.65,4825.0,4829.1,1522
2025-03-19 10:45:00+05:30,4829.1,4838.95,4825.0,4838.95,1133
2025-03-19 11:00:00+05:30,4838.95,4839.1,4825.4,4832.7,1572
2025-03-19 11:15:00+05:30,4832.7,4834.35,4824.1,4829.75,1078
2025-03-19 11:30:00+05:30,4829.75,4838.45,4829.75,4832.0,752
2025-03-19 11:45:00+05:30,4832.0,4846.2,4832.0,4841.7,1006
2025-03-19 12:00:00+05:30,4841.7,4843.4,4833.3,4840.0,768
2025-03-19 12:15:00+05:30,4840.0,4848.0,4837.75,4842.2,1468
2025-03-19 12:30:00+05:30,4842.2,4848.0,4840.0,4847.0,2644
2025-03-19 12:45:00+05:30,4847.0,4849.95,4845.5,4848.3,2317
2025-03-19 13:00:00+05:30,4848.3,4848.75,4840.0,4846.75,2981
2025-03-19 13:15:00+05:30,4846.7,4849.9,4840.55,4844.25,1258
2025-03-19 13:30:00+05:30,4844.25,4848.0,4840.1,4844.0,1099
2025-03-19 13:45:00+05:30,4844.0,4845.0,4840.0,4844.8,1169
2025-03-19 14:00:00+05:30,4844.8,4847.9,4835.15,4837.35,2935
2025-03-19 14:15:00+05:30,4837.45,4853.0,4837.45,4850.0,3094
2025-03-19 14:30:00+05:30,4850.0,4855.0,4842.3,4846.85,2888
2025-03-19 14:45:00+05:30,4846.85,4855.0,4845.35,4852.0,3335
2025-03-19 15:00:00+05:30,4852.15,4855.0,4850.0,4852.05,5469
2025-03-19 15:15:00+05:30,4852.05,4855.0,4845.9,4855.0,7904
2025-03-20 09:15:00+05:30,4880.0,4883.75,4842.1,4875.0,6108
2025-03-20 09:30:00+05:30,4871.0,4876.8,4860.0,4860.05,3612
2025-03-20 09:45:00+05:30,4860.05,4869.6,4845.7,4862.4,2331
2025-03-20 10:00:00+05:30,4862.4,4871.4,4846.0,4848.95,1661
2025-03-20 10:15:00+05:30,4848.95,4868.95,4848.95,4863.65,1210
2025-03-20 10:30:00+05:30,4863.65,4867.3,4850.0,4850.35,2841
2025-03-20 10:45:00+05:30,4852.55,4868.2,4850.35,4864.45,3925
2025-03-20 11:00:00+05:30,4864.45,4878.6,4860.75,4869.25,4970
2025-03-20 11:15:00+05:30,4873.9,4878.6,4862.0,4866.1,2738
2025-03-20 11:30:00+05:30,4866.1,4876.1,4862.2,4872.75,4573
2025-03-20 11:45:00+05:30,4872.75,4877.55,4866.75,4869.75,2616
2025-03-20 12:00:00+05:30,4869.75,4906.45,4869.3,4906.45,11175
2025-03-20 12:15:00+05:30,4904.85,4933.0,4902.5,4933.0,4480
2025-03-20 12:30:00+05:30,4933.0,4944.5,4909.65,4918.0,6319
2025-03-20 12:45:00+05:30,4918.0,4919.3,4890.4,4890.4,2944
2025-03-20 13:00:00+05:30,4890.4,4920.0,4890.4,4917.0,3243
2025-03-20 13:15:00+05:30,4917.5,4918.75,4910.0,4911.05,2449
2025-03-20 13:30:00+05:30,4911.05,4917.4,4910.15,4910.9,1115
2025-03-20 13:45:00+05:30,4910.9,4917.5,4910.15,4913.05,1060
2025-03-20 14:00:00+05:30,4912.8,4920.0,4910.25,4917.85,1255
2025-03-20 14:15:00+05:30,4917.85,4917.85,4910.0,4915.95,1289
2025-03-20 14:30:00+05:30,4915.95,4920.0,4911.15,4919.1,3104
2025-03-20 14:45:00+05:30,4919.85,4922.5,4917.5,4919.0,2143
2025-03-20 15:00:00+05:30,4920.15,4920.55,4903.55,4905.6,5780
2025-03-20 15:15:00+05:30,4905.6,4907.25,4897.55,4904.0,5211
2025-03-21 09:15:00+05:30,4904.0,4950.0,4881.5,4943.95,2874
2025-03-21 09:30:00+05:30,4944.0,4955.0,4938.05,4953.5,2171
2025-03-21 09:45:00+05:30,4953.5,4954.5,4936.85,4937.95,1100
2025-03-21 10:00:00+05:30,4937.95,4943.75,4923.5,4923.5,943
2025-03-21 10:15:00+05:30,4923.5,4930.0,4907.65,4923.2,2593
2025-03-21 10:30:00+05:30,4923.2,4934.95,4919.8,4924.1,1884
2025-03-21 10:45:00+05:30,4923.35,4933.0,4920.3,4924.0,981
2025-03-21 11:00:00+05:30,4924.0,4955.15,4924.0,4949.5,6947
2025-03-21 11:15:00+05:30,4949.5,4959.0,4943.25,4953.9,2851
2025-03-21 11:30:00+05:30,4955.0,4976.0,4953.65,4957.95,4828
2025-03-21 11:45:00+05:30,4957.95,4979.05,4955.0,4978.25,1561
2025-03-21 12:00:00+05:30,4975.7,4982.0,4968.75,4972.6,1444
2025-03-21 12:15:00+05:30,4972.6,5000.0,4971.5,4990.0,4212
2025-03-21 12:30:00+05:30,4992.05,4994.9,4981.9,4982.4,1736
2025-03-21 12:45:00+05:30,4982.4,4994.05,4977.85,4979.7,2092
2025-03-21 13:00:00+05:30,4979.7,4982.85,4969.95,4978.6,2957
2025-03-21 13:15:00+05:30,4978.6,4992.0,4975.8,4981.6,2803
2025-03-21 13:30:00+05:30,4981.45,4990.0,4975.7,4977.95,1156
2025-03-21 13:45:00+05:30,4977.95,4983.0,4965.05,4973.6,2289
2025-03-21 14:00:00+05:30,4973.6,4991.75,4969.2,4988.1,3529
2025-03-21 14:15:00+05:30,4988.1,5001.7,4985.0,5001.35,3227
2025-03-21 14:30:00+05:30,5001.35,5016.75,4992.35,5006.85,6402
2025-03-21 14:45:00+05:30,5006.85,5009.5,4960.75,4962.8,19052
2025-03-21 15:00:00+05:30,4962.8,4993.7,4949.2,4990.8,34082
2025-03-21 15:15:00+05:30,4990.8,4998.2,4969.15,4996.95,37571
2025-03-24 09:15:00+05:30,5015.0,5029.45,4985.0,5022.1,4253
2025-03-24 09:30:00+05:30,5022.1,5026.3,4960.55,4972.0,3510
2025-03-24 09:45:00+05:30,4972.0,5018.0,4970.0,5017.5,2276
2025-03-24 10:00:00+05:30,5017.5,5020.0,4998.05,5008.85,1341
2025-03-24 10:15:00+05:30,5008.85,5014.6,5000.05,5013.7,1116
2025-03-24 10:30:00+05:30,5013.7,5035.0,5000.0,5032.9,3357
2025-03-24 10:45:00+05:30,5032.9,5038.0,5026.1,5033.3,1830
2025-03-24 11:00:00+05:30,5035.5,5040.0,5010.0,5021.0,1928
2025-03-24 11:15:00+05:30,5021.55,5037.0,5011.15,5033.1,2243
2025-03-24 11:30:00+05:30,5031.35,5058.55,5029.65,5052.25,3485
2025-03-24 11:45:00+05:30,5052.1,5063.2,5046.05,5060.0,3061
2025-03-24 12:00:00+05:30,5060.0,5068.55,5050.4,5062.65,2204
2025-03-24 12:15:00+05:30,5062.65,5085.0,5062.25,5080.0,3248
2025-03-24 12:30:00+05:30,5080.0,5088.0,5080.0,5084.0,1351
2025-03-24 12:45:00+05:30,5084.0,5089.55,5080.2,5085.05,1252
2025-03-24 13:00:00+05:30,5085.05,5092.4,5080.0,5080.0,1525
2025-03-24 13:15:00+05:30,5080.0,5084.55,5064.9,5076.65,3722
2025-03-24 13:30:00+05:30,5076.65,5080.0,5074.4,5079.9,3742
2025-03-24 13:45:00+05:30,5079.9,5080.0,5044.0,5047.2,18661
2025-03-24 14:00:00+05:30,5047.2,5067.1,5046.3,5063.05,1710
2025-03-24 14:15:00+05:30,5063.05,5071.4,5055.25,5055.45,1709
2025-03-24 14:30:00+05:30,5055.45,5056.9,5042.65,5044.75,1560
2025-03-24 14:45:00+05:30,5044.75,5070.0,5044.75,5064.05,5378
2025-03-24 15:00:00+05:30,5065.95,5067.45,5045.1,5052.2,4605
2025-03-24 15:15:00+05:30,5052.2,5060.0,5042.85,5060.0,4947
2025-03-25 09:15:00+05:30,5087.0,5087.0,5015.0,5030.7,7872
2025-03-25 09:30:00+05:30,5030.3,5055.5,5028.0,5047.95,2502
2025-03-25 09:45:00+05:30,5047.95,5090.0,5039.4,5086.05,2416
2025-03-25 10:00:00+05:30,5086.05,5089.0,5060.45,5061.55,1895
2025-03-25 10:15:00+05:30,5061.55,5064.25,5034.1,5037.3,1807
2025-03-25 10:30:00+05:30,5037.3,5038.15,5013.0,5024.6,1614
2025-03-25 10:45:00+05:30,5022.9,5025.0,5005.0,5014.6,2144
2025-03-25 11:00:00+05:30,5014.6,5028.05,5014.6,5021.0,2124
2025-03-25 11:15:00+05:30,5021.0,5025.4,4999.25,4999.25,3920
2025-03-25 11:30:00+05:30,5001.45,5007.3,4990.0,4990.0,2415
2025-03-25 11:45:00+05:30,4996.95,5000.1,4980.4,4995.35,2284
2025-03-25 12:00:00+05:30,4995.35,4999.9,4982.95,4986.35,3413
2025-03-25 12:15:00+05:30,4986.0,4990.05,4977.95,4983.0,3143
2025-03-25 12:30:00+05:30,4983.0,4988.3,4973.3,4973.3,2773
2025-03-25 12:45:00+05:30,4973.3,4978.45,4961.05,4961.15,1533
2025-03-25 13:00:00+05:30,4961.15,4966.6,4938.8,4945.05,1353
2025-03-25 13:15:00+05:30,4945.05,4984.1,4940.0,4977.25,1470
2025-03-25 13:30:00+05:30,4977.25,4995.0,4977.25,4991.0,863
2025-03-25 13:45:00+05:30,4991.0,5021.75,4986.05,5014.45,2692
2025-03-25 14:00:00+05:30,5014.45,5043.15,5011.0,5039.65,3141
2025-03-25 14:15:00+05:30,5039.65,5040.25,5020.45,5026.35,2382
2025-03-25 14:30:00+05:30,5024.25,5045.85,5016.35,5038.1,3658
2025-03-25 14:45:00+05:30,5041.9,5045.25,5036.0,5037.55,6125
2025-03-25 15:00:00+05:30,5035.95,5045.0,5028.35,5030.8,11605
2025-03-25 15:15:00+05:30,5030.8,5036.6,4994.05,5020.0,9010
2025-03-26 09:15:00+05:30,5029.0,5080.0,5029.0,5037.95,3303
2025-03-26 09:30:00+05:30,5037.95,5037.95,4973.15,4977.3,5242
2025-03-26 09:45:00+05:30,4977.3,4990.0,4966.6,4987.75,1843
2025-03-26 10:00:00+05:30,4987.75,5012.95,4985.1,5007.45,1234
2025-03-26 10:15:00+05:30,5007.45,5017.3,5001.0,5011.9,912
2025-03-26 10:30:00+05:30,5010.8,5013.85,4996.0,5001.9,1029
2025-03-26 10:45:00+05:30,5001.9,5008.3,4987.2,5008.3,2314
2025-03-26 11:00:00+05:30,5008.3,5014.5,4989.8,4997.3,1678
2025-03-26 11:15:00+05:30,4997.3,5004.95,4997.3,5002.5,1038
2025-03-26 11:30:00+05:30,5002.5,5004.0,4997.75,4999.95,941
2025-03-26 11:45:00+05:30,4999.95,4999.95,4985.0,4990.1,1259
2025-03-26 12:00:00+05:30,4990.1,5002.85,4989.55,4992.25,4020
2025-03-26 12:15:00+05:30,4992.25,5004.3,4992.05,5000.0,1746
2025-03-26 12:30:00+05:30,5000.0,5004.45,4995.2,4998.05,4157
2025-03-26 12:45:00+05:30,4998.05,5018.6,4998.05,5000.0,4607
2025-03-26 13:00:00+05:30,4998.35,5000.0,4991.05,4991.05,5747
2025-03-26 13:15:00+05:30,4991.05,4995.1,4990.05,4993.75,5473
2025-03-26 13:30:00+05:30,4993.75,4995.05,4980.0,4980.0,3650
2025-03-26 13:45:00+05:30,4980.0,4995.1,4970.0,4994.6,1954
2025-03-26 14:00:00+05:30,4994.6,4995.1,4993.5,4994.25,1248
2025-03-26 14:15:00+05:30,4995.1,5005.2,4990.5,4995.0,12398
2025-03-26 14:30:00+05:30,4995.4,4995.4,4981.0,4986.2,1195
2025-03-26 14:45:00+05:30,4986.2,4994.9,4985.5,4989.95,1767
2025-03-26 15:00:00+05:30,4989.9,5009.95,4987.5,5003.45,9356
2025-03-26 15:15:00+05:30,5002.0,5011.95,4995.0,4995.0,10576
2025-03-27 09:15:00+05:30,5003.0,5003.0,4942.15,4951.95,5252
2025-03-27 09:30:00+05:30,4951.95,4958.65,4934.95,4944.0,5171
2025-03-27 09:45:00+05:30,4943.1,4970.95,4926.05,4966.95,3762
2025-03-27 10:00:00+05:30,4966.95,4970.95,4951.85,4953.5,3579
2025-03-27 10:15:00+05:30,4953.5,4957.85,4946.55,4952.35,5910
2025-03-27 10:30:00+05:30,4952.35,4956.65,4922.0,4924.35,21613
2025-03-27 10:45:00+05:30,4924.35,4925.0,4905.0,4906.9,3219
2025-03-27 11:00:00+05:30,4906.9,4928.35,4906.9,4924.1,2061
2025-03-27 11:15:00+05:30,4924.15,4935.3,4909.95,4927.5,3182
2025-03-27 11:30:00+05:30,4927.5,4943.95,4925.0,4942.6,1402
2025-03-27 11:45:00+05:30,4942.6,4945.45,4923.1,4923.55,2909
2025-03-27 12:00:00+05:30,4923.55,4927.9,4915.15,4925.95,1983
2025-03-27 12:15:00+05:30,4925.95,4926.9,4920.0,4922.45,1047
2025-03-27 12:30:00+05:30,4922.45,4923.8,4905.0,4917.65,4075
2025-03-27 12:45:00+05:30,4917.65,4939.95,4915.15,4935.9,707
2025-03-27 13:00:00+05:30,4935.9,4945.3,4935.0,4935.0,3431
2025-03-27 13:15:00+05:30,4935.0,4939.95,4935.0,4936.8,1302
2025-03-27 13:30:00+05:30,4936.8,4942.05,4935.0,4937.15,1391
2025-03-27 13:45:00+05:30,4935.45,4938.4,4933.0,4934.8,2764
2025-03-27 14:00:00+05:30,4934.8,4937.9,4928.35,4931.65,1714
2025-03-27 14:15:00+05:30,4931.65,4933.3,4913.0,4916.4,2292
2025-03-27 14:30:00+05:30,4917.6,4942.45,4915.75,4941.7,1794
2025-03-27 14:45:00+05:30,4943.9,4950.0,4940.0,4945.55,4773
2025-03-27 15:00:00+05:30,4951.0,4976.65,4947.2,4957.85,19867
2025-03-27 15:15:00+05:30,4958.6,4961.05,4925.2,4925.2,22793
2025-03-28 09:15:00+05:30,4939.15,4980.65,4848.0,4918.35,7956
2025-03-28 09:30:00+05:30,4917.05,4943.45,4906.75,4926.45,5952
2025-03-28 09:45:00+05:30,4926.45,4931.45,4905.0,4920.45,14943
2025-03-28 10:00:00+05:30,4920.45,4920.45,4884.0,4886.4,2020
2025-03-28 10:15:00+05:30,4886.4,4897.9,4881.15,4897.5,2191
2025-03-28 10:30:00+05:30,4897.5,4922.95,4897.5,4921.45,1556
2025-03-28 10:45:00+05:30,4918.5,4935.0,4917.15,4920.85,6288
2025-03-28 11:00:00+05:30,4920.85,4920.85,4904.0,4905.75,4114
2025-03-28 11:15:00+05:30,4905.75,4910.45,4896.45,4900.1,5271
2025-03-28 11:30:00+05:30,4900.1,4907.3,4891.7,4891.7,3218
2025-03-28 11:45:00+05:30,4891.7,4904.95,4891.7,4894.5,3168
2025-03-28 12:00:00+05:30,4894.5,4912.45,4892.0,4895.35,5825
2025-03-28 12:15:00+05:30,4895.35,4898.75,4890.05,4894.15,6715
2025-03-28 12:30:00+05:30,4894.15,4898.3,4890.0,4894.0,3802
2025-03-28 12:45:00+05:30,4894.0,4898.75,4892.0,4896.6,2915
2025-03-28 13:00:00+05:30,4896.6,4897.55,4892.0,4896.7,1975
2025-03-28 13:15:00+05:30,4896.7,4898.75,4882.35,4892.85,4675
2025-03-28 13:30:00+05:30,4892.85,4898.5,4885.85,4890.5,1406
2025-03-28 13:45:00+05:30,4890.5,4890.95,4862.05,4868.15,1885
2025-03-28 14:00:00+05:30,4868.15,4893.55,4867.3,4880.05,6866
2025-03-28 14:15:00+05:30,4880.05,4897.8,4872.1,4897.4,9480
2025-03-28 14:30:00+05:30,4897.4,4904.65,4889.85,4897.1,7121
2025-03-28 14:45:00+05:30,4897.1,4918.0,4891.8,4905.8,13203
2025-03-28 15:00:00+05:30,4905.95,4905.95,4869.55,4884.9,18667
2025-03-28 15:15:00+05:30,4885.15,4885.15,4865.8,4866.8,9698
2025-04-01 09:15:00+05:30,4889.95,4898.45,4863.2,4894.55,2120
2025-04-01 09:30:00+05:30,4894.55,4950.0,4893.2,4947.8,1751
2025-04-01 09:45:00+05:30,4947.8,4948.5,4936.6,4942.3,419
2025-04-01 10:00:00+05:30,4942.3,4943.2,4919.0,4919.4,441
2025-04-01 10:15:00+05:30,4919.4,4928.0,4901.65,4902.5,915
2025-04-01 10:30:00+05:30,4902.5,4906.35,4877.3,4879.0,706
2025-04-01 10:45:00+05:30,4879.0,4884.95,4868.0,4871.5,1236
2025-04-01 11:00:00+05:30,4871.5,4879.5,4871.0,4872.0,421
2025-04-01 11:15:00+05:30,4872.0,4872.95,4865.0,4866.9,1607
2025-04-01 11:30:00+05:30,4865.7,4869.0,4860.0,4860.4,1634
2025-04-01 11:45:00+05:30,4861.2,4868.5,4860.0,4860.05,655
2025-04-01 12:00:00+05:30,4860.05,4860.9,4850.0,4854.2,1723
2025-04-01 12:15:00+05:30,4853.65,4864.0,4850.3,4853.55,1370
2025-04-01 12:30:00+05:30,4853.55,4869.3,4850.3,4855.1,469
2025-04-01 12:45:00+05:30,4855.1,4864.35,4840.0,4841.05,371
2025-04-01 13:00:00+05:30,4841.05,4845.6,4825.55,4830.0,1036
2025-04-01 13:15:00+05:30,4830.0,4831.5,4815.15,4817.2,1074
2025-04-01 13:30:00+05:30,4817.2,4824.0,4815.0,4815.0,224
2025-04-01 13:45:00+05:30,4815.0,4815.45,4805.85,4806.7,945
2025-04-01 14:00:00+05:30,4806.7,4830.0,4804.55,4825.8,1529
2025-04-01 14:15:00+05:30,4825.8,4862.4,4822.9,4852.05,2190
2025-04-01 14:30:00+05:30,4851.5,4856.6,4849.0,4852.45,914
2025-04-01 14:45:00+05:30,4852.45,4856.7,4847.2,4851.0,2206
2025-04-01 15:00:00+05:30,4851.0,4854.8,4825.9,4830.55,3258
2025-04-01 15:15:00+05:30,4830.55,4844.2,4808.95,4841.9,3181
2025-04-02 09:15:00+05:30,4856.65,4859.0,4788.0,4848.95,5108
2025-04-02 09:30:00+05:30,4848.95,4868.45,4844.0,4848.1,1792
2025-04-02 09:45:00+05:30,4848.1,4848.1,4827.05,4830.0,2758
2025-04-02 10:00:00+05:30,4830.0,4846.4,4822.0,4830.0,1764
2025-04-02 10:15:00+05:30,4830.0,4838.5,4818.1,4818.1,1295
2025-04-02 10:30:00+05:30,4818.1,4847.35,4818.05,4845.6,1646
2025-04-02 10:45:00+05:30,4845.6,4863.9,4845.6,4850.1,1702
2025-04-02 11:00:00+05:30,4850.1,4856.45,4844.1,4847.2,665
2025-04-02 11:15:00+05:30,4847.2,4849.05,4840.95,4843.05,815
2025-04-02 11:30:00+05:30,4843.05,4849.95,4835.0,4837.35,2303
2025-04-02 11:45:00+05:30,4837.35,4841.6,4835.0,4837.5,1202
2025-04-02 12:00:00+05:30,4837.5,4851.2,4834.2,4837.7,14049
2025-04-02 12:15:00+05:30,4837.7,4842.7,4835.6,4838.25,3511
2025-04-02 12:30:00+05:30,4838.25,4843.65,4835.5,4836.35,2466
2025-04-02 12:45:00+05:30,4836.35,4839.85,4821.55,4838.95,5714
2025-04-02 13:00:00+05:30,4838.95,4843.4,4835.1,4836.5,1555
2025-04-02 13:15:00+05:30,4838.0,4841.85,4835.1,4835.1,2689
2025-04-02 13:30:00+05:30,4835.1,4840.0,4835.0,4836.1,1540
2025-04-02 13:45:00+05:30,4836.1,4841.85,4832.3,4838.0,3208
2025-04-02 14:00:00+05:30,4838.0,4849.35,4836.6,4838.7,3524
2025-04-02 14:15:00+05:30,4840.0,4877.95,4836.3,4871.9,5038
2025-04-02 14:30:00+05:30,4869.8,4873.1,4860.0,4862.45,1264
2025-04-02 14:45:00+05:30,4862.45,4868.3,4856.25,4858.95,1823
2025-04-02 15:00:00+05:30,4858.95,4894.35,4858.45,4885.0,3854
2025-04-02 15:15:00+05:30,4883.1,4906.25,4883.1,4903.0,4435
2025-04-03 09:15:00+05:30,4929.95,5012.95,4927.6,4999.75,26758
2025-04-03 09:30:00+05:30,4999.95,5000.0,4985.35,4990.35,12582
2025-04-03 09:45:00+05:30,4990.35,4996.05,4973.1,4987.45,16683
2025-04-03 10:00:00+05:30,4987.45,4996.0,4947.75,4965.5,23701
2025-04-03 10:15:00+05:30,4965.5,4990.0,4956.6,4960.0,12386
2025-04-03 10:30:00+05:30,4960.0,4961.0,4931.2,4950.15,5986
2025-04-03 10:45:00+05:30,4950.15,4953.2,4934.95,4943.25,3652
2025-04-03 11:00:00+05:30,4943.25,4946.4,4929.85,4929.85,2695
2025-04-03 11:15:00+05:30,4929.85,4942.95,4920.0,4940.35,2911
2025-04-03 11:30:00+05:30,4940.35,4941.5,4931.0,4937.7,904
2025-04-03 11:45:00+05:30,4937.7,4939.55,4925.0,4925.95,915
2025-04-03 12:00:00+05:30,4926.7,4930.0,4920.35,4926.0,1183
2025-04-03 12:15:00+05:30,4926.0,4928.9,4911.9,4922.65,3064
2025-04-03 12:30:00+05:30,4922.65,4930.0,4920.0,4920.0,3218
2025-04-03 12:45:00+05:30,4920.0,4956.0,4920.0,4927.4,6199
2025-04-03 13:00:00+05:30,4927.4,4930.0,4923.4,4924.15,594
2025-04-03 13:15:00+05:30,4924.15,4936.8,4922.1,4930.0,1951
2025-04-03 13:30:00+05:30,4930.0,4934.7,4926.25,4931.5,1276
2025-04-03 13:45:00+05:30,4931.5,4934.05,4925.05,4926.05,1163
2025-04-03 14:00:00+05:30,4926.05,4934.65,4924.1,4926.05,2680
2025-04-03 14:15:00+05:30,4926.65,4928.25,4919.0,4924.05,2890
2025-04-03 14:30:00+05:30,4924.05,4930.0,4920.0,4925.45,1884
2025-04-03 14:45:00+05:30,4925.45,4934.7,4924.0,4929.15,2300
2025-04-03 15:00:00+05:30,4929.15,4930.0,4923.1,4929.75,6306
2025-04-03 15:15:00+05:30,4929.75,5000.0,4923.45,4930.0,48248
2025-04-04 09:15:00+05:30,4900.0,4929.25,4850.0,4866.5,6683
2025-04-04 09:30:00+05:30,4866.4,4896.15,4851.0,4855.2,4239
2025-04-04 09:45:00+05:30,4855.2,4863.85,4799.0,4808.25,5876
2025-04-04 10:00:00+05:30,4808.25,4812.0,4766.95,4770.75,8855
2025-04-04 10:15:00+05:30,4770.75,4775.0,4738.55,4760.7,5472
2025-04-04 10:30:00+05:30,4760.7,4822.0,4749.05,4819.9,3486
2025-04-04 10:45:00+05:30,4817.25,4845.0,4817.25,4845.0,2335
2025-04-04 11:00:00+05:30,4845.0,4847.0,4816.55,4826.05,4378
2025-04-04 11:15:00+05:30,4826.05,4826.65,4809.75,4822.75,1278
2025-04-04 11:30:00+05:30,4822.75,4825.0,4814.2,4816.0,452
2025-04-04 11:45:00+05:30,4816.0,4817.0,4785.9,4796.0,1571
2025-04-04 12:00:00+05:30,4796.0,4799.75,4783.1,4798.0,298
2025-04-04 12:15:00+05:30,4798.0,4805.35,4788.0,4788.0,396
2025-04-04 12:30:00+05:30,4788.0,4791.2,4781.3,4787.65,420
2025-04-04 12:45:00+05:30,4787.65,4801.4,4775.0,4801.0,1458
2025-04-04 13:00:00+05:30,4801.0,4808.0,4797.7,4800.0,805
2025-04-04 13:15:00+05:30,4800.0,4801.75,4795.0,4801.2,881
2025-04-04 13:30:00+05:30,4801.2,4809.4,4794.55,4806.95,1958
2025-04-04 13:45:00+05:30,4806.95,4828.5,4797.6,4827.55,3459
2025-04-04 14:00:00+05:30,4827.55,4839.9,4816.55,4832.85,7178
2025-04-04 14:15:00+05:30,4832.85,4836.0,4825.15,4828.0,1102
2025-04-04 14:30:00+05:30,4828.0,4838.6,4823.15,4825.15,4359
2025-04-04 14:45:00+05:30,4825.15,4831.75,4809.0,4816.6,3766
2025-04-04 15:00:00+05:30,4817.35,4830.1,4815.0,4822.5,3554
2025-04-04 15:15:00+05:30,4820.0,4838.5,4815.0,4835.0,9167
2025-04-07 09:15:00+05:30,4623.0,4728.0,4611.85,4712.6,10712
2025-04-07 09:30:00+05:30,4712.6,4733.95,4664.05,4664.6,11781
2025-04-07 09:45:00+05:30,4664.6,4699.9,4662.45,4676.9,5804
2025-04-07 10:00:00+05:30,4676.9,4691.35,4650.05,4661.85,2202
2025-04-07 10:15:00+05:30,4661.85,4672.0,4651.45,4670.0,1537
2025-04-07 10:30:00+05:30,4670.0,4684.4,4662.0,4684.25,1597
2025-04-07 10:45:00+05:30,4684.25,4720.3,4681.1,4687.95,2985
2025-04-07 11:00:00+05:30,4687.95,4699.15,4682.0,4689.35,1616
2025-04-07 11:15:00+05:30,4689.35,4699.5,4680.0,4688.0,13549
2025-04-07 11:30:00+05:30,4688.0,4699.0,4675.0,4675.1,1623
2025-04-07 11:45:00+05:30,4675.1,4685.4,4671.95,4676.7,1003
2025-04-07 12:00:00+05:30,4676.7,4686.8,4663.5,4663.5,1834
2025-04-07 12:15:00+05:30,4664.0,4687.45,4660.9,4684.15,1847
2025-04-07 12:30:00+05:30,4684.15,4689.0,4675.0,4686.55,7716
2025-04-07 12:45:00+05:30,4686.55,4687.5,4675.65,4685.05,1741
2025-04-07 13:00:00+05:30,4685.05,4704.95,4682.95,4695.25,2530
2025-04-07 13:15:00+05:30,4694.45,4707.7,4688.0,4703.8,11409
2025-04-07 13:30:00+05:30,4703.8,4705.2,4692.9,4696.45,1943
2025-04-07 13:45:00+05:30,4696.45,4702.55,4690.55,4693.4,2729
2025-04-07 14:00:00+05:30,4693.4,4695.0,4687.35,4690.65,966
2025-04-07 14:15:00+05:30,4690.65,4693.85,4687.65,4693.5,921
2025-04-07 14:30:00+05:30,4693.5,4701.4,4687.65,4690.85,4431
2025-04-07 14:45:00+05:30,4690.85,4696.0,4685.15,4690.0,2720
2025-04-07 15:00:00+05:30,4690.05,4713.85,4690.05,4703.45,8404
2025-04-07 15:15:00+05:30,4702.95,4716.15,4690.0,4706.9,37761
2025-04-08 09:15:00+05:30,4799.45,4799.95,4707.0,4749.0,4680
2025-04-08 09:30:00+05:30,4749.0,4750.55,4719.95,4720.7,2548
2025-04-08 09:45:00+05:30,4724.7,4726.25,4710.7,4713.8,1932
2025-04-08 10:00:00+05:30,4711.7,4722.8,4710.0,4719.95,1668
2025-04-08 10:15:00+05:30,4719.95,4746.5,4717.55,4739.6,2385
2025-04-08 10:30:00+05:30,4739.6,4739.6,4700.65,4708.65,1816
2025-04-08 10:45:00+05:30,4708.65,4755.95,4708.6,4755.95,2648
2025-04-08 11:00:00+05:30,4755.95,4794.7,4752.9,4778.55,1909
2025-04-08 11:15:00+05:30,4778.55,4787.25,4765.65,4781.85,1072
2025-04-08 11:30:00+05:30,4781.85,4822.15,4778.35,4818.8,7649
2025-04-08 11:45:00+05:30,4818.8,4824.65,4791.75,4812.65,2728
2025-04-08 12:00:00+05:30,4812.65,4819.15,4808.35,4817.7,1799
2025-04-08 12:15:00+05:30,4817.7,4837.25,4816.7,4834.5,2732
2025-04-08 12:30:00+05:30,4834.5,4849.8,4820.0,4840.25,2710
2025-04-08 12:45:00+05:30,4840.25,4842.0,4828.1,4828.35,2211
2025-04-08 13:00:00+05:30,4828.3,4848.0,4828.3,4838.55,2240
2025-04-08 13:15:00+05:30,4838.55,4838.55,4816.35,4821.65,2109
2025-04-08 13:30:00+05:30,4821.65,4824.45,4807.1,4815.85,1522
2025-04-08 13:45:00+05:30,4817.4,4822.35,4800.0,4805.55,2611
2025-04-08 14:00:00+05:30,4805.55,4821.5,4800.0,4820.35,1560
2025-04-08 14:15:00+05:30,4820.35,4842.75,4817.7,4842.55,2427
2025-04-08 14:30:00+05:30,4842.55,4843.35,4828.2,4834.4,1880
2025-04-08 14:45:00+05:30,4834.4,4837.25,4824.7,4830.0,2564
2025-04-08 15:00:00+05:30,4830.0,4842.55,4820.85,4835.4,10645
2025-04-08 15:15:00+05:30,4835.4,4876.75,4830.7,4837.15,11216
2025-04-09 09:15:00+05:30,4772.15,4833.35,4755.1,4804.05,9578
2025-04-09 09:30:00+05:30,4801.3,4828.45,4801.3,4818.65,1422
2025-04-09 09:45:00+05:30,4818.65,4821.3,4800.9,4807.65,2883
2025-04-09 10:00:00+05:30,4807.65,4826.25,4801.0,4823.65,7891
2025-04-09 10:15:00+05:30,4823.65,4826.25,4808.5,4816.1,977
2025-04-09 10:30:00+05:30,4816.1,4837.0,4810.3,4819.1,2321
2025-04-09 10:45:00+05:30,4819.1,4839.5,4815.0,4824.0,2365
2025-04-09 11:00:00+05:30,4824.0,4824.0,4815.0,4820.2,1012
2025-04-09 11:15:00+05:30,4820.2,4834.35,4819.2,4828.25,808
2025-04-09 11:30:00+05:30,4828.25,4852.45,4827.0,4843.4,1342
2025-04-09 11:45:00+05:30,4843.4,4846.6,4825.8,4834.25,1113
2025-04-09 12:00:00+05:30,4834.25,4852.5,4828.15,4840.0,1465
2025-04-09 12:15:00+05:30,4840.0,4843.95,4832.05,4832.5,1468
2025-04-09 12:30:00+05:30,4834.45,4842.1,4828.85,4840.0,1386
2025-04-09 12:45:00+05:30,4840.0,4849.35,4835.05,4848.5,1546
2025-04-09 13:00:00+05:30,4848.5,4849.5,4840.6,4843.45,604
2025-04-09 13:15:00+05:30,4843.9,4843.95,4834.5,4834.8,658
2025-04-09 13:30:00+05:30,4834.8,4842.9,4829.75,4833.5,1282
2025-04-09 13:45:00+05:30,4833.5,4836.7,4825.0,4836.7,964
2025-04-09 14:00:00+05:30,4836.7,4839.3,4825.0,4825.9,933
2025-04-09 14:15:00+05:30,4825.9,4829.7,4825.0,4826.15,867
2025-04-09 14:30:00+05:30,4826.15,4834.4,4824.65,4828.7,3354
2025-04-09 14:45:00+05:30,4831.3,4835.4,4825.0,4835.1,1660
2025-04-09 15:00:00+05:30,4835.1,4844.65,4832.9,4840.1,5106
2025-04-09 15:15:00+05:30,4840.55,4844.95,4830.0,4837.5,16125
2025-04-11 09:15:00+05:30,4900.0,4909.35,4870.05,4886.9,4189
2025-04-11 09:30:00+05:30,4886.9,4908.15,4846.45,4853.35,5370
2025-04-11 09:45:00+05:30,4853.35,4866.1,4840.0,4859.4,5423
2025-04-11 10:00:00+05:30,4859.4,4872.75,4859.0,4863.55,3028
2025-04-11 10:15:00+05:30,4863.55,4879.95,4860.0,4860.55,2137
2025-04-11 10:30:00+05:30,4860.55,4867.3,4860.0,4861.65,668
2025-04-11 10:45:00+05:30,4861.65,4872.1,4858.95,4860.0,770
2025-04-11 11:00:00+05:30,4860.0,4868.6,4859.95,4862.0,495
2025-04-11 11:15:00+05:30,4862.0,4869.5,4850.55,4865.3,1775
2025-04-11 11:30:00+05:30,4863.0,4876.7,4860.0,4865.15,659
2025-04-11 11:45:00+05:30,4864.9,4870.4,4855.75,4870.4,1290
2025-04-11 12:00:00+05:30,4866.75,4883.9,4862.0,4879.05,980
2025-04-11 12:15:00+05:30,4879.25,4882.95,4875.0,4876.95,748
2025-04-11 12:30:00+05:30,4876.2,4882.15,4875.0,4879.6,1109
2025-04-11 12:45:00+05:30,4879.3,4881.35,4876.0,4876.0,509
2025-04-11 13:00:00+05:30,4876.0,4883.55,4875.0,4877.5,529
2025-04-11 13:15:00+05:30,4877.5,4885.0,4877.5,4882.1,777
2025-04-11 13:30:00+05:30,4880.0,4885.45,4880.0,4880.6,968
2025-04-11 13:45:00+05:30,4881.0,4884.9,4878.3,4880.0,1177
2025-04-11 14:00:00+05:30,4880.0,4883.25,4878.8,4880.65,1192
2025-04-11 14:15:00+05:30,4880.0,4884.95,4875.0,4875.0,3053
2025-04-11 14:30:00+05:30,4875.0,4881.55,4875.0,4876.15,763
2025-04-11 14:45:00+05:30,4876.15,4895.4,4875.0,4885.0,1583
2025-04-11 15:00:00+05:30,4887.4,4898.85,4885.0,4891.35,5135
2025-04-11 15:15:00+05:30,4891.35,4891.35,4877.8,4885.0,6364
2025-04-15 09:15:00+05:30,4900.0,4914.7,4866.8,4898.3,14811
2025-04-15 09:30:00+05:30,4898.2,4903.5,4886.8,4892.5,7943
2025-04-15 09:45:00+05:30,4892.5,4899.7,4886.2,4898.9,3702
2025-04-15 10:00:00+05:30,4898.9,4912.3,4893.6,4912.2,3352
2025-04-15 10:15:00+05:30,4912.6,4926.5,4901.2,4904.7,3586
2025-04-15 10:30:00+05:30,4902.8,4905.0,4854.8,4865.2,2789
2025-04-15 10:45:00+05:30,4865.2,4874.3,4858.0,4862.0,4352
2025-04-15 11:00:00+05:30,4862.0,4867.6,4852.0,4853.4,1995
2025-04-15 11:15:00+05:30,4853.4,4878.3,4853.2,4878.3,4767
2025-04-15 11:30:00+05:30,4878.3,4878.3,4862.9,4869.1,1450
2025-04-15 11:45:00+05:30,4869.1,4873.4,4862.7,4862.7,880
2025-04-15 12:00:00+05:30,4862.7,4887.8,4862.7,4878.0,2160
2025-04-15 12:15:00+05:30,4875.0,4879.4,4873.0,4874.0,1006
2025-04-15 12:30:00+05:30,4874.0,4887.9,4870.3,4876.8,1661
2025-04-15 12:45:00+05:30,4876.8,4881.3,4875.0,4875.0,940
2025-04-15 13:00:00+05:30,4875.0,4878.0,4870.8,4876.7,2186
2025-04-15 13:15:00+05:30,4876.7,4885.3,4875.0,4883.2,1179
2025-04-15 13:30:00+05:30,4883.2,4883.2,4875.0,4881.4,371
2025-04-15 13:45:00+05:30,4881.4,4885.0,4877.8,4880.4,902
2025-04-15 14:00:00+05:30,4880.4,4894.8,4880.2,4893.6,1440
2025-04-15 14:15:00+05:30,4893.4,4902.1,4893.4,4899.8,4082
2025-04-15 14:30:00+05:30,4899.8,4902.5,4893.1,4897.0,3297
2025-04-15 14:45:00+05:30,4897.0,4900.0,4893.1,4899.1,2122
2025-04-15 15:00:00+05:30,4899.1,4926.3,4898.3,4926.3,15061
2025-04-15 15:15:00+05:30,4924.1,4950.0,4924.1,4948.3,11260
2025-04-16 09:15:00+05:30,4949.9,4963.9,4924.9,4950.1,2698
2025-04-16 09:30:00+05:30,4952.7,4953.6,4940.0,4944.7,1343
2025-04-16 09:45:00+05:30,4944.7,4957.9,4944.7,4948.8,2224
2025-04-16 10:00:00+05:30,4948.8,4949.4,4935.4,4936.0,612
2025-04-16 10:15:00+05:30,4936.0,4936.8,4917.1,4925.5,995
2025-04-16 10:30:00+05:30,4926.1,4931.1,4913.6,4921.5,695
2025-04-16 10:45:00+05:30,4921.5,4949.5,4920.0,4943.0,941
2025-04-16 11:00:00+05:30,4943.0,4957.7,4940.0,4953.4,2037
2025-04-16 11:15:00+05:30,4953.4,4969.8,4949.9,4957.7,1873
2025-04-16 11:30:00+05:30,4957.7,4961.7,4949.9,4955.1,1541
2025-04-16 11:45:00+05:30,4956.0,4956.4,4950.8,4956.4,690
2025-04-16 12:00:00+05:30,4956.4,4960.0,4949.9,4960.0,1251
2025-04-16 12:15:00+05:30,4960.0,4985.4,4953.5,4964.9,4411
2025-04-16 12:30:00+05:30,4964.9,4968.0,4960.0,4961.1,1061
2025-04-16 12:45:00+05:30,4961.1,4968.4,4953.9,4961.1,4178
2025-04-16 13:00:00+05:30,4961.1,4973.5,4959.3,4960.4,3817
2025-04-16 13:15:00+05:30,4960.6,4964.5,4949.0,4953.3,4180
2025-04-16 13:30:00+05:30,4953.3,4964.4,4951.0,4960.0,3017
2025-04-16 13:45:00+05:30,4960.0,4963.9,4956.9,4963.7,3131
2025-04-16 14:00:00+05:30,4963.7,4965.0,4959.9,4960.0,1664
2025-04-16 14:15:00+05:30,4960.2,4964.0,4960.0,4960.0,1734
2025-04-16 14:30:00+05:30,4960.0,4963.4,4950.6,4953.7,3214
2025-04-16 14:45:00+05:30,4953.3,4958.2,4950.0,4955.7,882
2025-04-16 15:00:00+05:30,4955.7,4969.7,4951.6,4959.7,10857
2025-04-16 15:15:00+05:30,4955.4,4960.0,4949.9,4950.0,4836
2025-04-17 09:15:00+05:30,4979.0,4989.5,4954.8,4961.1,2284
2025-04-17 09:30:00+05:30,4961.1,4969.6,4940.0,4945.8,956
2025-04-17 09:45:00+05:30,4945.8,4946.4,4925.1,4929.2,557
2025-04-17 10:00:00+05:30,4929.2,4935.4,4913.5,4929.9,951
2025-04-17 10:15:00+05:30,4930.5,4944.9,4926.0,4931.4,715
2025-04-17 10:30:00+05:30,4933.0,4939.0,4905.9,4930.3,1067
2025-04-17 10:45:00+05:30,4930.3,4932.4,4916.3,4922.2,281
2025-04-17 11:00:00+05:30,4922.2,4927.2,4914.0,4918.8,488
2025-04-17 11:15:00+05:30,4918.8,4919.2,4902.0,4912.8,1218
2025-04-17 11:30:00+05:30,4912.8,4913.4,4902.3,4909.8,989
2025-04-17 11:45:00+05:30,4910.0,4910.9,4900.1,4903.0,788
2025-04-17 12:00:00+05:30,4903.0,4905.1,4881.1,4897.9,2278
2025-04-17 12:15:00+05:30,4897.9,4900.0,4882.2,4897.8,1485
2025-04-17 12:30:00+05:30,4897.8,4906.6,4893.1,4905.0,911
2025-04-17 12:45:00+05:30,4905.0,4923.3,4903.0,4914.6,2214
2025-04-17 13:00:00+05:30,4914.6,4929.8,4914.0,4925.5,2071
2025-04-17 13:15:00+05:30,4925.5,4930.0,4925.0,4927.5,833
2025-04-17 13:30:00+05:30,4927.9,4937.9,4924.1,4934.6,1186
2025-04-17 13:45:00+05:30,4934.6,4953.2,4930.0,4947.3,1708
2025-04-17 14:00:00+05:30,4951.0,4954.5,4946.4,4949.6,837
2025-04-17 14:15:00+05:30,4949.9,4953.0,4946.6,4950.0,2220
2025-04-17 14:30:00+05:30,4950.0,4954.3,4947.0,4950.1,1876
2025-04-17 14:45:00+05:30,4950.1,4955.0,4947.2,4950.0,3949
2025-04-17 15:00:00+05:30,4950.0,4954.9,4946.8,4954.7,7036
2025-04-17 15:15:00+05:30,4954.7,4962.0,4940.0,4948.0,6865
2025-04-21 09:15:00+05:30,4960.0,4960.0,4921.0,4946.1,3485
2025-04-21 09:30:00+05:30,4946.1,4973.6,4945.0,4959.3,2952
2025-04-21 09:45:00+05:30,4959.3,4961.2,4949.3,4953.7,1873
2025-04-21 10:00:00+05:30,4959.9,4968.4,4951.0,4953.0,4139
2025-04-21 10:15:00+05:30,4953.0,4979.7,4951.2,4972.4,14040
2025-04-21 10:30:00+05:30,4972.4,4981.4,4960.7,4962.4,7589
2025-04-21 10:45:00+05:30,4962.4,4976.9,4958.0,4965.0,1969
2025-04-21 11:00:00+05:30,4965.0,4970.5,4960.0,4961.2,1242
2025-04-21 11:15:00+05:30,4961.2,4968.4,4960.0,4966.8,1079
2025-04-21 11:30:00+05:30,4966.8,4967.8,4957.5,4958.2,1373
2025-04-21 11:45:00+05:30,4960.0,4966.7,4957.5,4960.0,935
2025-04-21 12:00:00+05:30,4960.0,4969.8,4955.0,4960.6,9478
2025-04-21 12:15:00+05:30,4960.1,4968.0,4956.2,4965.1,1773
2025-04-21 12:30:00+05:30,4961.7,4968.0,4960.0,4964.5,2204
2025-04-21 12:45:00+05:30,4964.5,4974.3,4964.5,4966.7,2092
2025-04-21 13:00:00+05:30,4966.5,4972.0,4965.4,4967.0,1886
2025-04-21 13:15:00+05:30,4967.0,4970.7,4962.6,4967.6,1151
2025-04-21 13:30:00+05:30,4967.6,4970.0,4961.0,4961.8,1148
2025-04-21 13:45:00+05:30,4961.8,4970.0,4961.0,4968.7,1429
2025-04-21 14:00:00+05:30,4968.7,4977.2,4965.0,4973.5,5180
2025-04-21 14:15:00+05:30,4976.8,4985.9,4970.3,4976.8,6390
2025-04-21 14:30:00+05:30,4978.1,4999.0,4965.2,4997.1,9377
2025-04-21 14:45:00+05:30,4997.1,5004.0,4995.0,4998.3,4329
2025-04-21 15:00:00+05:30,4996.1,5004.0,4994.6,5002.4,5720
2025-04-21 15:15:00+05:30,5002.4,5008.0,4998.0,5003.9,5051
2025-04-22 09:15:00+05:30,5010.0,5038.6,5000.0,5030.8,8014
2025-04-22 09:30:00+05:30,5029.8,5075.0,5028.3,5052.0,5147
2025-04-22 09:45:00+05:30,5051.0,5052.1,5020.2,5027.1,3642
2025-04-22 10:00:00+05:30,5030.7,5038.9,5026.1,5028.7,1865
2025-04-22 10:15:00+05:30,5028.7,5029.8,5016.9,5026.1,1006
2025-04-22 10:30:00+05:30,5028.7,5028.7,5017.0,5020.4,838
2025-04-22 10:45:00+05:30,5020.4,5029.2,5016.1,5018.0,450
2025-04-22 11:00:00+05:30,5021.6,5022.1,5010.0,5013.9,548
2025-04-22 11:15:00+05:30,5013.9,5015.4,5002.0,5003.1,1026
2025-04-22 11:30:00+05:30,5003.1,5004.9,4988.7,5002.0,2995
2025-04-22 11:45:00+05:30,5002.0,5017.2,5001.6,5006.2,1267
2025-04-22 12:00:00+05:30,5006.2,5008.3,5000.1,5001.0,424
2025-04-22 12:15:00+05:30,5001.0,5040.0,4992.6,5040.0,2009
2025-04-22 12:30:00+05:30,5040.0,5043.0,5017.5,5019.7,940
2025-04-22 12:45:00+05:30,5019.7,5039.9,5016.1,5025.0,740
2025-04-22 13:00:00+05:30,5025.0,5026.7,5010.9,5010.9,343
2025-04-22 13:15:00+05:30,5010.9,5019.9,5007.5,5011.2,415
2025-04-22 13:30:00+05:30,5011.2,5014.4,5001.3,5006.2,524
2025-04-22 13:45:00+05:30,5006.2,5023.0,4998.7,5016.9,1170
2025-04-22 14:00:00+05:30,5016.9,5022.9,5013.9,5016.8,455
2025-04-22 14:15:00+05:30,5016.8,5038.1,5014.1,5025.8,1682
2025-04-22 14:30:00+05:30,5025.8,5029.7,5015.8,5015.8,1122
2025-04-22 14:45:00+05:30,5015.8,5016.9,5006.0,5007.3,1054
2025-04-22 15:00:00+05:30,5007.3,5022.7,5005.5,5008.7,2029
2025-04-22 15:15:00+05:30,5008.7,5035.0,5007.3,5017.1,3398
2025-04-23 09:15:00+05:30,5064.9,5100.0,5020.0,5083.4,6415
2025-04-23 09:30:00+05:30,5083.4,5096.8,5068.8,5080.4,3104
2025-04-23 09:45:00+05:30,5080.4,5109.2,5078.0,5093.0,3765
2025-04-23 10:00:00+05:30,5093.0,5109.0,5089.9,5094.3,2340
2025-04-23 10:15:00+05:30,5094.3,5142.5,5091.9,5140.4,4827
2025-04-23 10:30:00+05:30,5140.4,5150.0,5110.1,5115.0,5399
2025-04-23 10:45:00+05:30,5115.0,5125.0,5088.9,5099.6,4331
2025-04-23 11:00:00+05:30,5098.2,5123.8,5093.6,5123.3,4597
2025-04-23 11:15:00+05:30,5123.3,5140.0,5119.0,5121.4,3009
2025-04-23 11:30:00+05:30,5121.4,5139.9,5117.9,5138.0,7290
2025-04-23 11:45:00+05:30,5138.0,5146.0,5120.1,5124.7,3561
2025-04-23 12:00:00+05:30,5124.7,5172.1,5124.7,5165.0,11035
2025-04-23 12:15:00+05:30,5165.0,5198.6,5162.2,5184.5,14129
2025-04-23 12:30:00+05:30,5184.5,5192.0,5180.0,5182.5,6798
2025-04-23 12:45:00+05:30,5182.5,5221.9,5180.0,5208.3,16144
2025-04-23 13:00:00+05:30,5208.3,5209.9,5190.1,5202.8,8661
2025-04-23 13:15:00+05:30,5199.9,5206.9,5187.8,5200.1,6970
2025-04-23 13:30:00+05:30,5200.1,5200.1,5186.0,5190.0,3291
2025-04-23 13:45:00+05:30,5190.0,5209.4,5187.2,5208.0,3125
2025-04-23 14:00:00+05:30,5208.0,5209.9,5190.1,5191.1,4178
2025-04-23 14:15:00+05:30,5192.0,5213.9,5191.1,5206.4,4274
2025-04-23 14:30:00+05:30,5208.7,5212.7,5200.0,5211.9,3878
2025-04-23 14:45:00+05:30,5211.9,5215.9,5194.6,5196.1,3626
2025-04-23 15:00:00+05:30,5198.3,5238.0,5196.5,5233.2,12536
2025-04-23 15:15:00+05:30,5233.2,5250.5,5230.8,5249.9,15078
2025-04-24 09:15:00+05:30,5268.0,5299.0,5218.3,5248.5,19905
2025-04-24 09:30:00+05:30,5248.5,5258.0,5222.0,5229.2,5519
2025-04-24 09:45:00+05:30,5229.2,5229.2,5200.0,5201.5,6024
2025-04-24 10:00:00+05:30,5201.0,5233.8,5191.5,5233.8,5497
2025-04-24 10:15:00+05:30,5233.8,5255.0,5233.8,5247.4,6244
2025-04-24 10:30:00+05:30,5247.4,5260.0,5221.1,5226.0,4200
2025-04-24 10:45:00+05:30,5226.0,5237.4,5203.0,5209.5,3026
2025-04-24 11:00:00+05:30,5209.5,5218.0,5188.7,5196.0,3213
2025-04-24 11:15:00+05:30,5196.0,5196.0,5183.4,5195.2,2233
2025-04-24 11:30:00+05:30,5195.2,5200.0,5191.0,5197.0,2540
2025-04-24 11:45:00+05:30,5197.0,5200.4,5193.5,5195.9,1116
2025-04-24 12:00:00+05:30,5195.9,5200.0,5193.9,5195.0,1083
2025-04-24 12:15:00+05:30,5195.0,5200.0,5190.0,5199.8,1834
2025-04-24 12:30:00+05:30,5199.8,5200.0,5193.1,5195.2,3101
2025-04-24 12:45:00+05:30,5195.2,5196.0,5173.7,5178.6,1785
2025-04-24 13:00:00+05:30,5178.6,5192.0,5175.8,5191.7,904
2025-04-24 13:15:00+05:30,5191.7,5196.0,5188.8,5195.3,993
2025-04-24 13:30:00+05:30,5195.3,5196.0,5188.0,5195.0,973
2025-04-24 13:45:00+05:30,5195.0,5196.0,5175.0,5177.9,2597
2025-04-24 14:00:00+05:30,5177.9,5185.0,5175.5,5178.2,2632
2025-04-24 14:15:00+05:30,5178.2,5180.0,5175.0,5178.0,1235
2025-04-24 14:30:00+05:30,5178.0,5180.0,5165.5,5176.4,3318
2025-04-24 14:45:00+05:30,5176.4,5180.0,5171.0,5176.6,4291
2025-04-24 15:00:00+05:30,5180.0,5203.7,5179.8,5195.9,28479
2025-04-24 15:15:00+05:30,5195.9,5255.9,5178.0,5188.0,25165
2025-04-25 09:15:00+05:30,5238.0,5238.0,5145.0,5148.5,6697
2025-04-25 09:30:00+05:30,5149.1,5149.1,5095.9,5099.7,6528
2025-04-25 09:45:00+05:30,5099.1,5108.0,5063.0,5063.0,4397
2025-04-25 10:00:00+05:30,5063.6,5079.0,5045.1,5075.0,2856
2025-04-25 10:15:00+05:30,5075.0,5092.6,5020.1,5022.0,3304
2025-04-25 10:30:00+05:30,5020.0,5044.0,5002.5,5044.0,3810
2025-04-25 10:45:00+05:30,5044.0,5046.9,5016.5,5031.1,1166
2025-04-25 11:00:00+05:30,5031.1,5031.1,5000.0,5017.8,1554
2025-04-25 11:15:00+05:30,5017.8,5017.8,4990.0,5003.0,1440
2025-04-25 11:30:00+05:30,5003.0,5017.0,4993.9,5011.0,689
2025-04-25 11:45:00+05:30,5011.0,5011.0,4990.3,5000.0,671
2025-04-25 12:00:00+05:30,5000.0,5035.2,4996.0,5029.5,2965
2025-04-25 12:15:00+05:30,5029.5,5043.4,5023.4,5030.6,1423
2025-04-25 12:30:00+05:30,5032.4,5039.5,5022.7,5035.1,4688
2025-04-25 12:45:00+05:30,5035.0,5060.9,5035.0,5059.1,2102
2025-04-25 13:00:00+05:30,5059.1,5062.4,5041.2,5041.2,1337
2025-04-25 13:15:00+05:30,5041.2,5045.5,5040.0,5041.0,1262
2025-04-25 13:30:00+05:30,5041.3,5054.0,5040.0,5040.4,823
2025-04-25 13:45:00+05:30,5040.6,5050.0,5040.0,5046.9,1192
2025-04-25 14:00:00+05:30,5046.9,5049.8,5012.5,5016.1,2228
2025-04-25 14:15:00+05:30,5016.1,5034.9,5016.0,5030.0,1431
2025-04-25 14:30:00+05:30,5030.0,5036.5,5018.6,5034.6,2766
2025-04-25 14:45:00+05:30,5034.6,5037.9,5025.0,5028.7,1321
2025-04-25 15:00:00+05:30,5028.7,5041.4,5013.0,5032.2,10074
2025-04-25 15:15:00+05:30,5031.7,5059.0,5028.1,5059.0,11270
2025-04-28 09:15:00+05:30,4999.0,5062.0,4995.0,5046.4,3583
2025-04-28 09:30:00+05:30,5051.0,5064.1,5045.0,5052.2,1253
2025-04-28 09:45:00+05:30,5052.2,5083.3,5052.2,5079.9,2523
2025-04-28 10:00:00+05:30,5079.9,5088.0,5070.0,5072.7,3053
2025-04-28 10:15:00+05:30,5072.7,5073.0,5035.1,5038.9,2463
2025-04-28 10:30:00+05:30,5038.9,5054.0,5038.9,5045.8,684
2025-04-28 10:45:00+05:30,5045.8,5052.6,5033.4,5043.6,1994
2025-04-28 11:00:00+05:30,5043.6,5056.0,5041.0,5052.0,743
2025-04-28 11:15:00+05:30,5052.0,5079.0,5052.0,5073.6,2145
2025-04-28 11:30:00+05:30,5073.0,5075.0,5062.5,5062.5,1656
2025-04-28 11:45:00+05:30,5062.5,5071.3,5043.0,5043.0,1087
2025-04-28 12:00:00+05:30,5043.0,5046.2,5037.0,5040.0,668
2025-04-28 12:15:00+05:30,5040.0,5065.8,5037.4,5051.6,3768
2025-04-28 12:30:00+05:30,5051.6,5056.4,5041.4,5049.5,1567
2025-04-28 12:45:00+05:30,5049.5,5050.5,5035.6,5046.5,2031
2025-04-28 13:00:00+05:30,5046.5,5048.0,5029.5,5036.3,2020
2025-04-28 13:15:00+05:30,5036.3,5039.7,5020.0,5026.6,983
2025-04-28 13:30:00+05:30,5026.6,5038.1,5023.5,5034.1,460
2025-04-28 13:45:00+05:30,5034.1,5036.6,5024.5,5027.1,784
2025-04-28 14:00:00+05:30,5027.1,5037.0,5022.8,5035.0,1087
2025-04-28 14:15:00+05:30,5035.0,5035.7,5020.0,5020.1,1428
2025-04-28 14:30:00+05:30,5020.1,5033.2,5020.0,5023.0,1688
2025-04-28 14:45:00+05:30,5020.1,5031.0,5017.8,5021.1,2466
2025-04-28 15:00:00+05:30,5021.1,5031.1,5015.1,5025.2,5650
2025-04-28 15:15:00+05:30,5025.1,5045.0,5022.2,5028.1,5603
2025-04-29 09:15:00+05:30,5028.1,5047.3,5000.1,5000.1,2936
2025-04-29 09:30:00+05:30,5000.1,5007.5,4971.6,4976.7,3358
2025-04-29 09:45:00+05:30,4976.7,4995.1,4960.7,4995.0,3596
2025-04-29 10:00:00+05:30,4994.0,5002.5,4976.9,4980.5,2726
2025-04-29 10:15:00+05:30,4980.5,4987.5,4975.1,4980.6,2500
2025-04-29 10:30:00+05:30,4980.6,4997.5,4980.0,4996.5,2099
2025-04-29 10:45:00+05:30,4996.5,5011.0,4992.0,5000.0,1306
2025-04-29 11:00:00+05:30,5000.0,5016.0,5000.0,5006.2,969
2025-04-29 11:15:00+05:30,5006.2,5008.9,5000.0,5002.3,852
2025-04-29 11:30:00+05:30,5002.3,5006.4,5000.0,5000.0,763
2025-04-29 11:45:00+05:30,5000.7,5004.9,4999.3,5001.8,1586
2025-04-29 12:00:00+05:30,5001.8,5007.5,4999.5,5002.8,568
2025-04-29 12:15:00+05:30,5002.8,5007.4,4999.5,5000.8,622
2025-04-29 12:30:00+05:30,5000.8,5005.0,4999.6,5001.3,401
2025-04-29 12:45:00+05:30,5001.3,5005.3,4999.6,5002.1,822
2025-04-29 13:00:00+05:30,5001.8,5005.0,4999.5,5000.0,406
2025-04-29 13:15:00+05:30,5000.0,5018.1,4999.7,5013.0,1132
2025-04-29 13:30:00+05:30,5011.7,5019.0,5003.6,5006.2,1019
2025-04-29 13:45:00+05:30,5006.2,5014.6,5000.6,5001.9,663
2025-04-29 14:00:00+05:30,5001.9,5030.0,4999.5,5023.5,4428
2025-04-29 14:15:00+05:30,5023.5,5027.2,5014.8,5016.1,3005
2025-04-29 14:30:00+05:30,5016.1,5027.2,5014.7,5019.6,3434
2025-04-29 14:45:00+05:30,5019.6,5030.0,5019.6,5021.8,1300
2025-04-29 15:00:00+05:30,5023.4,5044.0,5022.4,5035.9,7219
2025-04-29 15:15:00+05:30,5034.8,5036.0,5019.5,5030.2,5321
2025-04-30 09:15:00+05:30,5041.0,5107.5,5041.0,5099.0,6950
2025-04-30 09:30:00+05:30,5098.9,5127.9,5098.9,5108.5,8868
2025-04-30 09:45:00+05:30,5108.5,5125.9,5105.8,5108.8,3664
2025-04-30 10:00:00+05:30,5108.8,5120.9,5108.1,5114.5,1690
2025-04-30 10:15:00+05:30,5114.5,5165.9,5113.6,5160.4,10602
2025-04-30 10:30:00+05:30,5160.4,5165.0,5142.5,5151.0,7775
2025-04-30 10:45:00+05:30,5151.1,5158.4,5132.0,5135.3,6929
2025-04-30 11:00:00+05:30,5135.3,5139.2,5125.9,5131.4,2260
2025-04-30 11:15:00+05:30,5131.4,5147.9,5113.6,5113.6,3004
2025-04-30 11:30:00+05:30,5113.6,5115.0,5100.1,5109.7,3215
2025-04-30 11:45:00+05:30,5109.7,5113.3,5102.3,5111.1,660
2025-04-30 12:00:00+05:30,5111.1,5119.7,5106.6,5116.2,1124
2025-04-30 12:15:00+05:30,5116.2,5116.2,5103.3,5103.6,972
2025-04-30 12:30:00+05:30,5103.6,5104.7,5090.3,5096.7,2335
2025-04-30 12:45:00+05:30,5096.7,5119.4,5091.5,5116.2,2511
2025-04-30 13:00:00+05:30,5116.2,5116.2,5105.5,5111.9,1275
2025-04-30 13:15:00+05:30,5111.9,5111.9,5101.7,5107.4,1174
2025-04-30 13:30:00+05:30,5107.4,5123.9,5107.4,5122.0,2037
2025-04-30 13:45:00+05:30,5122.0,5122.0,5112.4,5115.9,1221
2025-04-30 14:00:00+05:30,5115.9,5115.9,5098.8,5103.3,1253
2025-04-30 14:15:00+05:30,5103.3,5104.4,5091.0,5104.4,1831
2025-04-30 14:30:00+05:30,5105.0,5112.5,5096.2,5109.0,2222
2025-04-30 14:45:00+05:30,5109.0,5115.0,5102.8,5109.0,2771
2025-04-30 15:00:00+05:30,5108.6,5130.0,5108.6,5125.0,17430
2025-04-30 15:15:00+05:30,5125.0,5130.0,5075.0,5075.0,20766
2025-05-02 09:15:00+05:30,5120.0,5139.5,5053.0,5068.0,4081
2025-05-02 09:30:00+05:30,5068.5,5096.0,5058.5,5085.0,2194
2025-05-02 09:45:00+05:30,5085.0,5111.5,5081.0,5106.0,1317
2025-05-02 10:00:00+05:30,5107.5,5118.0,5095.0,5098.0,1240
2025-05-02 10:15:00+05:30,5098.0,5114.0,5090.0,5110.5,1280
2025-05-02 10:30:00+05:30,5110.5,5127.5,5100.0,5123.5,1730
2025-05-02 10:45:00+05:30,5123.5,5125.5,5099.0,5110.0,1875
2025-05-02 11:00:00+05:30,5110.0,5116.0,5101.0,5101.5,1610
2025-05-02 11:15:00+05:30,5101.5,5107.0,5076.5,5103.0,2059
2025-05-02 11:30:00+05:30,5102.5,5102.5,5061.0,5061.0,2244
2025-05-02 11:45:00+05:30,5061.0,5085.0,5060.0,5079.0,1666
2025-05-02 12:00:00+05:30,5079.0,5079.0,5065.0,5073.5,893
2025-05-02 12:15:00+05:30,5070.0,5070.0,5054.0,5055.0,1044
2025-05-02 12:30:00+05:30,5055.0,5071.5,5055.0,5064.0,1142
2025-05-02 12:45:00+05:30,5064.0,5084.0,5064.0,5072.0,798
2025-05-02 13:00:00+05:30,5072.0,5078.5,5056.5,5060.5,1019
2025-05-02 13:15:00+05:30,5060.5,5079.5,5060.5,5072.0,1247
2025-05-02 13:30:00+05:30,5070.5,5081.5,5065.0,5066.0,797
2025-05-02 13:45:00+05:30,5066.0,5096.5,5061.5,5081.0,2090
2025-05-02 14:00:00+05:30,5081.0,5094.5,5080.5,5087.5,1097
2025-05-02 14:15:00+05:30,5090.5,5093.5,5073.0,5073.5,1661
2025-05-02 14:30:00+05:30,5073.5,5080.0,5065.0,5065.5,2946
2025-05-02 14:45:00+05:30,5064.0,5084.0,5062.0,5068.5,4195
2025-05-02 15:00:00+05:30,5068.5,5106.5,5065.5,5070.0,9083
2025-05-02 15:15:00+05:30,5070.0,5076.5,5055.0,5055.0,5137
2025-05-05 09:15:00+05:30,5050.0,5088.0,5046.5,5073.5,2278
2025-05-05 09:30:00+05:30,5070.5,5086.5,5069.0,5083.0,1071
2025-05-05 09:45:00+05:30,5083.0,5099.5,5083.0,5096.5,1298
2025-05-05 10:00:00+05:30,5096.5,5098.0,5062.0,5079.5,1714
2025-05-05 10:15:00+05:30,5079.5,5095.0,5072.0,5089.5,977
2025-05-05 10:30:00+05:30,5089.5,5097.0,5071.5,5073.5,840
2025-05-05 10:45:00+05:30,5073.5,5082.5,5062.0,5068.0,2143
2025-05-05 11:00:00+05:30,5068.0,5082.5,5065.0,5076.5,1227
2025-05-05 11:15:00+05:30,5076.5,5087.5,5076.5,5080.5,770
2025-05-05 11:30:00+05:30,5080.5,5086.0,5080.0,5081.0,321
2025-05-05 11:45:00+05:30,5081.0,5081.0,5062.0,5074.5,1123
2025-05-05 12:00:00+05:30,5074.5,5090.5,5069.5,5074.0,514
2025-05-05 12:15:00+05:30,5074.0,5078.0,5062.5,5068.5,690
2025-05-05 12:30:00+05:30,5069.0,5083.0,5068.0,5071.5,667
2025-05-05 12:45:00+05:30,5071.5,5072.0,5055.5,5058.0,746
2025-05-05 13:00:00+05:30,5058.0,5065.0,5056.0,5061.0,545
2025-05-05 13:15:00+05:30,5061.5,5063.0,5054.0,5061.5,617
2025-05-05 13:30:00+05:30,5061.5,5063.0,5052.0,5052.5,810
2025-05-05 13:45:00+05:30,5052.5,5057.0,5043.0,5043.0,827
2025-05-05 14:00:00+05:30,5044.0,5067.0,5041.0,5063.5,1450
2025-05-05 14:15:00+05:30,5063.0,5069.0,5060.0,5061.0,616
2025-05-05 14:30:00+05:30,5061.0,5075.0,5061.0,5070.5,1521
2025-05-05 14:45:00+05:30,5070.5,5078.5,5066.0,5068.0,1144
2025-05-05 15:00:00+05:30,5068.5,5076.5,5065.5,5073.5,1276
2025-05-05 15:15:00+05:30,5076.5,5150.0,5069.0,5106.0,4610
2025-05-06 09:15:00+05:30,5061.0,5079.0,5033.5,5063.0,3632
2025-05-06 09:30:00+05:30,5063.0,5095.5,5053.5,5073.5,2789
2025-05-06 09:45:00+05:30,5075.0,5076.5,5031.5,5038.0,1257
2025-05-06 10:00:00+05:30,5038.0,5067.5,5031.0,5062.0,2007
2025-05-06 10:15:00+05:30,5062.0,5063.5,5045.0,5062.0,745
2025-05-06 10:30:00+05:30,5062.0,5080.0,5061.5,5070.0,834
2025-05-06 10:45:00+05:30,5070.0,5072.5,5048.0,5059.0,678
2025-05-06 11:00:00+05:30,5059.0,5064.5,5050.0,5053.0,654
2025-05-06 11:15:00+05:30,5053.0,5056.0,5035.5,5040.5,884
2025-05-06 11:30:00+05:30,5037.0,5043.0,5031.5,5031.5,430
2025-05-06 11:45:00+05:30,5031.5,5041.5,5031.5,5037.5,319
2025-05-06 12:00:00+05:30,5037.5,5049.0,5024.0,5041.5,679
2025-05-06 12:15:00+05:30,5041.5,5054.0,5030.5,5048.0,755
2025-05-06 12:30:00+05:30,5048.0,5064.0,5046.0,5051.5,1115
2025-05-06 12:45:00+05:30,5052.5,5057.0,5039.0,5043.5,649
2025-05-06 13:00:00+05:30,5043.5,5043.5,5034.5,5035.0,474
2025-05-06 13:15:00+05:30,5035.0,5039.5,5016.0,5022.0,2113
2025-05-06 13:30:00+05:30,5023.0,5032.5,5020.5,5028.0,607
2025-05-06 13:45:00+05:30,5028.0,5032.0,5027.5,5030.0,1877
2025-05-06 14:00:00+05:30,5030.0,5033.5,5027.0,5029.0,576
2025-05-06 14:15:00+05:30,5029.0,5030.5,5019.0,5025.5,847
2025-05-06 14:30:00+05:30,5023.5,5032.5,5019.0,5026.5,1520
2025-05-06 14:45:00+05:30,5023.0,5029.5,5015.5,5015.5,2114
2025-05-06 15:00:00+05:30,5017.5,5033.5,5017.5,5028.5,2656
2025-05-06 15:15:00+05:30,5025.5,5030.5,5001.0,5001.0,3235
2025-05-07 09:15:00+05:30,4978.0,5045.0,4977.0,5026.0,3764
2025-05-07 09:30:00+05:30,5026.0,5039.5,4999.5,5007.5,1903
2025-05-07 09:45:00+05:30,5007.0,5008.5,4975.0,5005.5,2155
2025-05-07 10:00:00+05:30,5003.5,5010.5,4994.5,4998.0,888
2025-05-07 10:15:00+05:30,4998.0,5027.0,4990.5,5016.0,1359
2025-05-07 10:30:00+05:30,5016.0,5041.0,5002.0,5003.0,1384
2025-05-07 10:45:00+05:30,5003.0,5017.0,5000.0,5004.5,1233
2025-05-07 11:00:00+05:30,5004.5,5022.0,5004.5,5018.5,692
2025-05-07 11:15:00+05:30,5018.5,5028.5,5013.0,5021.0,804
2025-05-07 11:30:00+05:30,5021.0,5031.0,5018.5,5026.0,856
2025-05-07 11:45:00+05:30,5026.0,5032.0,5013.0,5022.5,595
2025-05-07 12:00:00+05:30,5022.5,5037.0,5020.0,5034.0,1034
2025-05-07 12:15:00+05:30,5034.0,5044.0,5018.0,5025.0,2096
2025-05-07 12:30:00+05:30,5025.0,5034.0,5023.5,5031.5,438
2025-05-07 12:45:00+05:30,5031.5,5039.0,5029.0,5032.0,878
2025-05-07 13:00:00+05:30,5032.0,5045.5,5026.0,5027.5,1258
2025-05-07 13:15:00+05:30,5027.5,5040.5,5026.5,5033.5,588
2025-05-07 13:30:00+05:30,5037.5,5037.5,5022.5,5031.0,620
2025-05-07 13:45:00+05:30,5031.0,5031.0,5019.0,5021.5,688
2025-05-07 14:00:00+05:30,5021.5,5044.0,5021.5,5044.0,697
2025-05-07 14:15:00+05:30,5041.5,5050.0,5032.5,5050.0,2023
2025-05-07 14:30:00+05:30,5050.0,5055.0,5039.5,5041.5,829
2025-05-07 14:45:00+05:30,5041.5,5044.0,5022.5,5029.0,809
2025-05-07 15:00:00+05:30,5031.0,5044.0,5026.5,5035.5,4087
2025-05-07 15:15:00+05:30,5035.5,5039.5,5023.0,5023.0,3962
2025-05-08 09:15:00+05:30,5025.0,5033.0,4967.0,4984.5,4292
2025-05-08 09:30:00+05:30,4984.0,5003.5,4977.0,4977.5,2618
2025-05-08 09:45:00+05:30,4977.5,4978.5,4943.0,4947.5,11801
2025-05-08 10:00:00+05:30,4947.5,4980.0,4941.0,4980.0,17084
2025-05-08 10:15:00+05:30,4980.0,4980.0,4966.0,4972.0,2139
2025-05-08 10:30:00+05:30,4972.0,4994.5,4965.5,4985.0,2495
2025-05-08 10:45:00+05:30,4987.0,4999.5,4980.0,4988.5,1790
2025-05-08 11:00:00+05:30,4988.5,4990.5,4980.0,4987.5,1231
2025-05-08 11:15:00+05:30,4987.5,4989.5,4982.0,4982.5,992
2025-05-08 11:30:00+05:30,4982.5,4987.5,4980.0,4987.5,1090
2025-05-08 11:45:00+05:30,4987.5,4995.5,4984.5,4993.0,712
2025-05-08 12:00:00+05:30,4992.5,4993.0,4980.0,4980.0,1550
2025-05-08 12:15:00+05:30,4980.0,4988.0,4972.0,4982.0,1772
2025-05-08 12:30:00+05:30,4982.0,4985.5,4976.0,4978.0,773
2025-05-08 12:45:00+05:30,4978.5,4985.0,4975.0,4985.0,863
2025-05-08 13:00:00+05:30,4985.0,4985.0,4975.0,4981.0,801
2025-05-08 13:15:00+05:30,4981.0,4981.0,4970.0,4973.5,1449
2025-05-08 13:30:00+05:30,4973.5,4976.5,4965.0,4973.0,1801
2025-05-08 13:45:00+05:30,4973.0,4981.0,4948.0,4949.5,21954
2025-05-08 14:00:00+05:30,4949.5,4955.0,4927.5,4939.0,2792
2025-05-08 14:15:00+05:30,4933.5,4959.5,4933.5,4959.0,3125
2025-05-08 14:30:00+05:30,4959.5,4963.0,4950.5,4959.5,4428
2025-05-08 14:45:00+05:30,4959.0,4964.5,4928.5,4936.5,41519
2025-05-08 15:00:00+05:30,4936.5,4950.0,4925.0,4940.5,11978
2025-05-08 15:15:00+05:30,4940.0,4957.0,4920.5,4924.5,13206
2025-05-09 09:15:00+05:30,4850.0,4924.5,4850.0,4866.5,4362
2025-05-09 09:30:00+05:30,4866.5,4906.0,4861.0,4889.0,1020
2025-05-09 09:45:00+05:30,4889.0,4896.5,4865.5,4873.5,689
2025-05-09 10:00:00+05:30,4873.5,4902.0,4865.0,4902.0,2350
2025-05-09 10:15:00+05:30,4902.0,4909.0,4871.5,4875.5,1515
2025-05-09 10:30:00+05:30,4875.5,4884.0,4872.5,4874.5,836
2025-05-09 10:45:00+05:30,4874.5,4898.5,4865.0,4869.5,1153
2025-05-09 11:00:00+05:30,4868.5,4883.5,4867.5,4870.0,571
2025-05-09 11:15:00+05:30,4870.0,4883.0,4860.0,4874.5,1711
2025-05-09 11:30:00+05:30,4876.5,4897.0,4872.0,4877.0,1357
2025-05-09 11:45:00+05:30,4877.0,4877.0,4865.0,4874.0,1308
2025-05-09 12:00:00+05:30,4874.0,4891.0,4874.0,4878.0,581
2025-05-09 12:15:00+05:30,4878.0,4890.0,4862.0,4869.0,2583
2025-05-09 12:30:00+05:30,4869.0,4872.5,4855.0,4861.0,1541
2025-05-09 12:45:00+05:30,4861.0,4879.5,4861.0,4878.0,2299
2025-05-09 13:00:00+05:30,4879.5,4895.0,4879.5,4892.5,2486
2025-05-09 13:15:00+05:30,4892.5,4897.0,4880.0,4880.0,2361
2025-05-09 13:30:00+05:30,4880.0,4896.5,4880.0,4894.5,831
2025-05-09 13:45:00+05:30,4897.0,4910.5,4890.0,4903.5,1304
2025-05-09 14:00:00+05:30,4903.5,4926.5,4901.5,4918.0,1204
2025-05-09 14:15:00+05:30,4918.0,4925.5,4896.5,4900.0,1581
2025-05-09 14:30:00+05:30,4900.0,4922.5,4900.0,4915.0,1221
2025-05-09 14:45:00+05:30,4915.0,4953.5,4913.0,4950.0,3007
2025-05-09 15:00:00+05:30,4953.0,4961.0,4935.0,4948.0,9674
2025-05-09 15:15:00+05:30,4946.5,4958.5,4943.5,4950.0,5303
2025-05-12 09:15:00+05:30,4969.0,5002.0,4935.0,4940.5,5134
2025-05-12 09:30:00+05:30,4942.0,4979.0,4938.5,4964.0,3623
2025-05-12 09:45:00+05:30,4964.0,4993.0,4948.0,4990.0,8436
2025-05-12 10:00:00+05:30,4990.0,5035.0,4990.0,5032.5,3919
2025-05-12 10:15:00+05:30,5032.5,5065.5,5026.0,5040.0,11269
2025-05-12 10:30:00+05:30,5040.0,5043.0,5017.0,5026.5,10330
2025-05-12 10:45:00+05:30,5026.5,5042.5,5026.0,5040.0,8777
2025-05-12 11:00:00+05:30,5040.0,5041.0,5012.5,5019.5,3060
2025-05-12 11:15:00+05:30,5018.0,5022.0,4990.5,5006.0,3326
2025-05-12 11:30:00+05:30,5006.0,5010.5,4992.5,4999.0,983
2025-05-12 11:45:00+05:30,4999.0,5020.5,4997.5,5008.5,1221
2025-05-12 12:00:00+05:30,5008.5,5019.0,4995.0,5019.0,404
2025-05-12 12:15:00+05:30,5019.0,5022.0,4991.5,5002.0,2823
2025-05-12 12:30:00+05:30,5002.0,5018.5,5002.0,5007.0,2930
2025-05-12 12:45:00+05:30,5007.0,5007.0,4987.5,5004.0,3398
2025-05-12 13:00:00+05:30,5004.0,5011.5,4995.5,5000.0,2753
2025-05-12 13:15:00+05:30,5000.0,5000.0,4963.0,4970.0,7047
2025-05-12 13:30:00+05:30,4970.0,4977.5,4965.0,4968.0,12927
2025-05-12 13:45:00+05:30,4968.0,4972.5,4953.5,4968.5,13961
2025-05-12 14:00:00+05:30,4968.5,4994.5,4966.5,4992.5,4511
2025-05-12 14:15:00+05:30,4992.5,5012.5,4992.5,5010.5,4342
2025-05-12 14:30:00+05:30,5010.5,5020.0,5010.5,5020.0,5825
2025-05-12 14:45:00+05:30,5020.0,5034.5,5017.5,5029.0,21460
2025-05-12 15:00:00+05:30,5027.5,5035.0,5018.5,5020.0,2357
2025-05-12 15:15:00+05:30,5020.0,5024.5,5004.0,5004.0,10635
2025-05-13 09:15:00+05:30,5028.5,5111.0,5025.0,5079.5,6768
2025-05-13 09:30:00+05:30,5079.5,5114.5,5057.5,5101.5,2994
2025-05-13 09:45:00+05:30,5101.5,5114.0,5085.0,5107.0,2077
2025-05-13 10:00:00+05:30,5106.5,5124.0,5104.0,5115.0,2355
2025-05-13 10:15:00+05:30,5115.0,5125.0,5097.5,5100.0,1634
2025-05-13 10:30:00+05:30,5100.0,5113.5,5082.0,5111.0,1348
2025-05-13 10:45:00+05:30,5111.0,5119.0,5095.0,5102.5,1458
2025-05-13 11:00:00+05:30,5101.0,5105.0,5094.0,5098.0,809
2025-05-13 11:15:00+05:30,5098.0,5109.0,5096.5,5101.5,555
2025-05-13 11:30:00+05:30,5101.5,5105.5,5100.0,5100.0,389
2025-05-13 11:45:00+05:30,5100.0,5108.0,5100.0,5102.5,525
2025-05-13 12:00:00+05:30,5102.5,5111.5,5100.0,5100.5,846
2025-05-13 12:15:00+05:30,5100.5,5101.0,5092.0,5096.0,1696
2025-05-13 12:30:00+05:30,5096.0,5100.0,5093.0,5093.0,635
2025-05-13 12:45:00+05:30,5093.0,5102.5,5081.5,5091.0,2712
2025-05-13 13:00:00+05:30,5090.0,5091.0,5081.0,5087.0,923
2025-05-13 13:15:00+05:30,5087.0,5096.0,5085.0,5087.0,600
2025-05-13 13:30:00+05:30,5087.0,5109.0,5085.0,5100.0,2108
2025-05-13 13:45:00+05:30,5100.0,5107.0,5095.5,5100.5,394
2025-05-13 14:00:00+05:30,5100.5,5100.5,5090.0,5093.0,415
2025-05-13 14:15:00+05:30,5093.0,5100.0,5090.0,5094.5,471
2025-05-13 14:30:00+05:30,5095.0,5100.5,5093.0,5097.0,680
2025-05-13 14:45:00+05:30,5097.0,5109.5,5095.5,5105.0,1595
2025-05-13 15:00:00+05:30,5103.0,5136.5,5103.0,5124.0,8855
2025-05-13 15:15:00+05:30,5124.0,5145.0,5123.0,5145.0,7561
2025-05-14 09:15:00+05:30,5147.5,5159.5,5095.0,5127.0,4613
2025-05-14 09:30:00+05:30,5127.0,5131.0,5118.0,5122.0,743
2025-05-14 09:45:00+05:30,5122.0,5129.5,5083.0,5083.0,2398
2025-05-14 10:00:00+05:30,5082.5,5099.5,5081.0,5086.0,2409
2025-05-14 10:15:00+05:30,5086.0,5106.0,5086.0,5093.5,2042
2025-05-14 10:30:00+05:30,5093.0,5094.5,5065.0,5080.5,3190
2025-05-14 10:45:00+05:30,5080.5,5096.0,5047.0,5049.0,3598
2025-05-14 11:00:00+05:30,5049.5,5071.5,5046.5,5071.5,22772
2025-05-14 11:15:00+05:30,5071.0,5119.5,5065.0,5102.5,8684
2025-05-14 11:30:00+05:30,5101.5,5111.0,5083.0,5085.0,2905
2025-05-14 11:45:00+05:30,5086.0,5087.0,5070.0,5077.5,961
2025-05-14 12:00:00+05:30,5077.5,5124.5,5076.0,5097.5,23827
2025-05-14 12:15:00+05:30,5099.5,5107.0,5096.0,5100.0,1106
2025-05-14 12:30:00+05:30,5100.0,5105.0,5089.5,5091.5,698
2025-05-14 12:45:00+05:30,5091.5,5099.0,5087.5,5094.0,740
2025-05-14 13:00:00+05:30,5094.0,5113.0,5093.5,5108.0,795
2025-05-14 13:15:00+05:30,5108.0,5111.5,5095.5,5100.0,980
2025-05-14 13:30:00+05:30,5098.5,5104.0,5085.0,5096.5,915
2025-05-14 13:45:00+05:30,5096.5,5113.0,5096.0,5104.5,1096
2025-05-14 14:00:00+05:30,5104.5,5107.5,5094.0,5095.0,1012
2025-05-14 14:15:00+05:30,5095.0,5106.0,5094.0,5100.0,1812
2025-05-14 14:30:00+05:30,5097.5,5102.0,5095.0,5100.5,1456
2025-05-14 14:45:00+05:30,5100.5,5119.5,5100.0,5113.5,3646
2025-05-14 15:00:00+05:30,5116.0,5137.0,5112.5,5134.0,5337
2025-05-14 15:15:00+05:30,5133.0,5135.0,5120.0,5124.0,6709
2025-05-15 09:15:00+05:30,5163.0,5163.0,5099.0,5150.5,6576
2025-05-15 09:30:00+05:30,5150.5,5157.0,5142.5,5150.0,2752
2025-05-15 09:45:00+05:30,5150.0,5176.5,5135.0,5169.5,8117
2025-05-15 10:00:00+05:30,5169.0,5181.5,5166.5,5181.5,3937
2025-05-15 10:15:00+05:30,5181.5,5191.5,5179.0,5186.0,3957
2025-05-15 10:30:00+05:30,5186.0,5205.0,5186.0,5192.5,7790
2025-05-15 10:45:00+05:30,5192.5,5197.5,5187.5,5192.5,1360
2025-05-15 11:00:00+05:30,5192.5,5199.0,5185.0,5187.0,2353
2025-05-15 11:15:00+05:30,5187.0,5209.5,5187.0,5209.5,2851
2025-05-15 11:30:00+05:30,5209.5,5210.5,5190.0,5195.0,2594
2025-05-15 11:45:00+05:30,5195.0,5206.5,5194.0,5205.0,1166
2025-05-15 12:00:00+05:30,5204.5,5212.0,5200.0,5210.0,3202
2025-05-15 12:15:00+05:30,5210.0,5210.0,5187.0,5197.5,5213
2025-05-15 12:30:00+05:30,5198.5,5229.0,5195.0,5217.5,4067
2025-05-15 12:45:00+05:30,5217.5,5227.0,5216.5,5220.0,2516
2025-05-15 13:00:00+05:30,5220.0,5227.0,5216.5,5220.0,3011
2025-05-15 13:15:00+05:30,5220.0,5242.0,5204.5,5227.5,5456
2025-05-15 13:30:00+05:30,5225.0,5229.5,5220.0,5227.0,1364
2025-05-15 13:45:00+05:30,5225.5,5234.5,5225.0,5233.0,2621
2025-05-15 14:00:00+05:30,5233.0,5241.0,5229.0,5239.0,2217
2025-05-15 14:15:00+05:30,5239.0,5250.0,5235.5,5248.0,4254
2025-05-15 14:30:00+05:30,5248.0,5260.0,5244.0,5258.5,4983
2025-05-15 14:45:00+05:30,5258.5,5263.5,5249.0,5257.0,5793
2025-05-15 15:00:00+05:30,5257.0,5277.0,5254.0,5259.0,11188
2025-05-15 15:15:00+05:30,5261.5,5320.5,5252.5,5319.0,17190
2025-05-16 09:15:00+05:30,5300.0,5316.0,5226.5,5246.5,9081
2025-05-16 09:30:00+05:30,5246.5,5264.5,5221.5,5257.5,5668
2025-05-16 09:45:00+05:30,5264.0,5273.5,5230.5,5244.5,2823
2025-05-16 10:00:00+05:30,5246.0,5250.0,5241.0,5241.5,965
2025-05-16 10:15:00+05:30,5241.5,5253.5,5235.5,5249.0,1463
2025-05-16 10:30:00+05:30,5249.0,5250.0,5238.0,5242.5,646
2025-05-16 10:45:00+05:30,5242.5,5268.0,5242.5,5252.0,3746
2025-05-16 11:00:00+05:30,5252.0,5255.5,5238.5,5238.5,1715
2025-05-16 11:15:00+05:30,5238.5,5242.0,5237.0,5237.5,4533
2025-05-16 11:30:00+05:30,5248.0,5255.5,5236.5,5244.5,8004
2025-05-16 11:45:00+05:30,5244.5,5250.0,5240.0,5242.5,1211
2025-05-16 12:00:00+05:30,5242.5,5255.5,5236.0,5245.5,3898
2025-05-16 12:15:00+05:30,5245.5,5265.0,5242.0,5262.5,2471
2025-05-16 12:30:00+05:30,5262.5,5294.0,5235.0,5246.5,20209
2025-05-16 12:45:00+05:30,5246.5,5249.5,5232.0,5233.0,2149
2025-05-16 13:00:00+05:30,5234.0,5235.5,5221.5,5228.0,2208
2025-05-16 13:15:00+05:30,5228.0,5231.0,5225.0,5226.5,758
2025-05-16 13:30:00+05:30,5226.5,5230.5,5222.5,5226.0,1069
2025-05-16 13:45:00+05:30,5226.0,5228.0,5218.0,5219.5,1369
2025-05-16 14:00:00+05:30,5219.5,5244.5,5219.5,5235.0,2235
2025-05-16 14:15:00+05:30,5235.0,5245.5,5222.5,5228.0,968
2025-05-16 14:30:00+05:30,5228.0,5233.5,5224.0,5225.5,1453
2025-05-16 14:45:00+05:30,5225.5,5234.0,5213.0,5220.5,2667
2025-05-16 15:00:00+05:30,5216.0,5232.0,5216.0,5225.5,5242
2025-05-16 15:15:00+05:30,5225.5,5229.0,5200.0,5225.0,6395
2025-05-19 09:15:00+05:30,5225.0,5254.0,5192.0,5204.0,6203
2025-05-19 09:30:00+05:30,5204.0,5271.5,5204.0,5209.5,5210
2025-05-19 09:45:00+05:30,5209.5,5337.0,5206.5,5337.0,8502
2025-05-19 10:00:00+05:30,5337.0,5374.5,5291.5,5325.5,36165
2025-05-19 10:15:00+05:30,5325.5,5362.0,5312.5,5346.0,15618
2025-05-19 10:30:00+05:30,5346.0,5395.0,5340.5,5391.5,14887
2025-05-19 10:45:00+05:30,5391.5,5391.5,5348.0,5350.0,9611
2025-05-19 11:00:00+05:30,5348.0,5366.0,5336.5,5360.5,4658
2025-05-19 11:15:00+05:30,5360.5,5366.5,5338.5,5339.5,1576
2025-05-19 11:30:00+05:30,5340.0,5342.0,5311.5,5334.0,5512
2025-05-19 11:45:00+05:30,5334.0,5362.5,5332.0,5351.0,2586
2025-05-19 12:00:00+05:30,5351.0,5359.0,5329.0,5355.5,2904
2025-05-19 12:15:00+05:30,5355.5,5378.0,5347.0,5354.5,3131
2025-05-19 12:30:00+05:30,5354.5,5359.5,5339.0,5346.0,2190
2025-05-19 12:45:00+05:30,5346.0,5371.5,5345.5,5358.0,2249
2025-05-19 13:00:00+05:30,5357.5,5400.0,5357.5,5388.5,9693
2025-05-19 13:15:00+05:30,5388.5,5392.0,5363.5,5366.5,3336
2025-05-19 13:30:00+05:30,5366.0,5368.0,5360.0,5365.5,2146
2025-05-19 13:45:00+05:30,5366.0,5370.0,5351.0,5352.0,2921
2025-05-19 14:00:00+05:30,5352.0,5355.5,5333.5,5346.5,5422
2025-05-19 14:15:00+05:30,5344.5,5373.5,5340.5,5357.5,3751
2025-05-19 14:30:00+05:30,5357.5,5357.5,5340.0,5348.0,1762
2025-05-19 14:45:00+05:30,5348.0,5348.0,5315.5,5315.5,2342
2025-05-19 15:00:00+05:30,5319.0,5342.5,5317.5,5326.0,12799
2025-05-19 15:15:00+05:30,5323.5,5340.0,5308.5,5340.0,13847
2025-05-20 09:15:00+05:30,5324.0,5374.0,5301.5,5346.5,10479
2025-05-20 09:30:00+05:30,5346.5,5368.0,5338.0,5356.0,3304
2025-05-20 09:45:00+05:30,5356.0,5356.0,5322.0,5329.5,3184
2025-05-20 10:00:00+05:30,5329.5,5341.0,5321.0,5328.5,1831
2025-05-20 10:15:00+05:30,5328.5,5350.0,5320.0,5320.5,1399
2025-05-20 10:30:00+05:30,5320.5,5342.5,5320.0,5327.5,1383
2025-05-20 10:45:00+05:30,5327.5,5333.5,5316.0,5323.0,1420
2025-05-20 11:00:00+05:30,5323.0,5330.0,5320.0,5321.5,680
2025-05-20 11:15:00+05:30,5321.5,5327.0,5320.5,5321.0,612
2025-05-20 11:30:00+05:30,5321.0,5325.5,5310.0,5312.0,2389
2025-05-20 11:45:00+05:30,5312.0,5330.0,5302.0,5307.0,1354
2025-05-20 12:00:00+05:30,5307.0,5337.5,5307.0,5330.5,1578
2025-05-20 12:15:00+05:30,5330.5,5330.5,5319.5,5325.0,596
2025-05-20 12:30:00+05:30,5324.0,5331.5,5322.0,5325.0,840
2025-05-20 12:45:00+05:30,5325.0,5330.0,5314.0,5317.5,611
2025-05-20 13:00:00+05:30,5317.5,5329.5,5317.5,5324.5,288
2025-05-20 13:15:00+05:30,5325.0,5327.5,5304.5,5312.5,1263
2025-05-20 13:30:00+05:30,5312.5,5314.0,5278.0,5282.0,3781
2025-05-20 13:45:00+05:30,5282.0,5312.5,5272.0,5304.0,3253
2025-05-20 14:00:00+05:30,5304.0,5304.5,5276.0,5282.0,2133
2025-05-20 14:15:00+05:30,5282.0,5282.0,5255.5,5258.0,2776
2025-05-20 14:30:00+05:30,5258.0,5270.0,5248.0,5257.0,2944
2025-05-20 14:45:00+05:30,5253.5,5278.5,5246.0,5248.0,3627
2025-05-20 15:00:00+05:30,5248.0,5275.0,5243.5,5271.5,9383
2025-05-20 15:15:00+05:30,5271.5,5276.0,5255.0,5261.0,8427
2025-05-21 09:15:00+05:30,5258.0,5370.0,5255.0,5365.0,6670
2025-05-21 09:30:00+05:30,5367.0,5400.0,5356.5,5377.0,22182
2025-05-21 09:45:00+05:30,5379.5,5390.0,5356.0,5368.5,13655
2025-05-21 10:00:00+05:30,5368.5,5393.5,5368.5,5379.0,9575
2025-05-21 10:15:00+05:30,5379.0,5384.0,5369.5,5374.5,4576
2025-05-21 10:30:00+05:30,5373.5,5388.0,5370.0,5376.0,8773
2025-05-21 10:45:00+05:30,5375.0,5385.0,5374.0,5374.0,4493
2025-05-21 11:00:00+05:30,5374.0,5374.5,5346.5,5350.5,5142
2025-05-21 11:15:00+05:30,5350.5,5357.0,5327.0,5350.5,14935
2025-05-21 11:30:00+05:30,5350.5,5366.0,5348.0,5350.5,23458
2025-05-21 11:45:00+05:30,5350.5,5356.5,5319.0,5334.5,12171
2025-05-21 12:00:00+05:30,5334.5,5337.0,5322.5,5325.5,1291
2025-05-21 12:15:00+05:30,5326.0,5342.5,5322.5,5335.5,3572
2025-05-21 12:30:00+05:30,5335.5,5338.5,5311.5,5315.0,15570
2025-05-21 12:45:00+05:30,5315.0,5325.0,5286.5,5325.0,4014
2025-05-21 13:00:00+05:30,5325.0,5325.0,5315.5,5321.0,1416
2025-05-21 13:15:00+05:30,5321.0,5324.0,5313.5,5315.0,570
2025-05-21 13:30:00+05:30,5315.0,5335.0,5315.0,5332.0,4220
2025-05-21 13:45:00+05:30,5332.0,5340.0,5331.0,5333.0,841
2025-05-21 14:00:00+05:30,5333.0,5373.5,5333.0,5357.0,20226
2025-05-21 14:15:00+05:30,5357.0,5364.0,5352.0,5359.5,6905
2025-05-21 14:30:00+05:30,5356.5,5376.0,5356.5,5366.0,3931
2025-05-21 14:45:00+05:30,5366.0,5376.0,5361.5,5367.5,3179
2025-05-21 15:00:00+05:30,5369.5,5375.0,5361.0,5372.5,7644
2025-05-21 15:15:00+05:30,5372.5,5386.5,5370.0,5378.0,10443
2025-05-22 09:15:00+05:30,5384.5,5388.0,5307.0,5332.0,5437
2025-05-22 09:30:00+05:30,5329.0,5358.0,5322.0,5341.0,1658
2025-05-22 09:45:00+05:30,5344.0,5349.5,5326.5,5341.5,3165
2025-05-22 10:00:00+05:30,5341.5,5378.0,5326.5,5376.5,8097
2025-05-22 10:15:00+05:30,5376.5,5387.5,5367.5,5374.0,2071
2025-05-22 10:30:00+05:30,5375.0,5384.5,5340.5,5346.0,3528
2025-05-22 10:45:00+05:30,5346.0,5359.5,5328.5,5350.0,5585
2025-05-22 11:00:00+05:30,5350.0,5353.5,5342.0,5342.0,1359
2025-05-22 11:15:00+05:30,5342.0,5345.5,5314.5,5320.0,19008
2025-05-22 11:30:00+05:30,5320.0,5329.0,5261.5,5289.5,44504
2025-05-22 11:45:00+05:30,5289.5,5304.5,5252.0,5262.0,3895
2025-05-22 12:00:00+05:30,5262.0,5284.0,5258.0,5267.0,3697
2025-05-22 12:15:00+05:30,5267.0,5275.0,5237.5,5255.5,13810
2025-05-22 12:30:00+05:30,5255.5,5265.0,5253.0,5263.0,2640
2025-05-22 12:45:00+05:30,5263.0,5267.5,5213.5,5256.5,6592
2025-05-22 13:00:00+05:30,5253.0,5253.0,5222.0,5225.0,17563
2025-05-22 13:15:00+05:30,5225.0,5262.0,5213.5,5259.5,11798
2025-05-22 13:30:00+05:30,5259.5,5271.5,5248.0,5267.5,18092
2025-05-22 13:45:00+05:30,5267.5,5289.0,5267.5,5285.0,7008
2025-05-22 14:00:00+05:30,5285.0,5298.5,5281.0,5294.0,3980
2025-05-22 14:15:00+05:30,5294.0,5298.0,5284.0,5297.5,12199
2025-05-22 14:30:00+05:30,5297.5,5307.0,5288.0,5299.0,4746
2025-05-22 14:45:00+05:30,5299.0,5308.0,5298.5,5299.5,5280
2025-05-22 15:00:00+05:30,5301.0,5303.5,5292.5,5297.0,8136
2025-05-22 15:15:00+05:30,5296.0,5308.5,5285.5,5296.0,10287
2025-05-23 09:15:00+05:30,5297.0,5297.5,5240.0,5285.5,5499
2025-05-23 09:30:00+05:30,5285.5,5307.0,5285.5,5305.0,2390
2025-05-23 09:45:00+05:30,5304.0,5311.0,5290.0,5294.0,1446
2025-05-23 10:00:00+05:30,5294.0,5312.5,5260.5,5290.5,4275
2025-05-23 10:15:00+05:30,5296.5,5304.5,5273.5,5289.5,2387
2025-05-23 10:30:00+05:30,5289.5,5306.5,5287.5,5302.0,1072
2025-05-23 10:45:00+05:30,5302.0,5319.0,5295.0,5300.0,2022
2025-05-23 11:00:00+05:30,5300.0,5300.0,5284.5,5292.5,1265
2025-05-23 11:15:00+05:30,5292.5,5292.5,5268.0,5288.5,1722
2025-05-23 11:30:00+05:30,5288.5,5307.5,5288.5,5307.0,2596
2025-05-23 11:45:00+05:30,5307.0,5316.5,5300.0,5314.0,1846
2025-05-23 12:00:00+05:30,5314.0,5317.0,5300.5,5303.5,445
2025-05-23 12:15:00+05:30,5303.5,5317.0,5303.5,5308.5,887
2025-05-23 12:30:00+05:30,5309.0,5310.5,5297.5,5307.5,872
2025-05-23 12:45:00+05:30,5307.5,5312.0,5303.0,5306.5,640
2025-05-23 13:00:00+05:30,5306.5,5312.5,5301.0,5301.0,207
2025-05-23 13:15:00+05:30,5301.0,5301.0,5285.0,5293.0,1328
2025-05-23 13:30:00+05:30,5293.5,5300.0,5283.5,5285.0,2903
2025-05-23 13:45:00+05:30,5285.0,5297.0,5285.0,5293.5,1873
2025-05-23 14:00:00+05:30,5293.0,5298.5,5281.5,5283.0,6314
2025-05-23 14:15:00+05:30,5283.0,5295.0,5280.5,5292.0,1557
2025-05-23 14:30:00+05:30,5292.0,5295.0,5276.5,5292.0,10250
2025-05-23 14:45:00+05:30,5292.0,5294.0,5279.5,5286.0,10379
2025-05-23 15:00:00+05:30,5283.5,5292.5,5276.5,5286.0,6580
2025-05-23 15:15:00+05:30,5286.0,5311.0,5282.5,5302.0,8992
2025-05-26 09:15:00+05:30,5349.0,5367.0,5290.0,5325.0,18365
2025-05-26 09:30:00+05:30,5318.5,5331.0,5307.0,5310.0,6246
2025-05-26 09:45:00+05:30,5308.0,5337.5,5306.0,5337.0,3725
2025-05-26 10:00:00+05:30,5337.0,5337.0,5322.0,5327.5,2064
2025-05-26 10:15:00+05:30,5328.0,5337.0,5321.5,5334.0,1614
2025-05-26 10:30:00+05:30,5335.5,5337.0,5325.0,5325.0,769
2025-05-26 10:45:00+05:30,5324.0,5336.5,5321.5,5325.5,734
2025-05-26 11:00:00+05:30,5325.5,5329.5,5298.0,5303.0,2026
2025-05-26 11:15:00+05:30,5303.0,5309.5,5284.0,5301.0,4355
2025-05-26 11:30:00+05:30,5301.0,5301.0,5275.0,5277.5,3356
2025-05-26 11:45:00+05:30,5277.5,5279.0,5264.5,5266.0,2211
2025-05-26 12:00:00+05:30,5266.0,5273.5,5257.5,5262.0,2811
2025-05-26 12:15:00+05:30,5260.5,5267.5,5230.0,5256.5,15285
2025-05-26 12:30:00+05:30,5256.5,5262.0,5250.5,5252.5,4087
2025-05-26 12:45:00+05:30,5252.5,5253.0,5241.0,5244.5,2714
2025-05-26 13:00:00+05:30,5244.5,5246.5,5223.5,5225.0,2005
2025-05-26 13:15:00+05:30,5225.0,5263.5,5218.5,5228.5,11202
2025-05-26 13:30:00+05:30,5228.5,5253.0,5228.5,5234.5,1483
2025-05-26 13:45:00+05:30,5234.5,5254.5,5229.0,5246.0,5374
2025-05-26 14:00:00+05:30,5246.0,5260.0,5239.0,5256.0,7036
2025-05-26 14:15:00+05:30,5256.0,5265.0,5251.0,5259.0,5399
2025-05-26 14:30:00+05:30,5259.0,5259.0,5249.0,5250.5,1940
2025-05-26 14:45:00+05:30,5251.5,5267.0,5250.0,5263.5,2500
2025-05-26 15:00:00+05:30,5264.5,5270.0,5237.5,5238.0,7982
2025-05-26 15:15:00+05:30,5240.0,5255.0,5235.0,5244.5,5221
2025-05-27 09:15:00+05:30,5285.0,5285.0,5218.0,5242.0,9872
2025-05-27 09:30:00+05:30,5242.0,5262.5,5229.5,5254.0,3776
2025-05-27 09:45:00+05:30,5257.0,5257.0,5224.0,5226.0,2429
2025-05-27 10:00:00+05:30,5226.0,5240.0,5225.0,5237.5,2020
2025-05-27 10:15:00+05:30,5237.5,5241.0,5230.0,5240.0,731
2025-05-27 10:30:00+05:30,5240.0,5243.0,5236.0,5243.0,509
2025-05-27 10:45:00+05:30,5243.0,5243.0,5237.0,5241.5,806
2025-05-27 11:00:00+05:30,5242.0,5269.5,5239.5,5268.5,2634
2025-05-27 11:15:00+05:30,5269.0,5295.0,5269.0,5289.0,6229
2025-05-27 11:30:00+05:30,5289.0,5291.0,5274.0,5279.5,2158
2025-05-27 11:45:00+05:30,5279.5,5281.0,5260.5,5264.5,896
2025-05-27 12:00:00+05:30,5265.5,5273.5,5256.5,5258.0,1283
2025-05-27 12:15:00+05:30,5258.0,5262.0,5248.5,5249.5,732
2025-05-27 12:30:00+05:30,5250.5,5256.5,5245.0,5251.5,1385
2025-05-27 12:45:00+05:30,5251.5,5254.0,5235.0,5237.5,977
2025-05-27 13:00:00+05:30,5237.5,5238.0,5221.0,5233.0,1484
2025-05-27 13:15:00+05:30,5233.0,5233.0,5211.0,5223.5,2267
2025-05-27 13:30:00+05:30,5223.5,5234.5,5218.0,5231.0,1381
2025-05-27 13:45:00+05:30,5231.0,5232.0,5217.0,5220.5,636
2025-05-27 14:00:00+05:30,5220.5,5229.5,5215.0,5226.0,987
2025-05-27 14:15:00+05:30,5226.0,5235.5,5217.0,5235.0,1092
2025-05-27 14:30:00+05:30,5235.0,5250.0,5227.0,5232.5,1239
2025-05-27 14:45:00+05:30,5232.5,5249.0,5230.0,5245.5,1140
2025-05-27 15:00:00+05:30,5247.0,5269.5,5247.0,5266.5,4101
2025-05-27 15:15:00+05:30,5266.0,5277.5,5232.5,5250.0,9061
2025-05-28 09:15:00+05:30,5266.0,5276.0,5222.0,5226.5,3871
2025-05-28 09:30:00+05:30,5226.5,5238.5,5214.5,5238.5,2064
2025-05-28 09:45:00+05:30,5238.5,5243.0,5218.5,5223.0,1429
2025-05-28 10:00:00+05:30,5223.0,5258.5,5218.0,5251.0,3332
2025-05-28 10:15:00+05:30,5251.5,5256.0,5244.5,5248.0,1039
2025-05-28 10:30:00+05:30,5248.0,5268.5,5248.0,5254.5,2113
2025-05-28 10:45:00+05:30,5254.5,5257.0,5245.0,5256.5,997
2025-05-28 11:00:00+05:30,5256.5,5284.0,5251.5,5263.0,2199
2025-05-28 11:15:00+05:30,5263.0,5266.0,5244.5,5247.5,2016
2025-05-28 11:30:00+05:30,5249.0,5263.0,5244.5,5253.0,1552
2025-05-28 11:45:00+05:30,5253.0,5270.5,5250.5,5254.0,1181
2025-05-28 12:00:00+05:30,5254.0,5255.0,5245.0,5252.5,1115
2025-05-28 12:15:00+05:30,5252.5,5262.5,5249.0,5259.5,845
2025-05-28 12:30:00+05:30,5259.5,5260.5,5246.5,5248.0,825
2025-05-28 12:45:00+05:30,5248.0,5252.0,5244.5,5244.5,1396
2025-05-28 13:00:00+05:30,5244.5,5247.0,5225.0,5225.0,1470
2025-05-28 13:15:00+05:30,5225.0,5239.0,5225.0,5226.0,2596
2025-05-28 13:30:00+05:30,5226.0,5228.0,5216.0,5216.0,2313
2025-05-28 13:45:00+05:30,5216.0,5227.5,5215.0,5220.0,1769
2025-05-28 14:00:00+05:30,5220.0,5224.0,5218.0,5220.0,634
2025-05-28 14:15:00+05:30,5220.0,5250.0,5220.0,5236.5,5323
2025-05-28 14:30:00+05:30,5236.5,5236.5,5216.0,5234.0,4400
2025-05-28 14:45:00+05:30,5234.0,5261.0,5229.0,5251.0,12494
2025-05-28 15:00:00+05:30,5251.0,5271.0,5238.0,5269.5,11213
2025-05-28 15:15:00+05:30,5269.5,5280.5,5235.0,5280.5,10803
2025-05-29 09:15:00+05:30,5291.0,5310.0,5229.5,5234.5,5815
2025-05-29 09:30:00+05:30,5230.0,5240.0,5222.5,5239.5,3653
2025-05-29 09:45:00+05:30,5239.5,5244.0,5226.5,5237.0,1642
2025-05-29 10:00:00+05:30,5235.5,5242.5,5223.0,5233.5,1981
2025-05-29 10:15:00+05:30,5233.5,5238.0,5228.5,5233.0,718
2025-05-29 10:30:00+05:30,5229.5,5235.0,5220.5,5229.0,2037
2025-05-29 10:45:00+05:30,5229.0,5238.0,5228.0,5233.0,1076
2025-05-29 11:00:00+05:30,5233.0,5235.0,5223.0,5223.5,810
2025-05-29 11:15:00+05:30,5223.5,5226.0,5220.5,5223.0,636
2025-05-29 11:30:00+05:30,5223.0,5239.5,5200.5,5239.5,4540
2025-05-29 11:45:00+05:30,5239.5,5252.5,5226.5,5236.0,2870
2025-05-29 12:00:00+05:30,5236.0,5253.0,5231.5,5238.5,337
2025-05-29 12:15:00+05:30,5238.5,5251.0,5235.0,5244.0,1422
2025-05-29 12:30:00+05:30,5244.0,5252.0,5235.0,5250.5,919
2025-05-29 12:45:00+05:30,5250.5,5251.5,5236.0,5244.5,1337
2025-05-29 13:00:00+05:30,5244.5,5253.5,5238.5,5243.0,862
2025-05-29 13:15:00+05:30,5243.0,5254.5,5240.0,5242.5,1596
2025-05-29 13:30:00+05:30,5242.5,5276.0,5242.5,5267.5,3510
2025-05-29 13:45:00+05:30,5267.5,5273.5,5160.5,5178.0,46510
2025-05-29 14:00:00+05:30,5180.0,5272.5,5154.0,5172.0,110171
2025-05-29 14:15:00+05:30,5173.5,5213.5,5160.0,5204.0,32068
2025-05-29 14:30:00+05:30,5204.0,5257.5,5190.0,5237.0,20568
2025-05-29 14:45:00+05:30,5237.0,5264.5,5233.5,5245.0,11693
2025-05-29 15:00:00+05:30,5255.5,5300.0,5253.5,5293.5,19525
2025-05-29 15:15:00+05:30,5294.5,5327.0,5290.5,5325.0,36141
2025-05-30 09:15:00+05:30,5110.0,5268.0,5080.0,5102.5,116174
2025-05-30 09:30:00+05:30,5105.5,5126.5,5093.5,5105.0,65324
2025-05-30 09:45:00+05:30,5105.0,5110.5,5086.0,5102.5,25229
2025-05-30 10:00:00+05:30,5103.0,5113.5,5077.0,5098.5,20319
2025-05-30 10:15:00+05:30,5098.5,5100.0,5090.0,5091.0,15731
2025-05-30 10:30:00+05:30,5090.5,5090.5,5043.5,5067.5,37566
2025-05-30 10:45:00+05:30,5067.5,5084.0,5061.5,5077.5,14928
2025-05-30 11:00:00+05:30,5079.5,5089.0,5072.0,5082.5,20421
2025-05-30 11:15:00+05:30,5082.5,5100.0,5077.5,5098.0,18349
2025-05-30 11:30:00+05:30,5098.5,5100.0,5085.0,5090.0,22677
2025-05-30 11:45:00+05:30,5090.0,5093.5,5085.5,5090.0,4593
2025-05-30 12:00:00+05:30,5090.0,5095.5,5087.0,5092.0,4876
2025-05-30 12:15:00+05:30,5091.0,5106.0,5091.0,5092.5,10394
2025-05-30 12:30:00+05:30,5093.0,5093.5,5082.0,5091.0,10253
2025-05-30 12:45:00+05:30,5090.5,5097.5,5088.0,5096.5,7683
2025-05-30 13:00:00+05:30,5096.5,5101.5,5094.5,5101.5,7753
2025-05-30 13:15:00+05:30,5101.0,5101.0,5097.0,5101.0,7166
2025-05-30 13:30:00+05:30,5101.0,5109.5,5099.5,5101.0,9887
2025-05-30 13:45:00+05:30,5101.5,5109.0,5100.0,5101.5,8644
2025-05-30 14:00:00+05:30,5103.5,5104.0,5090.0,5091.0,11612
2025-05-30 14:15:00+05:30,5091.5,5100.0,5090.0,5099.0,9381
2025-05-30 14:30:00+05:30,5099.0,5101.0,5096.0,5100.0,34600
2025-05-30 14:45:00+05:30,5100.5,5100.5,5090.0,5094.0,18933
2025-05-30 15:00:00+05:30,5094.0,5102.0,5094.0,5099.5,89602
2025-05-30 15:15:00+05:30,5099.5,5105.0,5090.0,5102.5,129507
2025-06-02 09:15:00+05:30,5077.0,5077.0,5004.0,5018.0,13751
2025-06-02 09:30:00+05:30,5018.0,5065.0,5010.0,5057.0,6798
2025-06-02 09:45:00+05:30,5057.0,5059.0,5040.0,5058.0,5818
2025-06-02 10:00:00+05:30,5054.0,5060.0,5040.0,5049.5,20098
2025-06-02 10:15:00+05:30,5049.5,5053.5,5039.5,5045.0,45005
2025-06-02 10:30:00+05:30,5045.0,5069.0,5045.0,5062.0,4186
2025-06-02 10:45:00+05:30,5062.5,5064.5,5048.5,5048.5,975
2025-06-02 11:00:00+05:30,5048.5,5077.0,5047.0,5070.0,3109
2025-06-02 11:15:00+05:30,5070.0,5080.5,5040.0,5042.5,4964
2025-06-02 11:30:00+05:30,5043.0,5060.0,5042.5,5051.0,2195
2025-06-02 11:45:00+05:30,5051.0,5059.0,5042.5,5052.5,2108
2025-06-02 12:00:00+05:30,5052.5,5053.5,5050.0,5050.0,2564
2025-06-02 12:15:00+05:30,5050.0,5057.5,5050.0,5055.5,3919
2025-06-02 12:30:00+05:30,5058.5,5061.0,5049.0,5051.5,2794
2025-06-02 12:45:00+05:30,5052.0,5055.5,5046.0,5050.0,2683
2025-06-02 13:00:00+05:30,5050.0,5052.0,5049.0,5051.0,2202
2025-06-02 13:15:00+05:30,5050.0,5051.0,5048.0,5050.0,1712
2025-06-02 13:30:00+05:30,5050.0,5070.0,5050.0,5070.0,4396
2025-06-02 13:45:00+05:30,5070.0,5075.5,5065.0,5065.0,3458
2025-06-02 14:00:00+05:30,5065.0,5069.5,5063.0,5065.0,6333
2025-06-02 14:15:00+05:30,5065.5,5070.5,5065.0,5065.0,2683
2025-06-02 14:30:00+05:30,5065.5,5073.0,5065.0,5066.0,3216
2025-06-02 14:45:00+05:30,5066.0,5095.5,5064.5,5095.5,6800
2025-06-02 15:00:00+05:30,5094.0,5102.5,5090.5,5096.0,7185
2025-06-02 15:15:00+05:30,5096.0,5105.0,5093.5,5095.5,11847
2025-06-03 09:15:00+05:30,5093.0,5118.0,5051.0,5083.5,15671
2025-06-03 09:30:00+05:30,5078.5,5082.0,5032.0,5035.5,11132
2025-06-03 09:45:00+05:30,5035.0,5037.5,4995.0,4996.0,9744
2025-06-03 10:00:00+05:30,4996.0,5002.5,4982.0,4995.5,10594
2025-06-03 10:15:00+05:30,4995.5,5030.5,4991.0,5018.0,10681
2025-06-03 10:30:00+05:30,5014.5,5019.5,5000.0,5010.5,3700
2025-06-03 10:45:00+05:30,5009.5,5016.0,4986.5,4995.5,5535
2025-06-03 11:00:00+05:30,4995.5,5002.0,4991.0,4991.5,3409
2025-06-03 11:15:00+05:30,4991.5,5001.0,4990.0,4995.0,3367
2025-06-03 11:30:00+05:30,4995.0,4998.5,4972.0,4973.5,5923
2025-06-03 11:45:00+05:30,4976.0,4998.0,4973.5,4993.5,3390
2025-06-03 12:00:00+05:30,4997.0,5006.0,4992.5,4996.5,2539
2025-06-03 12:15:00+05:30,4996.5,4999.0,4982.5,4996.5,6468
2025-06-03 12:30:00+05:30,4996.5,5005.0,4995.0,4997.5,1442
2025-06-03 12:45:00+05:30,4997.5,5004.5,4990.0,4991.0,2375
2025-06-03 13:00:00+05:30,4993.0,4997.5,4989.0,4993.5,4116
2025-06-03 13:15:00+05:30,4993.5,5000.0,4990.0,4999.0,3103
2025-06-03 13:30:00+05:30,4999.0,4999.0,4990.5,4993.5,1783
2025-06-03 13:45:00+05:30,4993.5,4996.5,4989.5,4990.0,1908
2025-06-03 14:00:00+05:30,4990.0,4994.5,4985.5,4993.5,2673
2025-06-03 14:15:00+05:30,4991.5,5002.5,4990.0,4995.0,26859
2025-06-03 14:30:00+05:30,4996.5,5002.5,4995.0,4997.0,2721
2025-06-03 14:45:00+05:30,4997.5,4999.0,4992.0,4994.5,3789
2025-06-03 15:00:00+05:30,4996.0,5004.0,4991.0,5003.0,12820
2025-06-03 15:15:00+05:30,5003.0,5003.0,4980.0,4980.0,12027
2025-06-04 09:15:00+05:30,4944.0,4988.0,4901.0,4920.0,257386
2025-06-04 09:30:00+05:30,4920.0,4930.0,4908.0,4910.0,39698
2025-06-04 09:45:00+05:30,4910.0,4915.0,4900.0,4904.0,31280
2025-06-04 10:00:00+05:30,4904.0,4908.0,4885.0,4901.5,25545
2025-06-04 10:15:00+05:30,4901.5,4904.5,4882.0,4901.5,15690
2025-06-04 10:30:00+05:30,4901.5,4923.5,4900.0,4922.0,17984
2025-06-04 10:45:00+05:30,4922.0,4922.5,4905.0,4905.5,6813
2025-06-04 11:00:00+05:30,4905.5,4913.0,4890.0,4896.5,8497
2025-06-04 11:15:00+05:30,4896.5,4896.5,4873.5,4878.0,10386
2025-06-04 11:30:00+05:30,4878.0,4889.5,4871.5,4885.0,18894
2025-06-04 11:45:00+05:30,4885.0,4885.5,4870.0,4871.5,10707
2025-06-04 12:00:00+05:30,4871.5,4872.0,4863.0,4864.5,22249
2025-06-04 12:15:00+05:30,4864.5,4875.5,4864.5,4870.5,7053
2025-06-04 12:30:00+05:30,4870.5,4877.0,4861.5,4876.0,8206
2025-06-04 12:45:00+05:30,4876.0,4894.0,4870.0,4886.0,41384
2025-06-04 13:00:00+05:30,4886.0,4895.0,4885.5,4894.0,26328
2025-06-04 13:15:00+05:30,4893.5,4895.5,4884.5,4884.5,11514
2025-06-04 13:30:00+05:30,4884.5,4884.5,4872.0,4875.0,10436
2025-06-04 13:45:00+05:30,4875.0,4878.5,4867.0,4878.0,8978
2025-06-04 14:00:00+05:30,4878.0,4878.0,4875.0,4875.5,6977
2025-06-04 14:15:00+05:30,4875.5,4877.0,4862.0,4863.0,11310
2025-06-04 14:30:00+05:30,4863.0,4884.5,4863.0,4878.0,10963
2025-06-04 14:45:00+05:30,4878.0,4886.0,4875.0,4877.0,16187
2025-06-04 15:00:00+05:30,4878.0,4880.5,4865.0,4866.0,25581
2025-06-04 15:15:00+05:30,4866.0,4874.0,4857.5,4858.0,51974
2025-06-05 09:15:00+05:30,4869.0,4925.0,4869.0,4912.5,11764
2025-06-05 09:30:00+05:30,4911.0,4914.5,4891.5,4906.0,3855
2025-06-05 09:45:00+05:30,4906.0,4907.5,4896.0,4898.0,4121
2025-06-05 10:00:00+05:30,4898.0,4902.0,4890.0,4897.5,3068
2025-06-05 10:15:00+05:30,4897.5,4900.0,4893.5,4898.5,1276
2025-06-05 10:30:00+05:30,4898.5,4900.0,4882.5,4891.0,3028
2025-06-05 10:45:00+05:30,4891.0,4891.0,4876.5,4880.0,2680
2025-06-05 11:00:00+05:30,4880.0,4880.0,4872.0,4878.5,2481
2025-06-05 11:15:00+05:30,4876.5,4894.0,4876.0,4880.0,6333
2025-06-05 11:30:00+05:30,4880.0,4880.0,4874.0,4878.5,971
2025-06-05 11:45:00+05:30,4878.5,4879.0,4872.5,4876.0,1076
2025-06-05 12:00:00+05:30,4876.0,4884.5,4876.0,4878.0,2116
2025-06-05 12:15:00+05:30,4878.0,4878.0,4860.0,4868.5,2940
2025-06-05 12:30:00+05:30,4869.5,4882.5,4867.0,4877.0,5254
2025-06-05 12:45:00+05:30,4877.0,4880.0,4863.5,4868.0,5923
2025-06-05 13:00:00+05:30,4865.5,4868.0,4847.0,4848.0,14992
2025-06-05 13:15:00+05:30,4848.0,4851.5,4844.5,4848.5,7076
2025-06-05 13:30:00+05:30,4848.0,4848.5,4841.0,4843.5,5680
2025-06-05 13:45:00+05:30,4843.5,4847.5,4831.5,4838.0,6146
2025-06-05 14:00:00+05:30,4838.0,4840.0,4834.0,4837.0,3440
2025-06-05 14:15:00+05:30,4837.0,4839.5,4831.0,4832.5,1483
2025-06-05 14:30:00+05:30,4834.5,4840.0,4826.5,4840.0,6267
2025-06-05 14:45:00+05:30,4840.0,4840.0,4834.0,4839.0,7437
2025-06-05 15:00:00+05:30,4839.5,4847.5,4835.0,4846.0,21743
2025-06-05 15:15:00+05:30,4846.0,4848.0,4835.0,4843.0,20107
2025-06-06 09:15:00+05:30,4868.0,4923.0,4854.5,4875.0,20881
2025-06-06 09:30:00+05:30,4873.5,4878.5,4860.0,4866.0,2287
2025-06-06 09:45:00+05:30,4867.0,4869.0,4856.5,4859.5,1626
2025-06-06 10:00:00+05:30,4862.0,4867.0,4851.5,4865.5,4210
2025-06-06 10:15:00+05:30,4865.5,4875.0,4856.5,4873.0,1635
2025-06-06 10:30:00+05:30,4870.5,4872.5,4862.5,4866.0,937
2025-06-06 10:45:00+05:30,4867.5,4868.0,4831.5,4834.5,5257
2025-06-06 11:00:00+05:30,4834.5,4840.0,4820.5,4825.5,4716
2025-06-06 11:15:00+05:30,4825.5,4830.0,4816.0,4825.0,5129
2025-06-06 11:30:00+05:30,4825.0,4844.5,4811.0,4844.5,17713
2025-06-06 11:45:00+05:30,4843.0,4849.0,4815.0,4822.0,27315
2025-06-06 12:00:00+05:30,4822.0,4828.0,4821.0,4824.0,14098
2025-06-06 12:15:00+05:30,4824.0,4826.5,4821.5,4824.0,3263
2025-06-06 12:30:00+05:30,4824.0,4845.0,4824.0,4838.5,3373
2025-06-06 12:45:00+05:30,4837.5,4841.5,4836.0,4839.0,1425
2025-06-06 13:00:00+05:30,4839.0,4842.0,4834.5,4836.5,2443
2025-06-06 13:15:00+05:30,4836.5,4858.0,4834.5,4856.0,22771
2025-06-06 13:30:00+05:30,4856.0,4864.5,4855.5,4860.0,14161
2025-06-06 13:45:00+05:30,4860.0,4869.5,4860.0,4863.5,1921
2025-06-06 14:00:00+05:30,4863.5,4875.0,4863.0,4869.0,2989
2025-06-06 14:15:00+05:30,4869.0,4875.0,4869.0,4873.0,1555
2025-06-06 14:30:00+05:30,4873.0,4877.5,4862.5,4865.5,5401
2025-06-06 14:45:00+05:30,4865.5,4865.5,4857.5,4861.5,899
2025-06-06 15:00:00+05:30,4861.5,4866.0,4858.0,4860.0,4440
2025-06-06 15:15:00+05:30,4862.5,4870.0,4856.5,4868.5,11038
2025-06-09 09:15:00+05:30,4889.0,4889.0,4845.0,4858.0,27630
2025-06-09 09:30:00+05:30,4857.0,4863.5,4848.5,4859.0,3862
2025-06-09 09:45:00+05:30,4859.0,4866.0,4850.5,4866.0,2308
2025-06-09 10:00:00+05:30,4866.0,4870.0,4859.0,4861.5,1633
2025-06-09 10:15:00+05:30,4861.5,4870.0,4857.5,4870.0,784
2025-06-09 10:30:00+05:30,4870.0,4878.0,4862.5,4867.5,2113
2025-06-09 10:45:00+05:30,4867.5,4882.0,4867.5,4873.5,2621
2025-06-09 11:00:00+05:30,4873.5,4879.5,4872.0,4876.0,1328
2025-06-09 11:15:00+05:30,4876.0,4879.5,4870.0,4879.0,1707
2025-06-09 11:30:00+05:30,4879.0,4890.0,4877.0,4883.5,3846
2025-06-09 11:45:00+05:30,4883.5,4888.0,4877.0,4883.0,1759
2025-06-09 12:00:00+05:30,4885.5,4886.0,4878.0,4884.5,1207
2025-06-09 12:15:00+05:30,4882.0,4889.0,4882.0,4886.0,2931
2025-06-09 12:30:00+05:30,4887.5,4887.5,4877.0,4884.0,2208
2025-06-09 12:45:00+05:30,4884.0,4886.5,4880.0,4881.0,1150
2025-06-09 13:00:00+05:30,4881.0,4887.0,4881.0,4883.0,671
2025-06-09 13:15:00+05:30,4884.0,4885.0,4876.5,4880.0,2117
2025-06-09 13:30:00+05:30,4880.0,4885.0,4880.0,4884.0,888
2025-06-09 13:45:00+05:30,4884.0,4885.0,4881.0,4883.5,1303
2025-06-09 14:00:00+05:30,4883.5,4885.0,4875.0,4882.0,1477
2025-06-09 14:15:00+05:30,4882.0,4885.0,4878.5,4882.5,1260
2025-06-09 14:30:00+05:30,4882.5,4885.0,4879.5,4881.5,1840
2025-06-09 14:45:00+05:30,4881.5,4885.0,4879.5,4881.0,3545
2025-06-09 15:00:00+05:30,4882.5,4882.5,4870.0,4876.0,3233
2025-06-09 15:15:00+05:30,4870.0,4884.0,4863.5,4875.0,9436
2025-06-10 09:15:00+05:30,4898.0,4905.0,4877.5,4877.5,4937
2025-06-10 09:30:00+05:30,4877.0,4900.0,4877.0,4899.5,2779
2025-06-10 09:45:00+05:30,4904.5,4923.5,4904.0,4921.5,10344
2025-06-10 10:00:00+05:30,4921.5,4933.0,4914.5,4923.0,10137
2025-06-10 10:15:00+05:30,4921.0,4955.0,4918.0,4941.0,18181
2025-06-10 10:30:00+05:30,4944.0,4955.0,4935.0,4942.0,9366
2025-06-10 10:45:00+05:30,4942.0,4943.0,4932.5,4937.0,3525
2025-06-10 11:00:00+05:30,4937.0,4945.0,4937.0,4942.0,5700
2025-06-10 11:15:00+05:30,4942.0,4945.0,4940.0,4941.5,4179
2025-06-10 11:30:00+05:30,4941.5,4945.0,4940.0,4944.5,3823
2025-06-10 11:45:00+05:30,4944.5,4962.5,4940.0,4955.0,9125
2025-06-10 12:00:00+05:30,4955.0,4958.5,4945.0,4951.0,7325
2025-06-10 12:15:00+05:30,4951.0,4995.0,4950.5,4992.5,28724
2025-06-10 12:30:00+05:30,4990.5,5005.0,4974.0,4976.5,25354
2025-06-10 12:45:00+05:30,4976.5,4979.5,4965.0,4971.0,48704
2025-06-10 13:00:00+05:30,4970.0,4973.0,4961.5,4966.5,7268
2025-06-10 13:15:00+05:30,4964.5,4966.5,4960.5,4965.5,5559
2025-06-10 13:30:00+05:30,4965.0,4967.0,4953.0,4962.0,10841
2025-06-10 13:45:00+05:30,4964.5,4968.5,4960.5,4961.0,6369
2025-06-10 14:00:00+05:30,4961.0,4966.5,4953.0,4953.5,4896
2025-06-10 14:15:00+05:30,4954.0,4960.0,4950.0,4950.5,5690
2025-06-10 14:30:00+05:30,4950.5,4957.5,4950.5,4951.0,4456
2025-06-10 14:45:00+05:30,4951.0,4957.0,4945.0,4950.0,11565
2025-06-10 15:00:00+05:30,4950.0,4968.5,4949.0,4967.5,22078
2025-06-10 15:15:00+05:30,4967.0,4967.0,4950.0,4962.5,29094
2025-06-11 09:15:00+05:30,4971.5,5005.0,4962.0,4968.5,13937
2025-06-11 09:30:00+05:30,4968.5,4968.5,4950.5,4953.0,7755
2025-06-11 09:45:00+05:30,4953.0,4959.0,4947.0,4959.0,6419
2025-06-11 10:00:00+05:30,4959.0,4960.5,4952.5,4954.0,3057
2025-06-11 10:15:00+05:30,4954.0,4954.5,4923.0,4931.5,7005
2025-06-11 10:30:00+05:30,4931.5,4945.5,4928.5,4934.0,4387
2025-06-11 10:45:00+05:30,4934.0,4960.5,4934.0,4955.0,9957
2025-06-11 11:00:00+05:30,4955.0,4967.0,4952.5,4960.5,8867
2025-06-11 11:15:00+05:30,4960.5,4963.5,4952.5,4963.5,12211
2025-06-11 11:30:00+05:30,4962.5,4963.0,4935.0,4935.5,11119
2025-06-11 11:45:00+05:30,4935.5,4936.5,4925.0,4926.0,5081
2025-06-11 12:00:00+05:30,4926.0,4929.0,4917.0,4918.5,23997
2025-06-11 12:15:00+05:30,4918.5,4921.5,4905.0,4913.5,40759
2025-06-11 12:30:00+05:30,4913.5,4918.5,4905.0,4918.5,11267
2025-06-11 12:45:00+05:30,4918.5,4918.5,4907.0,4909.5,4135
2025-06-11 13:00:00+05:30,4909.5,4913.0,4905.5,4910.0,3375
2025-06-11 13:15:00+05:30,4907.5,4909.5,4900.0,4903.5,22473
2025-06-11 13:30:00+05:30,4903.5,4908.0,4896.5,4901.0,6154
2025-06-11 13:45:00+05:30,4901.0,4904.5,4898.0,4902.0,3615
2025-06-11 14:00:00+05:30,4902.0,4902.0,4891.5,4891.5,8790
2025-06-11 14:15:00+05:30,4891.5,4900.0,4891.5,4899.5,43517
2025-06-11 14:30:00+05:30,4899.5,4909.0,4818.5,4877.0,105321
2025-06-11 14:45:00+05:30,4877.0,4886.0,4875.0,4881.0,19661
2025-06-11 15:00:00+05:30,4880.0,4892.0,4879.5,4881.0,18920
2025-06-11 15:15:00+05:30,4880.0,4898.5,4872.5,4898.5,46179
2025-06-12 09:15:00+05:30,4911.0,4956.5,4891.0,4929.0,17782
2025-06-12 09:30:00+05:30,4929.0,4944.5,4912.5,4920.0,3755
2025-06-12 09:45:00+05:30,4920.0,4929.5,4915.5,4921.5,3057
2025-06-12 10:00:00+05:30,4921.5,4929.5,4910.5,4919.0,2231
2025-06-12 10:15:00+05:30,4919.0,4934.0,4912.5,4912.5,1151
2025-06-12 10:30:00+05:30,4912.5,4912.5,4896.0,4899.5,6850
2025-06-12 10:45:00+05:30,4903.0,4906.5,4891.5,4891.5,4730
2025-06-12 11:00:00+05:30,4893.0,4908.5,4889.0,4904.0,8252
2025-06-12 11:15:00+05:30,4904.0,4909.0,4884.0,4894.5,11466
2025-06-12 11:30:00+05:30,4894.5,4895.0,4870.5,4875.5,23029
2025-06-12 11:45:00+05:30,4875.5,4880.0,4872.5,4877.5,6926
2025-06-12 12:00:00+05:30,4877.5,4879.5,4869.5,4870.5,9511
2025-06-12 12:15:00+05:30,4870.5,4875.0,4869.0,4869.0,2152
2025-06-12 12:30:00+05:30,4869.0,4876.0,4869.0,4875.0,2349
2025-06-12 12:45:00+05:30,4875.0,4875.0,4856.5,4859.0,14520
2025-06-12 13:00:00+05:30,4859.0,4864.5,4856.5,4858.5,16625
2025-06-12 13:15:00+05:30,4858.5,4859.5,4851.0,4855.0,6179
2025-06-12 13:30:00+05:30,4855.0,4858.0,4845.5,4846.5,6220
2025-06-12 13:45:00+05:30,4846.0,4846.5,4836.0,4844.0,2021
2025-06-12 14:00:00+05:30,4844.0,4844.0,4813.5,4814.5,4918
2025-06-12 14:15:00+05:30,4814.0,4830.5,4812.0,4820.0,2524
2025-06-12 14:30:00+05:30,4820.0,4830.0,4818.0,4828.0,2402
2025-06-12 14:45:00+05:30,4828.0,4848.0,4824.5,4846.5,34593
2025-06-12 15:00:00+05:30,4846.5,4848.0,4844.0,4846.5,32050
2025-06-12 15:15:00+05:30,4845.5,4849.5,4830.0,4836.0,18930
2025-06-13 09:15:00+05:30,4805.0,4829.0,4743.5,4798.0,8648
2025-06-13 09:30:00+05:30,4798.0,4798.0,4776.5,4781.5,5847
2025-06-13 09:45:00+05:30,4781.5,4789.5,4769.0,4789.5,3051
2025-06-13 10:00:00+05:30,4789.5,4796.5,4771.0,4790.5,2171
2025-06-13 10:15:00+05:30,4790.5,4793.0,4771.5,4774.0,29588
2025-06-13 10:30:00+05:30,4774.0,4787.5,4771.0,4780.5,150078
2025-06-13 10:45:00+05:30,4783.5,4783.5,4756.0,4769.5,23376
2025-06-13 11:00:00+05:30,4769.5,4769.5,4756.0,4756.0,25540
2025-06-13 11:15:00+05:30,4756.0,4768.0,4756.0,4765.5,3349
2025-06-13 11:30:00+05:30,4765.5,4771.5,4765.0,4765.0,3045
2025-06-13 11:45:00+05:30,4765.0,4770.5,4765.0,4770.5,2805
2025-06-13 12:00:00+05:30,4770.5,4782.0,4767.5,4775.0,4076
2025-06-13 12:15:00+05:30,4775.0,4782.0,4774.0,4775.0,4690
2025-06-13 12:30:00+05:30,4775.0,4791.0,4775.0,4778.5,5050
2025-06-13 12:45:00+05:30,4778.5,4794.5,4777.0,4780.0,10772
2025-06-13 13:00:00+05:30,4780.0,4785.5,4780.0,4784.5,4715
2025-06-13 13:15:00+05:30,4781.5,4787.0,4780.0,4782.5,4393
2025-06-13 13:30:00+05:30,4782.5,4790.5,4780.5,4785.0,7388
2025-06-13 13:45:00+05:30,4785.0,4794.0,4783.0,4792.5,4921
2025-06-13 14:00:00+05:30,4793.5,4826.5,4790.0,4823.5,27923
2025-06-13 14:15:00+05:30,4823.5,4835.0,4818.5,4831.5,11942
2025-06-13 14:30:00+05:30,4831.5,4841.0,4830.5,4831.0,4272
2025-06-13 14:45:00+05:30,4831.0,4834.5,4829.5,4832.0,3272
2025-06-13 15:00:00+05:30,4832.0,4853.0,4830.0,4853.0,9345
2025-06-13 15:15:00+05:30,4853.0,4855.0,4837.5,4850.5,22269
2025-06-16 09:15:00+05:30,4832.0,4855.0,4825.0,4832.0,4596
2025-06-16 09:30:00+05:30,4833.0,4833.0,4807.0,4813.0,2380
2025-06-16 09:45:00+05:30,4813.0,4816.5,4794.0,4802.0,3860
2025-06-16 10:00:00+05:30,4802.0,4813.5,4794.0,4810.0,934
2025-06-16 10:15:00+05:30,4810.0,4819.5,4808.5,4812.5,1532
2025-06-16 10:30:00+05:30,4812.5,4815.5,4800.5,4804.0,1207
2025-06-16 10:45:00+05:30,4804.0,4817.5,4803.0,4814.5,1024
2025-06-16 11:00:00+05:30,4814.5,4824.0,4814.0,4817.0,934
2025-06-16 11:15:00+05:30,4817.0,4827.0,4805.0,4827.0,6754
2025-06-16 11:30:00+05:30,4827.0,4847.0,4823.0,4847.0,3137
2025-06-16 11:45:00+05:30,4847.0,4850.5,4828.5,4839.5,4367
2025-06-16 12:00:00+05:30,4839.5,4847.0,4839.0,4845.0,411
2025-06-16 12:15:00+05:30,4845.0,4849.0,4823.0,4841.0,5503
2025-06-16 12:30:00+05:30,4838.5,4849.0,4837.0,4846.0,402
2025-06-16 12:45:00+05:30,4846.0,4849.0,4840.0,4847.5,2142
2025-06-16 13:00:00+05:30,4847.5,4854.5,4845.5,4854.5,365
2025-06-16 13:15:00+05:30,4854.5,4865.0,4851.5,4864.5,1339
2025-06-16 13:30:00+05:30,4864.5,4870.0,4862.0,4864.5,467
2025-06-16 13:45:00+05:30,4864.5,4867.5,4860.0,4860.0,417
2025-06-16 14:00:00+05:30,4860.0,4867.5,4860.0,4867.5,977
2025-06-16 14:15:00+05:30,4867.5,4870.0,4862.0,4870.0,1595
2025-06-16 14:30:00+05:30,4870.0,4875.5,4854.5,4863.5,7433
2025-06-16 14:45:00+05:30,4868.5,4870.0,4862.5,4864.5,884
2025-06-16 15:00:00+05:30,4866.0,4868.5,4863.0,4867.0,4348
2025-06-16 15:15:00+05:30,4867.0,4882.5,4855.0,4870.0,14466
2025-06-17 09:15:00+05:30,4877.0,4881.5,4850.5,4854.0,5364
2025-06-17 09:30:00+05:30,4854.0,4865.5,4850.5,4855.0,1611
2025-06-17 09:45:00+05:30,4855.0,4858.0,4844.5,4849.5,854
2025-06-17 10:00:00+05:30,4849.5,4857.5,4848.0,4852.0,1259
2025-06-17 10:15:00+05:30,4852.0,4857.5,4850.0,4853.5,1307
2025-06-17 10:30:00+05:30,4855.0,4878.0,4852.0,4877.5,3331
2025-06-17 10:45:00+05:30,4873.0,4877.5,4860.5,4871.5,3380
2025-06-17 11:00:00+05:30,4870.5,4870.5,4865.0,4867.0,2654
2025-06-17 11:15:00+05:30,4867.0,4872.5,4866.5,4870.5,2369
2025-06-17 11:30:00+05:30,4872.0,4875.0,4870.0,4870.0,2035
2025-06-17 11:45:00+05:30,4870.0,4874.5,4862.0,4866.0,14331
2025-06-17 12:00:00+05:30,4866.0,4868.5,4852.5,4852.5,3887
2025-06-17 12:15:00+05:30,4852.5,4870.0,4851.5,4860.5,6197
2025-06-17 12:30:00+05:30,4860.5,4861.5,4834.0,4838.0,3522
2025-06-17 12:45:00+05:30,4838.5,4840.5,4826.5,4833.5,3246
2025-06-17 13:00:00+05:30,4833.5,4842.5,4831.0,4840.0,1389
2025-06-17 13:15:00+05:30,4840.0,4846.5,4832.5,4845.0,2264
2025-06-17 13:30:00+05:30,4845.0,4852.0,4844.0,4850.0,878
2025-06-17 13:45:00+05:30,4850.0,4855.0,4847.5,4854.0,982
2025-06-17 14:00:00+05:30,4854.0,4855.0,4850.0,4855.0,1414
2025-06-17 14:15:00+05:30,4855.0,4855.0,4822.0,4827.5,4039
2025-06-17 14:30:00+05:30,4827.5,4827.5,4795.0,4811.5,7020
2025-06-17 14:45:00+05:30,4815.0,4820.5,4807.5,4815.5,1777
2025-06-17 15:00:00+05:30,4815.0,4825.5,4813.5,4821.0,6686
2025-06-17 15:15:00+05:30,4822.5,4822.5,4796.0,4805.0,11244
2025-06-18 09:15:00+05:30,4840.0,4847.5,4799.0,4812.5,3437
2025-06-18 09:30:00+05:30,4812.5,4818.5,4807.0,4808.0,2337
2025-06-18 09:45:00+05:30,4808.0,4812.5,4790.5,4800.5,3079
2025-06-18 10:00:00+05:30,4800.0,4815.0,4800.0,4805.5,1843
2025-06-18 10:15:00+05:30,4808.0,4813.5,4800.0,4802.5,314
2025-06-18 10:30:00+05:30,4802.5,4804.0,4792.0,4797.5,4471
2025-06-18 10:45:00+05:30,4799.5,4800.5,4782.0,4790.0,2840
2025-06-18 11:00:00+05:30,4790.0,4795.0,4785.0,4791.0,864
2025-06-18 11:15:00+05:30,4791.0,4794.5,4790.0,4790.0,1251
2025-06-18 11:30:00+05:30,4790.0,4794.0,4780.0,4792.5,4360
2025-06-18 11:45:00+05:30,4792.5,4796.5,4780.0,4785.5,3175
2025-06-18 12:00:00+05:30,4785.5,4792.0,4785.0,4789.0,556
2025-06-18 12:15:00+05:30,4789.0,4792.0,4782.0,4787.5,593
2025-06-18 12:30:00+05:30,4787.5,4789.5,4777.0,4777.0,1543
2025-06-18 12:45:00+05:30,4775.5,4800.5,4775.0,4800.0,8661
2025-06-18 13:00:00+05:30,4800.0,4800.5,4781.0,4781.0,3324
2025-06-18 13:15:00+05:30,4781.0,4792.5,4778.5,4790.5,1963
2025-06-18 13:30:00+05:30,4790.5,4800.5,4787.0,4795.5,6370
2025-06-18 13:45:00+05:30,4795.5,4804.5,4792.5,4802.5,1823
2025-06-18 14:00:00+05:30,4803.0,4805.0,4799.0,4799.0,544
2025-06-18 14:15:00+05:30,4799.0,4803.0,4790.5,4792.0,9937
2025-06-18 14:30:00+05:30,4792.0,4816.5,4786.5,4816.0,26793
2025-06-18 14:45:00+05:30,4816.0,4817.0,4809.0,4814.0,11063
2025-06-18 15:00:00+05:30,4814.0,4814.0,4803.5,4810.0,8522
2025-06-18 15:15:00+05:30,4807.0,4812.0,4789.5,4800.0,10715
2025-06-19 09:15:00+05:30,4811.0,4822.5,4780.0,4793.5,3688
2025-06-19 09:30:00+05:30,4793.5,4803.0,4785.0,4790.0,1934
2025-06-19 09:45:00+05:30,4791.0,4801.5,4784.0,4791.5,699
2025-06-19 10:00:00+05:30,4791.5,4791.5,4766.0,4780.0,1554
2025-06-19 10:15:00+05:30,4780.0,4780.0,4762.5,4767.5,1314
2025-06-19 10:30:00+05:30,4767.5,4768.0,4757.0,4763.0,1034
2025-06-19 10:45:00+05:30,4763.0,4767.5,4762.0,4766.5,461
2025-06-19 11:00:00+05:30,4766.5,4768.5,4761.0,4767.5,547
2025-06-19 11:15:00+05:30,4767.5,4779.5,4765.0,4775.5,280
2025-06-19 11:30:00+05:30,4775.5,4778.0,4771.0,4778.0,322
2025-06-19 11:45:00+05:30,4778.0,4779.0,4775.0,4775.0,271
2025-06-19 12:00:00+05:30,4775.0,4791.0,4775.0,4784.0,1348
2025-06-19 12:15:00+05:30,4784.0,4786.5,4782.0,4785.0,106
2025-06-19 12:30:00+05:30,4781.5,4785.0,4775.0,4775.0,2117
2025-06-19 12:45:00+05:30,4775.0,4779.5,4775.0,4775.0,326
2025-06-19 13:00:00+05:30,4775.0,4780.5,4775.0,4775.0,2384
2025-06-19 13:15:00+05:30,4775.0,4792.5,4773.5,4789.0,1466
2025-06-19 13:30:00+05:30,4789.0,4797.0,4781.0,4781.0,10122
2025-06-19 13:45:00+05:30,4781.0,4794.0,4777.5,4780.5,12521
2025-06-19 14:00:00+05:30,4780.5,4783.0,4778.0,4779.0,578
2025-06-19 14:15:00+05:30,4779.0,4788.0,4778.0,4778.5,703
2025-06-19 14:30:00+05:30,4778.0,4779.0,4765.5,4766.5,1295
2025-06-19 14:45:00+05:30,4769.0,4787.5,4767.5,4780.5,1410
2025-06-19 15:00:00+05:30,4785.0,4802.0,4780.0,4787.0,17695
2025-06-19 15:15:00+05:30,4788.0,4788.5,4760.5,4775.0,15007
2025-06-20 09:15:00+05:30,4770.0,4799.0,4765.0,4792.0,1416
2025-06-20 09:30:00+05:30,4792.0,4802.0,4785.5,4799.5,1137
2025-06-20 09:45:00+05:30,4799.5,4802.0,4772.0,4778.0,1504
2025-06-20 10:00:00+05:30,4778.0,4790.5,4774.0,4784.5,1493
2025-06-20 10:15:00+05:30,4784.5,4786.0,4775.0,4780.5,1129
2025-06-20 10:30:00+05:30,4780.5,4790.0,4775.5,4778.0,1057
2025-06-20 10:45:00+05:30,4778.0,4785.0,4770.0,4774.0,3359
2025-06-20 11:00:00+05:30,4774.0,4785.0,4772.0,4777.0,1949
2025-06-20 11:15:00+05:30,4777.0,4777.0,4767.0,4767.0,2083
2025-06-20 11:30:00+05:30,4767.0,4775.0,4767.0,4773.5,1009
2025-06-20 11:45:00+05:30,4773.5,4775.5,4770.5,4775.0,2379
2025-06-20 12:00:00+05:30,4775.0,4778.5,4770.0,4775.0,2562
2025-06-20 12:15:00+05:30,4775.0,4775.0,4757.0,4761.0,4446
2025-06-20 12:30:00+05:30,4761.0,4762.5,4755.0,4759.5,2474
2025-06-20 12:45:00+05:30,4759.0,4768.0,4759.0,4765.0,990
2025-06-20 13:00:00+05:30,4765.0,4770.0,4764.5,4766.0,2086
2025-06-20 13:15:00+05:30,4766.0,4769.0,4760.5,4763.0,4806
2025-06-20 13:30:00+05:30,4763.0,4765.0,4750.0,4762.5,6628
2025-06-20 13:45:00+05:30,4762.5,4776.0,4762.5,4769.5,10469
2025-06-20 14:00:00+05:30,4769.5,4776.0,4763.5,4766.5,44278
2025-06-20 14:15:00+05:30,4766.5,4768.0,4760.0,4765.0,2036
2025-06-20 14:30:00+05:30,4765.0,4775.5,4761.5,4774.0,19106
2025-06-20 14:45:00+05:30,4772.5,4782.0,4767.0,4778.0,20931
2025-06-20 15:00:00+05:30,4783.0,4812.0,4770.0,4774.5,343387
2025-06-20 15:15:00+05:30,4775.0,4789.0,4743.5,4774.5,324729
2025-06-23 09:15:00+05:30,4774.5,4798.5,4770.5,4776.0,4628
2025-06-23 09:30:00+05:30,4776.0,4780.5,4763.5,4770.0,1941
2025-06-23 09:45:00+05:30,4770.0,4786.0,4766.0,4778.0,2378
2025-06-23 10:00:00+05:30,4778.0,4779.5,4765.0,4767.5,1227
2025-06-23 10:15:00+05:30,4767.5,4783.5,4767.5,4774.5,920
2025-06-23 10:30:00+05:30,4774.5,4782.5,4765.0,4776.5,2599
2025-06-23 10:45:00+05:30,4776.5,4791.5,4776.5,4784.0,1752
2025-06-23 11:00:00+05:30,4787.5,4790.0,4780.5,4785.0,636
2025-06-23 11:15:00+05:30,4789.0,4792.5,4783.0,4790.0,591
2025-06-23 11:30:00+05:30,4790.0,4798.0,4788.5,4795.5,590
2025-06-23 11:45:00+05:30,4795.5,4809.0,4795.0,4804.0,4278
2025-06-23 12:00:00+05:30,4804.0,4809.0,4791.0,4797.5,4518
2025-06-23 12:15:00+05:30,4797.5,4804.0,4790.5,4790.5,2257
2025-06-23 12:30:00+05:30,4790.5,4793.0,4774.5,4782.0,2884
2025-06-23 12:45:00+05:30,4780.0,4783.0,4768.0,4775.0,2697
2025-06-23 13:00:00+05:30,4775.0,4775.5,4768.0,4768.0,6029
2025-06-23 13:15:00+05:30,4768.0,4783.5,4767.0,4779.0,6223
2025-06-23 13:30:00+05:30,4779.0,4794.0,4774.5,4786.5,4562
2025-06-23 13:45:00+05:30,4786.0,4790.0,4777.5,4780.5,1830
2025-06-23 14:00:00+05:30,4781.0,4785.5,4780.5,4781.0,1603
2025-06-23 14:15:00+05:30,4781.0,4786.0,4771.5,4779.5,4270
2025-06-23 14:30:00+05:30,4779.5,4782.0,4766.5,4771.5,4308
2025-06-23 14:45:00+05:30,4773.5,4780.0,4769.0,4770.5,5565
2025-06-23 15:00:00+05:30,4770.5,4772.5,4761.5,4768.0,4927
2025-06-23 15:15:00+05:30,4768.0,4769.0,4730.5,4757.0,11665
2025-06-24 09:15:00+05:30,4793.5,4798.5,4756.5,4780.0,4036
2025-06-24 09:30:00+05:30,4780.0,4793.5,4773.0,4786.0,1205
2025-06-24 09:45:00+05:30,4785.5,4794.5,4775.0,4786.0,1775
2025-06-24 10:00:00+05:30,4789.0,4807.5,4781.5,4800.0,5532
2025-06-24 10:15:00+05:30,4800.0,4809.5,4778.5,4794.5,9810
2025-06-24 10:30:00+05:30,4794.5,4800.0,4786.0,4795.0,1201
2025-06-24 10:45:00+05:30,4792.5,4797.5,4784.0,4792.0,884
2025-06-24 11:00:00+05:30,4792.0,4797.5,4789.5,4791.0,735
2025-06-24 11:15:00+05:30,4791.0,4802.0,4788.0,4802.0,963
2025-06-24 11:30:00+05:30,4802.5,4808.0,4800.0,4802.5,1554
2025-06-24 11:45:00+05:30,4802.5,4812.0,4800.0,4802.5,8814
2025-06-24 12:00:00+05:30,4803.0,4829.0,4802.0,4823.5,13356
2025-06-24 12:15:00+05:30,4823.5,4837.0,4815.0,4816.5,7972
2025-06-24 12:30:00+05:30,4816.5,4821.5,4805.5,4815.0,7055
2025-06-24 12:45:00+05:30,4812.5,4821.0,4810.0,4816.0,7524
2025-06-24 13:00:00+05:30,4816.5,4820.0,4813.5,4815.0,2688
2025-06-24 13:15:00+05:30,4815.0,4815.0,4801.5,4809.0,3145
2025-06-24 13:30:00+05:30,4808.0,4810.5,4789.5,4793.5,5171
2025-06-24 13:45:00+05:30,4793.5,4809.0,4788.5,4805.5,2700
2025-06-24 14:00:00+05:30,4805.5,4810.0,4805.0,4808.5,2762
2025-06-24 14:15:00+05:30,4808.5,4814.5,4805.0,4814.5,1255
2025-06-24 14:30:00+05:30,4814.5,4815.0,4805.0,4809.0,1252
2025-06-24 14:45:00+05:30,4808.5,4811.0,4805.0,4805.0,4094
2025-06-24 15:00:00+05:30,4805.5,4815.0,4805.5,4812.5,10198
2025-06-24 15:15:00+05:30,4813.0,4815.5,4805.0,4805.0,17614
2025-06-25 09:15:00+05:30,4832.0,4850.0,4821.0,4837.0,6528
2025-06-25 09:30:00+05:30,4837.0,4842.5,4827.0,4839.5,6732
2025-06-25 09:45:00+05:30,4839.5,4851.0,4839.0,4844.0,11186
2025-06-25 10:00:00+05:30,4844.0,4860.0,4834.5,4847.0,13307
2025-06-25 10:15:00+05:30,4847.0,4856.5,4845.5,4852.5,5794
2025-06-25 10:30:00+05:30,4852.5,4859.5,4840.0,4843.5,5483
2025-06-25 10:45:00+05:30,4843.5,4850.5,4835.0,4845.5,5841
2025-06-25 11:00:00+05:30,4844.0,4851.5,4844.0,4848.0,1439
2025-06-25 11:15:00+05:30,4848.0,4855.5,4842.0,4848.0,4434
2025-06-25 11:30:00+05:30,4850.0,4863.0,4850.0,4855.5,11112
2025-06-25 11:45:00+05:30,4855.5,4858.0,4831.0,4834.5,13871
2025-06-25 12:00:00+05:30,4834.5,4844.0,4831.0,4834.5,13734
2025-06-25 12:15:00+05:30,4833.5,4856.5,4831.5,4853.0,16666
2025-06-25 12:30:00+05:30,4853.0,4857.0,4846.5,4853.5,7805
2025-06-25 12:45:00+05:30,4853.5,4857.0,4831.0,4846.5,5589
2025-06-25 13:00:00+05:30,4846.5,4851.5,4837.5,4845.5,6409
2025-06-25 13:15:00+05:30,4845.5,4851.5,4839.5,4846.0,18611
2025-06-25 13:30:00+05:30,4846.0,4860.0,4844.5,4857.0,12311
2025-06-25 13:45:00+05:30,4857.0,4860.0,4849.5,4852.0,10758
2025-06-25 14:00:00+05:30,4852.0,4854.0,4843.5,4847.0,1285
2025-06-25 14:15:00+05:30,4847.0,4857.0,4838.5,4856.0,8787
2025-06-25 14:30:00+05:30,4856.0,4857.0,4850.0,4853.0,7357
2025-06-25 14:45:00+05:30,4853.0,4855.5,4840.5,4845.0,6443
2025-06-25 15:00:00+05:30,4847.5,4859.5,4847.5,4856.0,13862
2025-06-25 15:15:00+05:30,4856.0,4859.5,4841.0,4841.0,18600
2025-06-27 09:15:00+05:30,4865.0,4895.5,4855.0,4880.0,14339
2025-06-27 09:30:00+05:30,4880.0,4905.5,4874.0,4888.5,6929
2025-06-27 09:45:00+05:30,4888.0,4888.0,4872.5,4880.5,2450
2025-06-27 10:00:00+05:30,4880.5,4898.5,4880.0,4894.5,3920
2025-06-27 10:15:00+05:30,4892.0,4901.5,4892.0,4898.5,1857
2025-06-27 10:30:00+05:30,4898.5,4899.0,4880.0,4883.0,1741
2025-06-27 10:45:00+05:30,4883.0,4897.0,4878.5,4890.0,1303
2025-06-27 11:00:00+05:30,4890.0,4905.0,4887.0,4899.0,2595
2025-06-27 11:15:00+05:30,4899.0,4905.5,4895.5,4897.0,2355
2025-06-27 11:30:00+05:30,4897.0,4904.0,4895.0,4903.0,1194
2025-06-27 11:45:00+05:30,4903.0,4903.0,4896.5,4899.5,1381
2025-06-27 12:00:00+05:30,4897.0,4908.0,4895.0,4898.0,1821
2025-06-27 12:15:00+05:30,4898.0,4903.0,4895.0,4903.0,1135
2025-06-27 12:30:00+05:30,4903.0,4907.0,4900.0,4902.0,1393
2025-06-27 12:45:00+05:30,4902.0,4902.0,4895.5,4895.5,933
2025-06-27 13:00:00+05:30,4895.0,4900.0,4881.5,4883.0,2866
2025-06-27 13:15:00+05:30,4883.0,4890.0,4879.0,4884.5,1467
2025-06-27 13:30:00+05:30,4884.5,4889.5,4881.0,4884.5,1017
2025-06-27 13:45:00+05:30,4884.5,4889.0,4880.5,4883.5,662
2025-06-27 14:00:00+05:30,4883.5,4886.0,4880.5,4886.0,538
2025-06-27 14:15:00+05:30,4886.0,4894.0,4881.0,4893.5,919
2025-06-27 14:30:00+05:30,4893.5,4894.5,4886.5,4889.5,1141
2025-06-27 14:45:00+05:30,4889.5,4920.0,4884.5,4916.5,6325
2025-06-27 15:00:00+05:30,4906.5,4910.5,4896.0,4905.0,27568
2025-06-27 15:15:00+05:30,4905.0,4914.5,4897.0,4910.0,25907
2025-06-30 09:15:00+05:30,4930.5,4937.5,4902.5,4916.5,4950
2025-06-30 09:30:00+05:30,4914.5,4925.0,4914.5,4925.0,2170
2025-06-30 09:45:00+05:30,4930.0,4943.5,4920.5,4920.5,8049
2025-06-30 10:00:00+05:30,4920.5,4929.0,4915.0,4923.0,1731
2025-06-30 10:15:00+05:30,4923.0,4930.0,4915.5,4918.0,1718
2025-06-30 10:30:00+05:30,4918.0,4932.0,4912.0,4925.0,1442
2025-06-30 10:45:00+05:30,4925.0,4929.5,4920.5,4929.0,1328
2025-06-30 11:00:00+05:30,4929.0,4935.5,4925.5,4930.0,1368
2025-06-30 11:15:00+05:30,4930.0,4930.0,4918.0,4925.5,1680
2025-06-30 11:30:00+05:30,4927.0,4932.0,4927.0,4932.0,1138
2025-06-30 11:45:00+05:30,4932.0,4938.0,4928.0,4937.5,2008
2025-06-30 12:00:00+05:30,4937.5,4939.0,4929.5,4929.5,1721
2025-06-30 12:15:00+05:30,4929.5,4931.5,4926.0,4926.0,979
2025-06-30 12:30:00+05:30,4928.0,4929.0,4922.0,4924.0,2268
2025-06-30 12:45:00+05:30,4924.0,4925.5,4920.0,4920.5,592
2025-06-30 13:00:00+05:30,4920.5,4937.5,4920.0,4935.0,3543
2025-06-30 13:15:00+05:30,4935.0,4943.0,4930.0,4933.5,4078
2025-06-30 13:30:00+05:30,4933.5,4939.5,4931.5,4936.5,790
2025-06-30 13:45:00+05:30,4936.5,4939.5,4931.5,4934.0,1327
2025-06-30 14:00:00+05:30,4934.0,4940.0,4932.5,4938.5,1453
2025-06-30 14:15:00+05:30,4938.5,4940.0,4936.5,4940.0,842
2025-06-30 14:30:00+05:30,4940.0,4943.0,4938.5,4939.0,3407
2025-06-30 14:45:00+05:30,4939.5,4941.5,4935.0,4935.5,2471
2025-06-30 15:00:00+05:30,4939.5,4943.0,4938.5,4939.0,10122
2025-06-30 15:15:00+05:30,4939.5,4941.0,4931.5,4939.0,10185
2025-07-01 09:15:00+05:30,4942.0,4945.0,4909.0,4923.7,3787
2025-07-01 09:30:00+05:30,4923.7,4928.2,4906.0,4907.0,4561
2025-07-01 09:45:00+05:30,4907.0,4907.2,4887.3,4890.9,3191
2025-07-01 10:00:00+05:30,4890.9,4893.0,4884.1,4884.1,1981
2025-07-01 10:15:00+05:30,4884.1,4888.7,4875.2,4886.0,2572
2025-07-01 10:30:00+05:30,4886.0,4888.2,4869.0,4871.3,13242
2025-07-01 10:45:00+05:30,4873.0,4873.0,4858.0,4861.4,4861
2025-07-01 11:00:00+05:30,4861.4,4864.5,4851.5,4863.7,3752
2025-07-01 11:15:00+05:30,4863.7,4863.7,4836.6,4844.7,8977
2025-07-01 11:30:00+05:30,4844.7,4848.1,4831.4,4833.9,10410
2025-07-01 11:45:00+05:30,4833.9,4839.3,4824.9,4837.5,14783
2025-07-01 12:00:00+05:30,4837.5,4837.5,4821.5,4828.1,9572
2025-07-01 12:15:00+05:30,4828.1,4834.0,4828.0,4828.1,8682
2025-07-01 12:30:00+05:30,4828.1,4830.0,4820.0,4828.0,10450
2025-07-01 12:45:00+05:30,4828.1,4833.8,4820.1,4828.9,9750
2025-07-01 13:00:00+05:30,4828.9,4830.0,4820.0,4825.0,8769
2025-07-01 13:15:00+05:30,4825.0,4831.4,4825.0,4826.0,9691
2025-07-01 13:30:00+05:30,4826.0,4830.9,4825.0,4826.0,9006
2025-07-01 13:45:00+05:30,4826.0,4839.5,4825.6,4829.2,10931
2025-07-01 14:00:00+05:30,4829.2,4842.0,4828.0,4840.2,12185
2025-07-01 14:15:00+05:30,4840.2,4843.8,4828.0,4830.3,9901
2025-07-01 14:30:00+05:30,4830.3,4837.0,4829.0,4833.1,8675
2025-07-01 14:45:00+05:30,4833.1,4852.2,4831.6,4845.5,14787
2025-07-01 15:00:00+05:30,4847.4,4852.0,4842.9,4849.5,13008
2025-07-01 15:15:00+05:30,4849.5,4860.0,4845.1,4857.9,12379
2025-07-02 09:15:00+05:30,4849.0,4871.9,4843.2,4864.6,4138
2025-07-02 09:30:00+05:30,4862.8,4896.5,4862.8,4875.0,9387
2025-07-02 09:45:00+05:30,4873.8,4877.5,4838.7,4842.2,4429
2025-07-02 10:00:00+05:30,4842.0,4857.1,4841.7,4850.5,2880
2025-07-02 10:15:00+05:30,4850.5,4850.9,4834.9,4850.5,3596
2025-07-02 10:30:00+05:30,4850.5,4852.1,4828.6,4840.0,3128
2025-07-02 10:45:00+05:30,4840.0,4842.8,4836.0,4839.2,1832
2025-07-02 11:00:00+05:30,4839.2,4850.0,4830.1,4848.8,2765
2025-07-02 11:15:00+05:30,4848.8,4862.8,4842.7,4857.4,2076
2025-07-02 11:30:00+05:30,4857.4,4857.7,4851.0,4855.7,2616
2025-07-02 11:45:00+05:30,4855.7,4863.6,4851.9,4859.8,1816
2025-07-02 12:00:00+05:30,4859.8,4886.1,4859.8,4877.0,4780
2025-07-02 12:15:00+05:30,4877.0,4884.1,4872.7,4877.3,2220
2025-07-02 12:30:00+05:30,4877.3,4880.3,4870.5,4871.0,2630
2025-07-02 12:45:00+05:30,4871.0,4873.0,4863.4,4865.6,1395
2025-07-02 13:00:00+05:30,4865.6,4878.4,4862.0,4862.0,2147
2025-07-02 13:15:00+05:30,4862.0,4866.1,4851.0,4851.1,1758
2025-07-02 13:30:00+05:30,4851.1,4865.8,4851.0,4858.1,1566
2025-07-02 13:45:00+05:30,4858.1,4865.8,4854.5,4862.2,1148
2025-07-02 14:00:00+05:30,4862.2,4869.0,4860.0,4866.4,1840
2025-07-02 14:15:00+05:30,4866.4,4870.7,4861.1,4870.7,1365
2025-07-02 14:30:00+05:30,4871.7,4871.7,4863.6,4866.2,1847
2025-07-02 14:45:00+05:30,4866.2,4873.8,4862.6,4865.3,1887
2025-07-02 15:00:00+05:30,4865.0,4877.9,4865.0,4875.2,3690
2025-07-02 15:15:00+05:30,4875.0,4876.9,4870.0,4874.9,6676
2025-07-03 09:15:00+05:30,4890.0,4892.1,4845.0,4871.6,41755
2025-07-03 09:30:00+05:30,4873.8,4885.3,4853.3,4863.4,23933
2025-07-03 09:45:00+05:30,4863.4,4863.4,4848.4,4856.1,3140
2025-07-03 10:00:00+05:30,4856.1,4861.4,4853.7,4856.9,2662
2025-07-03 10:15:00+05:30,4856.9,4866.6,4850.0,4852.8,2791
2025-07-03 10:30:00+05:30,4852.8,4855.5,4838.0,4840.4,5636
2025-07-03 10:45:00+05:30,4840.4,4840.7,4827.8,4831.1,4585
2025-07-03 11:00:00+05:30,4831.1,4835.9,4826.7,4830.6,5006
2025-07-03 11:15:00+05:30,4831.1,4837.5,4830.3,4837.2,1388
2025-07-03 11:30:00+05:30,4837.2,4845.0,4837.2,4838.0,1630
2025-07-03 11:45:00+05:30,4838.0,4850.0,4835.8,4842.0,2244
2025-07-03 12:00:00+05:30,4842.0,4845.1,4832.8,4839.3,8091
2025-07-03 12:15:00+05:30,4839.3,4840.3,4831.5,4833.8,1271
2025-07-03 12:30:00+05:30,4833.8,4837.0,4831.3,4831.4,1325
2025-07-03 12:45:00+05:30,4831.4,4833.8,4824.9,4825.9,6482
2025-07-03 13:00:00+05:30,4825.9,4826.3,4813.6,4819.0,11834
2025-07-03 13:15:00+05:30,4819.0,4828.6,4817.0,4824.6,3666
2025-07-03 13:30:00+05:30,4824.6,4834.5,4823.0,4825.0,6062
2025-07-03 13:45:00+05:30,4825.0,4825.0,4823.0,4823.7,2033
2025-07-03 14:00:00+05:30,4823.8,4827.6,4822.5,4826.8,1866
2025-07-03 14:15:00+05:30,4826.8,4829.7,4824.2,4826.4,2717
2025-07-03 14:30:00+05:30,4826.4,4832.7,4820.0,4827.5,11345
2025-07-03 14:45:00+05:30,4827.3,4830.7,4815.0,4820.1,9210
2025-07-03 15:00:00+05:30,4821.4,4824.8,4816.1,4819.4,9693
2025-07-03 15:15:00+05:30,4819.4,4830.0,4815.4,4825.0,20308
2025-07-04 09:15:00+05:30,4845.0,4852.6,4824.3,4844.1,5072
2025-07-04 09:30:00+05:30,4844.1,4848.8,4838.3,4841.7,2817
2025-07-04 09:45:00+05:30,4841.7,4856.9,4835.0,4853.2,2568
2025-07-04 10:00:00+05:30,4853.7,4884.2,4850.4,4873.9,8950
2025-07-04 10:15:00+05:30,4873.9,4878.2,4868.5,4872.8,2633
2025-07-04 10:30:00+05:30,4872.8,4874.9,4865.0,4870.9,1101
2025-07-04 10:45:00+05:30,4870.9,4871.1,4864.5,4867.0,20317
2025-07-04 11:00:00+05:30,4867.0,4870.7,4862.0,4866.7,1127
2025-07-04 11:15:00+05:30,4866.7,4870.0,4859.5,4866.4,1951
2025-07-04 11:30:00+05:30,4866.4,4870.0,4843.3,4852.9,3007
2025-07-04 11:45:00+05:30,4852.9,4857.0,4846.8,4851.2,1411
2025-07-04 12:00:00+05:30,4851.2,4865.0,4850.6,4862.6,794
2025-07-04 12:15:00+05:30,4862.6,4863.0,4856.5,4858.7,860
2025-07-04 12:30:00+05:30,4858.7,4870.7,4858.7,4863.6,1519
2025-07-04 12:45:00+05:30,4864.3,4871.2,4863.7,4868.8,1231
2025-07-04 13:00:00+05:30,4868.8,4888.7,4865.0,4884.1,2991
2025-07-04 13:15:00+05:30,4884.1,4889.4,4881.2,4885.0,2207
2025-07-04 13:30:00+05:30,4885.0,4898.9,4885.0,4895.0,2595
2025-07-04 13:45:00+05:30,4895.0,4895.9,4887.5,4889.7,3400
2025-07-04 14:00:00+05:30,4889.7,4897.0,4886.0,4889.0,2112
2025-07-04 14:15:00+05:30,4889.0,4895.1,4885.0,4892.1,3821
2025-07-04 14:30:00+05:30,4894.2,4895.0,4887.5,4890.0,1765
2025-07-04 14:45:00+05:30,4890.0,4891.4,4885.1,4885.6,4369
2025-07-04 15:00:00+05:30,4885.9,4887.7,4882.8,4886.0,5346
2025-07-04 15:15:00+05:30,4887.0,4888.2,4880.0,4887.0,9873
2025-07-07 09:15:00+05:30,4895.0,4905.8,4877.1,4880.0,2923
2025-07-07 09:30:00+05:30,4880.0,4890.0,4863.2,4865.9,2666
2025-07-07 09:45:00+05:30,4865.9,4872.3,4857.3,4860.6,3771
2025-07-07 10:00:00+05:30,4860.6,4862.0,4851.1,4851.6,1607
2025-07-07 10:15:00+05:30,4851.6,4857.2,4843.0,4849.5,1572
2025-07-07 10:30:00+05:30,4849.5,4862.5,4849.5,4861.0,1629
2025-07-07 10:45:00+05:30,4861.0,4863.0,4858.6,4861.8,2322
2025-07-07 11:00:00+05:30,4861.8,4863.0,4859.9,4860.1,929
2025-07-07 11:15:00+05:30,4860.1,4862.3,4860.0,4862.3,1913
2025-07-07 11:30:00+05:30,4861.3,4862.5,4860.0,4860.1,1798
2025-07-07 11:45:00+05:30,4860.1,4862.0,4855.6,4860.0,4123
2025-07-07 12:00:00+05:30,4860.0,4862.5,4860.0,4860.0,909
2025-07-07 12:15:00+05:30,4860.0,4865.0,4860.0,4864.3,8010
2025-07-07 12:30:00+05:30,4865.2,4872.3,4862.0,4869.8,1215
2025-07-07 12:45:00+05:30,4869.8,4877.8,4868.0,4868.0,23044
2025-07-07 13:00:00+05:30,4868.0,4878.2,4868.0,4875.3,2454
2025-07-07 13:15:00+05:30,4876.5,4882.1,4875.2,4875.6,1382
2025-07-07 13:30:00+05:30,4875.6,4876.7,4870.0,4870.0,1409
2025-07-07 13:45:00+05:30,4870.0,4873.6,4870.0,4870.0,1346
2025-07-07 14:00:00+05:30,4870.0,4875.0,4870.0,4870.0,691
2025-07-07 14:15:00+05:30,4870.0,4872.6,4870.0,4871.1,2599
2025-07-07 14:30:00+05:30,4871.1,4876.6,4870.0,4871.8,1991
2025-07-07 14:45:00+05:30,4871.8,4877.9,4870.0,4877.2,2691
2025-07-07 15:00:00+05:30,4875.5,4884.6,4875.0,4875.9,4816
2025-07-07 15:15:00+05:30,4875.8,4880.0,4870.0,4870.0,8279
2025-07-08 09:15:00+05:30,4878.0,4885.5,4862.0,4870.0,3479
2025-07-08 09:30:00+05:30,4870.0,4877.7,4866.7,4877.7,2348
2025-07-08 09:45:00+05:30,4877.7,4880.0,4868.4,4870.1,1642
2025-07-08 10:00:00+05:30,4870.1,4879.1,4864.3,4874.8,7418
2025-07-08 10:15:00+05:30,4873.1,4880.0,4870.0,4870.6,1193
2025-07-08 10:30:00+05:30,4870.6,4872.0,4846.7,4846.7,2830
2025-07-08 10:45:00+05:30,4846.7,4846.7,4818.4,4824.5,3300
2025-07-08 11:00:00+05:30,4824.4,4827.5,4808.8,4813.8,2968
2025-07-08 11:15:00+05:30,4813.8,4814.0,4795.7,4798.3,3529
2025-07-08 11:30:00+05:30,4798.3,4798.3,4785.3,4787.2,2915
2025-07-08 11:45:00+05:30,4787.2,4794.8,4786.5,4791.4,2896
2025-07-08 12:00:00+05:30,4791.4,4809.7,4790.0,4801.4,1374
2025-07-08 12:15:00+05:30,4801.4,4806.1,4800.0,4800.5,934
2025-07-08 12:30:00+05:30,4800.5,4803.0,4792.1,4792.1,7118
2025-07-08 12:45:00+05:30,4792.0,4798.4,4786.8,4789.2,1309
2025-07-08 13:00:00+05:30,4789.2,4791.9,4786.8,4789.1,1044
2025-07-08 13:15:00+05:30,4789.1,4794.2,4780.3,4782.0,3875
2025-07-08 13:30:00+05:30,4782.0,4784.9,4780.0,4781.3,1037
2025-07-08 13:45:00+05:30,4781.3,4785.9,4780.7,4785.9,1776
2025-07-08 14:00:00+05:30,4785.9,4785.9,4770.4,4778.3,7862
2025-07-08 14:15:00+05:30,4778.3,4779.6,4770.2,4772.1,1015
2025-07-08 14:30:00+05:30,4772.1,4799.9,4772.1,4797.3,1900
2025-07-08 14:45:00+05:30,4797.3,4799.6,4795.0,4799.6,1570
2025-07-08 15:00:00+05:30,4799.0,4806.2,4797.2,4800.0,13939
2025-07-08 15:15:00+05:30,4800.0,4806.7,4790.1,4800.0,9779
2025-07-09 09:15:00+05:30,4790.0,4819.7,4790.0,4806.7,6547
2025-07-09 09:30:00+05:30,4806.7,4838.9,4806.7,4827.9,5119
2025-07-09 09:45:00+05:30,4827.9,4836.1,4814.4,4817.2,2616
2025-07-09 10:00:00+05:30,4817.2,4822.7,4815.0,4815.1,913
2025-07-09 10:15:00+05:30,4815.1,4819.0,4806.7,4815.4,1565
2025-07-09 10:30:00+05:30,4812.5,4820.4,4812.5,4816.4,301
2025-07-09 10:45:00+05:30,4816.4,4825.5,4816.4,4822.1,366
2025-07-09 11:00:00+05:30,4822.1,4824.5,4815.1,4819.1,302
2025-07-09 11:15:00+05:30,4819.1,4819.1,4805.2,4808.9,422
2025-07-09 11:30:00+05:30,4808.9,4814.5,4790.0,4792.0,2980
2025-07-09 11:45:00+05:30,4792.0,4807.4,4788.0,4804.2,2819
2025-07-09 12:00:00+05:30,4804.2,4813.4,4801.6,4804.6,2177
2025-07-09 12:15:00+05:30,4804.6,4811.3,4802.0,4806.0,1367
2025-07-09 12:30:00+05:30,4806.0,4810.4,4804.0,4804.9,2655
2025-07-09 12:45:00+05:30,4804.9,4806.6,4804.0,4804.2,650
2025-07-09 13:00:00+05:30,4804.2,4806.3,4803.0,4803.0,1871
2025-07-09 13:15:00+05:30,4803.0,4808.5,4803.0,4805.0,895
2025-07-09 13:30:00+05:30,4805.0,4811.4,4805.0,4807.4,2806
2025-07-09 13:45:00+05:30,4805.0,4807.4,4798.7,4801.1,2138
2025-07-09 14:00:00+05:30,4801.1,4804.5,4795.6,4802.1,2006
2025-07-09 14:15:00+05:30,4802.1,4804.3,4796.8,4799.7,470
2025-07-09 14:30:00+05:30,4799.7,4808.8,4795.1,4800.1,2465
2025-07-09 14:45:00+05:30,4800.1,4802.7,4789.8,4790.7,5041
2025-07-09 15:00:00+05:30,4790.7,4811.0,4790.1,4809.1,10232
2025-07-09 15:15:00+05:30,4809.1,4812.0,4800.0,4812.0,10216
2025-07-10 09:15:00+05:30,4805.0,4817.4,4782.2,4789.6,2630
2025-07-10 09:30:00+05:30,4789.6,4797.3,4786.4,4791.4,2301
2025-07-10 09:45:00+05:30,4791.4,4796.1,4780.0,4781.6,2307
2025-07-10 10:00:00+05:30,4781.6,4787.6,4770.1,4774.1,2119
2025-07-10 10:15:00+05:30,4774.1,4775.8,4768.0,4769.0,1013
2025-07-10 10:30:00+05:30,4769.0,4771.8,4762.0,4763.7,1769
2025-07-10 10:45:00+05:30,4763.7,4766.1,4750.0,4752.0,2073
2025-07-10 11:00:00+05:30,4752.0,4754.7,4750.5,4751.7,892
2025-07-10 11:15:00+05:30,4751.7,4754.8,4750.1,4751.4,875
2025-07-10 11:30:00+05:30,4751.4,4755.0,4742.0,4755.0,3575
2025-07-10 11:45:00+05:30,4755.0,4766.0,4754.4,4764.8,1132
2025-07-10 12:00:00+05:30,4764.8,4765.0,4740.0,4740.0,2951
2025-07-10 12:15:00+05:30,4740.0,4744.0,4730.0,4732.3,3816
2025-07-10 12:30:00+05:30,4732.3,4739.6,4728.5,4734.5,12321
2025-07-10 12:45:00+05:30,4734.5,4742.0,4733.3,4740.3,15522
2025-07-10 13:00:00+05:30,4740.4,4740.7,4730.0,4732.0,16558
2025-07-10 13:15:00+05:30,4732.0,4732.2,4716.2,4722.5,2849
2025-07-10 13:30:00+05:30,4722.5,4733.6,4717.8,4731.4,102711
2025-07-10 13:45:00+05:30,4731.4,4733.9,4721.6,4728.1,3477
2025-07-10 14:00:00+05:30,4728.1,4733.7,4728.1,4731.2,3058
2025-07-10 14:15:00+05:30,4731.2,4734.1,4729.0,4731.8,3480
2025-07-10 14:30:00+05:30,4731.7,4735.9,4728.0,4728.7,24041
2025-07-10 14:45:00+05:30,4730.3,4736.0,4728.1,4733.0,11554
2025-07-10 15:00:00+05:30,4734.3,4739.7,4728.2,4731.0,9549
2025-07-10 15:15:00+05:30,4731.0,4735.4,4721.0,4734.9,23311
2025-07-11 09:15:00+05:30,4779.9,4796.5,4731.6,4786.7,14746
2025-07-11 09:30:00+05:30,4786.6,4809.2,4777.7,4800.7,9825
2025-07-11 09:45:00+05:30,4800.7,4813.1,4790.7,4804.5,8661
2025-07-11 10:00:00+05:30,4804.5,4804.5,4793.2,4797.1,3141
2025-07-11 10:15:00+05:30,4799.0,4809.5,4792.2,4804.8,5735
2025-07-11 10:30:00+05:30,4808.0,4809.3,4786.5,4791.2,4239
2025-07-11 10:45:00+05:30,4791.2,4791.9,4770.2,4772.6,4052
2025-07-11 11:00:00+05:30,4772.6,4777.8,4761.0,4777.1,3536
2025-07-11 11:15:00+05:30,4772.7,4781.0,4768.1,4774.6,3532
2025-07-11 11:30:00+05:30,4774.8,4804.0,4762.5,4802.4,7270
2025-07-11 11:45:00+05:30,4802.4,4811.9,4798.0,4800.0,8093
2025-07-11 12:00:00+05:30,4800.0,4819.9,4790.2,4818.7,12810
2025-07-11 12:15:00+05:30,4818.8,4825.0,4811.2,4818.0,5128
2025-07-11 12:30:00+05:30,4818.0,4828.6,4817.9,4826.3,2821
2025-07-11 12:45:00+05:30,4826.3,4846.3,4826.3,4838.9,11824
2025-07-11 13:00:00+05:30,4838.9,4839.4,4820.8,4826.7,3824
2025-07-11 13:15:00+05:30,4826.7,4837.8,4826.5,4833.8,1501
2025-07-11 13:30:00+05:30,4833.8,4834.8,4827.2,4831.8,1273
2025-07-11 13:45:00+05:30,4831.8,4840.0,4830.8,4840.0,5423
2025-07-11 14:00:00+05:30,4840.0,4840.1,4838.0,4839.8,8949
2025-07-11 14:15:00+05:30,4839.8,4840.0,4830.2,4834.7,4231
2025-07-11 14:30:00+05:30,4834.7,4840.0,4831.2,4838.1,4531
2025-07-11 14:45:00+05:30,4838.1,4840.1,4826.8,4829.0,4382
2025-07-11 15:00:00+05:30,4829.0,4829.0,4801.7,4806.0,19925
2025-07-11 15:15:00+05:30,4806.0,4812.3,4800.0,4800.0,22935
2025-07-14 09:15:00+05:30,4796.7,4862.0,4786.7,4835.3,9173
2025-07-14 09:30:00+05:30,4835.3,4847.5,4828.8,4847.2,1980
2025-07-14 09:45:00+05:30,4847.2,4854.0,4837.6,4849.0,2770
2025-07-14 10:00:00+05:30,4850.2,4854.0,4840.8,4843.3,1624
2025-07-14 10:15:00+05:30,4843.3,4877.1,4841.0,4877.1,7559
2025-07-14 10:30:00+05:30,4877.1,4877.7,4866.1,4869.5,4252
2025-07-14 10:45:00+05:30,4869.5,4877.7,4855.0,4857.7,2904
2025-07-14 11:00:00+05:30,4857.7,4860.7,4832.5,4835.0,2989
2025-07-14 11:15:00+05:30,4835.0,4837.0,4832.4,4835.0,744
2025-07-14 11:30:00+05:30,4836.4,4846.3,4832.7,4833.2,2307
2025-07-14 11:45:00+05:30,4833.2,4846.0,4831.1,4834.3,791
2025-07-14 12:00:00+05:30,4834.3,4844.9,4832.5,4843.3,944
2025-07-14 12:15:00+05:30,4843.3,4871.9,4843.2,4869.4,4186
2025-07-14 12:30:00+05:30,4869.4,4875.0,4864.6,4865.3,1628
2025-07-14 12:45:00+05:30,4865.3,4873.1,4859.4,4861.0,2159
2025-07-14 13:00:00+05:30,4861.0,4863.1,4840.2,4848.9,1154
2025-07-14 13:15:00+05:30,4848.9,4850.1,4835.1,4836.8,982
2025-07-14 13:30:00+05:30,4836.8,4842.0,4834.8,4834.8,918
2025-07-14 13:45:00+05:30,4834.8,4835.0,4832.4,4832.7,578
2025-07-14 14:00:00+05:30,4832.7,4842.2,4832.6,4841.0,922
2025-07-14 14:15:00+05:30,4840.8,4854.0,4836.4,4849.0,1262
2025-07-14 14:30:00+05:30,4849.0,4849.0,4833.3,4833.4,981
2025-07-14 14:45:00+05:30,4833.4,4837.9,4825.1,4837.3,2285
2025-07-14 15:00:00+05:30,4836.9,4837.0,4831.8,4835.8,2119
2025-07-14 15:15:00+05:30,4834.0,4856.3,4833.8,4856.3,18349
2025-07-15 09:15:00+05:30,4860.0,4875.4,4844.0,4850.9,15574
2025-07-15 09:30:00+05:30,4850.9,4852.5,4840.7,4841.5,1775
2025-07-15 09:45:00+05:30,4841.5,4849.9,4837.2,4847.4,2599
2025-07-15 10:00:00+05:30,4847.4,4848.8,4840.0,4844.7,464
2025-07-15 10:15:00+05:30,4844.7,4858.9,4836.3,4858.9,5362
2025-07-15 10:30:00+05:30,4857.8,4858.0,4850.0,4855.0,1739
2025-07-15 10:45:00+05:30,4854.5,4855.0,4851.2,4853.0,1024
2025-07-15 11:00:00+05:30,4853.0,4891.7,4851.4,4874.0,43345
2025-07-15 11:15:00+05:30,4874.0,4878.9,4871.2,4871.3,1459
2025-07-15 11:30:00+05:30,4871.3,4907.9,4871.3,4904.9,10267
2025-07-15 11:45:00+05:30,4907.0,4914.5,4901.0,4905.9,4940
2025-07-15 12:00:00+05:30,4905.9,4912.9,4898.0,4901.0,5258
2025-07-15 12:15:00+05:30,4901.0,4904.0,4893.9,4901.0,10338
2025-07-15 12:30:00+05:30,4901.0,4902.0,4894.9,4900.0,8574
2025-07-15 12:45:00+05:30,4900.0,4904.0,4900.0,4900.1,2946
2025-07-15 13:00:00+05:30,4900.1,4915.0,4900.0,4913.7,3430
2025-07-15 13:15:00+05:30,4913.7,4913.7,4900.0,4901.0,1629
2025-07-15 13:30:00+05:30,4901.0,4902.2,4896.0,4900.0,4067
2025-07-15 13:45:00+05:30,4900.2,4911.6,4900.0,4911.0,4429
2025-07-15 14:00:00+05:30,4911.0,4912.2,4900.2,4905.6,4578
2025-07-15 14:15:00+05:30,4907.7,4912.4,4898.7,4911.8,3585
2025-07-15 14:30:00+05:30,4910.8,4928.0,4908.0,4927.0,50914
2025-07-15 14:45:00+05:30,4922.6,4934.0,4914.3,4922.4,9841
2025-07-15 15:00:00+05:30,4922.4,4939.0,4922.4,4935.8,13140
2025-07-15 15:15:00+05:30,4935.8,4944.5,4926.1,4926.1,14599
2025-07-16 09:15:00+05:30,4933.2,4940.0,4920.3,4927.7,3668
2025-07-16 09:30:00+05:30,4927.7,4970.0,4924.8,4958.8,52455
2025-07-16 09:45:00+05:30,4958.8,4987.7,4953.3,4986.1,27261
2025-07-16 10:00:00+05:30,4986.1,4989.7,4963.7,4975.0,4008
2025-07-16 10:15:00+05:30,4975.0,4980.0,4965.2,4975.0,8599
2025-07-16 10:30:00+05:30,4975.0,5005.0,4972.7,4996.1,24767
2025-07-16 10:45:00+05:30,4996.1,5004.3,4980.3,4991.8,5419
2025-07-16 11:00:00+05:30,4991.8,5000.6,4983.1,4990.0,7226
2025-07-16 11:15:00+05:30,4988.2,5002.0,4985.4,4997.9,3252
2025-07-16 11:30:00+05:30,4997.9,5024.0,4996.8,5017.6,13334
2025-07-16 11:45:00+05:30,5017.6,5020.2,5005.0,5006.1,3189
2025-07-16 12:00:00+05:30,5006.1,5021.7,5006.1,5016.0,2732
2025-07-16 12:15:00+05:30,5016.0,5019.8,5010.2,5010.6,1487
2025-07-16 12:30:00+05:30,5010.6,5013.5,5007.8,5011.0,1970
2025-07-16 12:45:00+05:30,5011.0,5026.0,5006.6,5016.0,10186
2025-07-16 13:00:00+05:30,5016.0,5025.0,5011.4,5016.2,4868
2025-07-16 13:15:00+05:30,5016.2,5019.8,5012.8,5013.7,1049
2025-07-16 13:30:00+05:30,5013.7,5016.4,5006.0,5009.5,1488
2025-07-16 13:45:00+05:30,5009.5,5010.1,5001.4,5003.9,1356
2025-07-16 14:00:00+05:30,5003.9,5009.0,4995.6,5009.0,4765
2025-07-16 14:15:00+05:30,5009.0,5015.8,5006.5,5008.8,1621
2025-07-16 14:30:00+05:30,5006.9,5011.0,5005.6,5008.0,1039
2025-07-16 14:45:00+05:30,5009.9,5010.0,5006.1,5010.0,1591
2025-07-16 15:00:00+05:30,5008.0,5010.1,5000.1,5002.4,7607
2025-07-16 15:15:00+05:30,5002.4,5007.0,4997.2,5000.0,13246
2025-07-17 09:15:00+05:30,5014.5,5022.6,4995.5,5015.0,4483
2025-07-17 09:30:00+05:30,5015.0,5020.3,5003.4,5007.7,3402
2025-07-17 09:45:00+05:30,5007.7,5009.8,4996.9,5007.0,1525
2025-07-17 10:00:00+05:30,5007.0,5015.0,5006.1,5011.7,1453
2025-07-17 10:15:00+05:30,5011.7,5011.7,5003.6,5009.6,13150
2025-07-17 10:30:00+05:30,5009.6,5009.7,5000.0,5000.7,810
2025-07-17 10:45:00+05:30,5000.0,5008.8,4998.2,5008.6,1462
2025-07-17 11:00:00+05:30,5008.6,5012.0,5006.2,5009.7,1063
2025-07-17 11:15:00+05:30,5009.7,5015.0,5007.9,5012.5,805
2025-07-17 11:30:00+05:30,5011.0,5015.0,5011.0,5013.2,481
2025-07-17 11:45:00+05:30,5013.2,5014.3,5006.5,5006.5,1820
2025-07-17 12:00:00+05:30,5006.5,5010.0,5006.5,5007.6,665
2025-07-17 12:15:00+05:30,5007.5,5019.7,5005.5,5019.4,3909
2025-07-17 12:30:00+05:30,5019.4,5028.9,5010.7,5019.0,11696
2025-07-17 12:45:00+05:30,5019.0,5036.2,5016.8,5033.5,4024
2025-07-17 13:00:00+05:30,5033.5,5033.5,5023.1,5024.7,1185
2025-07-17 13:15:00+05:30,5024.7,5026.0,5020.2,5023.9,916
2025-07-17 13:30:00+05:30,5023.9,5026.0,5022.2,5026.0,1800
2025-07-17 13:45:00+05:30,5026.0,5026.0,5020.5,5022.0,758
2025-07-17 14:00:00+05:30,5022.0,5022.0,5015.0,5016.8,538
2025-07-17 14:15:00+05:30,5016.8,5020.0,5012.1,5019.8,2769
2025-07-17 14:30:00+05:30,5019.8,5020.2,5015.1,5015.5,864
2025-07-17 14:45:00+05:30,5015.5,5020.9,5015.0,5018.4,5536
2025-07-17 15:00:00+05:30,5019.9,5023.0,5015.0,5022.0,4644
2025-07-17 15:15:00+05:30,5021.6,5025.0,5015.0,5015.0,8380
2025-07-18 09:15:00+05:30,5048.0,5048.0,4997.3,5008.4,6033
2025-07-18 09:30:00+05:30,5008.4,5013.4,4997.8,5001.2,1566
2025-07-18 09:45:00+05:30,5001.2,5001.2,4990.2,4995.8,1063
2025-07-18 10:00:00+05:30,4995.8,4999.0,4986.5,4990.1,749
2025-07-18 10:15:00+05:30,4990.1,4994.6,4975.0,4978.6,3304
2025-07-18 10:30:00+05:30,4983.5,4996.4,4978.8,4992.8,1432
2025-07-18 10:45:00+05:30,4992.8,4994.4,4984.7,4987.0,532
2025-07-18 11:00:00+05:30,4987.0,4995.2,4982.9,4986.1,461
2025-07-18 11:15:00+05:30,4986.1,4992.0,4982.7,4985.0,590
2025-07-18 11:30:00+05:30,4985.0,4992.8,4969.8,4991.7,1641
2025-07-18 11:45:00+05:30,4991.7,5004.5,4990.1,5004.4,2024
2025-07-18 12:00:00+05:30,5004.4,5011.9,5001.8,5006.8,3052
2025-07-18 12:15:00+05:30,5006.8,5014.9,5005.0,5014.9,916
2025-07-18 12:30:00+05:30,5014.9,5014.9,5008.0,5008.0,806
2025-07-18 12:45:00+05:30,5008.0,5022.0,5005.9,5019.9,2837
2025-07-18 13:00:00+05:30,5019.9,5024.9,4999.9,5003.1,17410
2025-07-18 13:15:00+05:30,5002.8,5003.6,4992.8,4994.7,697
2025-07-18 13:30:00+05:30,4994.7,5015.7,4991.9,5015.7,27128
2025-07-18 13:45:00+05:30,5015.7,5019.8,5002.0,5005.0,11607
2025-07-18 14:00:00+05:30,5005.0,5006.3,4998.6,5002.6,470
2025-07-18 14:15:00+05:30,5002.6,5003.7,4996.0,5003.4,924
2025-07-18 14:30:00+05:30,5001.1,5010.7,4998.6,5005.7,255
2025-07-18 14:45:00+05:30,5005.7,5010.6,5000.8,5004.4,420
2025-07-18 15:00:00+05:30,5004.4,5008.4,4996.2,5000.5,5738
2025-07-18 15:15:00+05:30,5001.3,5003.1,4989.0,4994.4,7577
2025-07-21 09:15:00+05:30,4998.5,5019.9,4928.5,4980.0,1902
2025-07-21 09:30:00+05:30,4980.0,4987.6,4966.2,4967.9,779
2025-07-21 09:45:00+05:30,4967.9,4979.6,4963.0,4979.2,381
2025-07-21 10:00:00+05:30,4979.2,4991.3,4974.7,4987.4,700
2025-07-21 10:15:00+05:30,4987.3,5008.8,4983.5,5004.4,946
2025-07-21 10:30:00+05:30,5004.4,5010.0,4996.6,5001.3,2309
2025-07-21 10:45:00+05:30,5001.3,5003.9,4988.5,4995.3,1084
2025-07-21 11:00:00+05:30,4995.3,4998.3,4987.8,4991.0,364
2025-07-21 11:15:00+05:30,4991.8,4998.0,4987.2,4998.0,918
2025-07-21 11:30:00+05:30,4998.0,4998.0,4993.4,4994.7,422
2025-07-21 11:45:00+05:30,4994.7,5005.0,4994.7,5005.0,867
2025-07-21 12:00:00+05:30,5004.1,5005.0,5001.8,5002.2,864
2025-07-21 12:15:00+05:30,5004.5,5005.0,5001.7,5004.9,578
2025-07-21 12:30:00+05:30,5003.0,5010.0,4997.1,4999.8,1050
2025-07-21 12:45:00+05:30,4999.8,5001.5,4996.9,5000.8,826
2025-07-21 13:00:00+05:30,5000.8,5008.9,4991.2,5008.7,1868
2025-07-21 13:15:00+05:30,5008.7,5008.7,5000.2,5004.0,937
2025-07-21 13:30:00+05:30,5004.0,5005.9,5001.2,5003.0,528
2025-07-21 13:45:00+05:30,5003.0,5003.7,4994.3,4999.0,1132
2025-07-21 14:00:00+05:30,4999.0,5000.8,4997.8,5000.5,820
2025-07-21 14:15:00+05:30,5000.5,5001.2,4997.6,4998.5,426
2025-07-21 14:30:00+05:30,4998.5,4998.9,4994.8,4996.0,366
2025-07-21 14:45:00+05:30,4996.0,5002.9,4994.8,5002.8,1127
2025-07-21 15:00:00+05:30,5002.8,5005.0,4995.1,5002.1,30044
2025-07-21 15:15:00+05:30,5002.1,5005.0,4987.3,5000.0,7395
2025-07-22 09:15:00+05:30,4999.7,5004.4,4965.8,4968.2,2517
2025-07-22 09:30:00+05:30,4968.2,4978.8,4952.5,4969.5,3536
2025-07-22 09:45:00+05:30,4969.5,4973.7,4962.1,4966.9,1390
2025-07-22 10:00:00+05:30,4966.9,4972.3,4957.0,4967.6,1921
2025-07-22 10:15:00+05:30,4967.6,4967.6,4949.0,4956.1,3965
2025-07-22 10:30:00+05:30,4956.1,4964.6,4951.5,4953.8,908
2025-07-22 10:45:00+05:30,4953.8,4958.5,4948.9,4955.0,247
2025-07-22 11:00:00+05:30,4955.0,4955.0,4946.3,4951.0,839
2025-07-22 11:15:00+05:30,4951.0,4967.1,4935.7,4960.0,4181
2025-07-22 11:30:00+05:30,4960.0,4960.0,4948.9,4951.6,1352
2025-07-22 11:45:00+05:30,4951.6,4964.0,4944.1,4955.5,3111
2025-07-22 12:00:00+05:30,4955.5,4960.3,4954.8,4957.8,320
2025-07-22 12:15:00+05:30,4957.8,4977.5,4955.8,4975.0,1573
2025-07-22 12:30:00+05:30,4975.0,4985.0,4973.1,4976.7,1192
2025-07-22 12:45:00+05:30,4976.7,4980.0,4972.0,4975.1,1143
2025-07-22 13:00:00+05:30,4975.1,4980.0,4975.0,4976.1,899
2025-07-22 13:15:00+05:30,4976.1,4981.1,4975.0,4975.6,1092
2025-07-22 13:30:00+05:30,4975.6,4978.7,4974.8,4975.0,1030
2025-07-22 13:45:00+05:30,4977.2,4977.2,4975.0,4975.0,707
2025-07-22 14:00:00+05:30,4975.0,4976.7,4956.6,4972.5,1307
2025-07-22 14:15:00+05:30,4972.5,4976.8,4970.0,4975.1,2651
2025-07-22 14:30:00+05:30,4975.0,4978.9,4975.0,4977.2,1060
2025-07-22 14:45:00+05:30,4977.2,4984.9,4975.0,4977.0,998
2025-07-22 15:00:00+05:30,4976.5,4976.8,4951.3,4975.1,18545
2025-07-22 15:15:00+05:30,4975.1,4981.0,4962.4,4975.0,6195
2025-07-23 09:15:00+05:30,4971.8,5004.9,4971.8,4978.7,1943
2025-07-23 09:30:00+05:30,4978.7,4986.0,4976.5,4983.7,789
2025-07-23 09:45:00+05:30,4983.7,4985.0,4975.1,4979.7,866
2025-07-23 10:00:00+05:30,4979.7,4984.3,4974.5,4976.9,1452
2025-07-23 10:15:00+05:30,4976.9,4989.3,4968.1,4979.7,5532
2025-07-23 10:30:00+05:30,4986.5,4996.9,4975.8,4994.0,1542
2025-07-23 10:45:00+05:30,4994.0,4996.8,4986.9,4996.8,1253
2025-07-23 11:00:00+05:30,4996.8,4997.0,4963.6,4971.8,1942
2025-07-23 11:15:00+05:30,4971.8,4972.6,4960.0,4969.4,1558
2025-07-23 11:30:00+05:30,4969.4,4988.3,4969.0,4986.4,1786
2025-07-23 11:45:00+05:30,4986.4,5001.1,4986.4,5000.5,2012
2025-07-23 12:00:00+05:30,5001.0,5001.0,4991.0,4995.6,800
2025-07-23 12:15:00+05:30,4995.6,4998.3,4991.4,4995.3,686
2025-07-23 12:30:00+05:30,4995.3,4996.0,4985.0,4989.7,1780
2025-07-23 12:45:00+05:30,4989.7,4996.8,4987.6,4996.8,833
2025-07-23 13:00:00+05:30,4996.8,4996.8,4988.6,4991.9,769
2025-07-23 13:15:00+05:30,4991.9,4994.2,4988.0,4991.1,596
2025-07-23 13:30:00+05:30,4990.0,4995.3,4987.6,4991.3,812
2025-07-23 13:45:00+05:30,4991.3,4991.9,4977.3,4982.0,1908
2025-07-23 14:00:00+05:30,4982.0,4986.3,4974.9,4978.9,4333
2025-07-23 14:15:00+05:30,4978.9,4986.5,4977.2,4982.3,1138
2025-07-23 14:30:00+05:30,4979.8,4984.0,4961.8,4981.5,2433
2025-07-23 14:45:00+05:30,4981.5,4984.6,4975.8,4979.6,3239
2025-07-23 15:00:00+05:30,4979.6,4980.0,4973.6,4979.9,1598
2025-07-23 15:15:00+05:30,4976.1,4979.9,4966.9,4967.6,3026
2025-07-24 09:15:00+05:30,4955.0,5019.5,4955.0,5012.0,5525
2025-07-24 09:30:00+05:30,5012.0,5031.3,5009.0,5016.1,7377
2025-07-24 09:45:00+05:30,5016.1,5029.0,4987.0,4987.0,5731
2025-07-24 10:00:00+05:30,4987.0,4995.8,4975.0,4980.4,31934
2025-07-24 10:15:00+05:30,4980.4,4988.9,4975.0,4985.7,2736
2025-07-24 10:30:00+05:30,4985.7,4998.2,4985.7,4992.2,977
2025-07-24 10:45:00+05:30,4992.2,4995.4,4983.2,4989.9,1001
2025-07-24 11:00:00+05:30,4989.9,4993.7,4977.5,4993.7,2417
2025-07-24 11:15:00+05:30,4993.7,4999.9,4990.0,4990.7,2965
2025-07-24 11:30:00+05:30,4990.7,4997.3,4989.0,4997.0,2451
2025-07-24 11:45:00+05:30,4997.0,5002.0,4990.0,4990.0,2219
2025-07-24 12:00:00+05:30,4990.0,4998.4,4990.0,4994.8,2185
2025-07-24 12:15:00+05:30,4994.4,5008.2,4991.2,5000.7,7107
2025-07-24 12:30:00+05:30,5000.7,5011.9,4997.8,5011.7,15917
2025-07-24 12:45:00+05:30,5011.5,5016.5,5002.1,5004.0,3408
2025-07-24 13:00:00+05:30,5004.0,5006.0,4998.5,5003.8,916
2025-07-24 13:15:00+05:30,5003.8,5015.8,5001.5,5013.5,2399
2025-07-24 13:30:00+05:30,5013.5,5017.4,5004.4,5005.4,1633
2025-07-24 13:45:00+05:30,5005.4,5005.4,4998.6,4999.2,993
2025-07-24 14:00:00+05:30,4999.2,5003.3,4996.4,5002.7,1085
2025-07-24 14:15:00+05:30,5002.7,5005.3,4985.9,4991.2,1108
2025-07-24 14:30:00+05:30,4988.2,4999.1,4988.1,4995.4,1063
2025-07-24 14:45:00+05:30,4995.4,4999.1,4995.0,4995.0,1660
2025-07-24 15:00:00+05:30,4997.5,5000.9,4995.2,4997.9,2535
2025-07-24 15:15:00+05:30,4997.9,5002.3,4995.0,4995.0,4962
2025-07-25 09:15:00+05:30,5025.0,5025.0,4959.1,5024.4,8193
2025-07-25 09:30:00+05:30,5024.4,5025.0,5010.2,5010.2,6112
2025-07-25 09:45:00+05:30,5010.2,5020.8,5001.5,5015.3,2239
2025-07-25 10:00:00+05:30,5015.3,5023.6,5003.1,5006.0,1904
2025-07-25 10:15:00+05:30,5006.0,5011.4,4997.0,5001.9,1287
2025-07-25 10:30:00+05:30,5001.9,5001.9,4995.0,5000.0,887
2025-07-25 10:45:00+05:30,5000.0,5014.4,4999.6,5009.9,1816
2025-07-25 11:00:00+05:30,5009.9,5019.0,5005.8,5012.3,1268
2025-07-25 11:15:00+05:30,5012.3,5019.5,5005.6,5011.0,1579
2025-07-25 11:30:00+05:30,5011.0,5015.8,5008.5,5010.5,1055
2025-07-25 11:45:00+05:30,5010.5,5013.8,4998.5,5002.2,2115
2025-07-25 12:00:00+05:30,5002.2,5009.9,4999.0,5001.0,630
2025-07-25 12:15:00+05:30,5001.0,5001.8,4990.6,4996.0,1164
2025-07-25 12:30:00+05:30,4996.0,5004.2,4992.8,5000.0,537
2025-07-25 12:45:00+05:30,5000.0,5004.9,4998.5,5000.0,1507
2025-07-25 13:00:00+05:30,5000.0,5004.4,5000.0,5000.0,638
2025-07-25 13:15:00+05:30,5000.0,5021.6,5000.0,5008.2,1484
2025-07-25 13:30:00+05:30,5008.2,5028.3,5000.8,5024.1,3281
2025-07-25 13:45:00+05:30,5024.1,5035.0,5022.2,5029.9,5508
2025-07-25 14:00:00+05:30,5029.9,5040.0,5024.5,5038.7,7803
2025-07-25 14:15:00+05:30,5038.7,5039.3,5024.0,5025.0,2851
2025-07-25 14:30:00+05:30,5025.0,5035.0,5025.0,5029.0,4139
2025-07-25 14:45:00+05:30,5029.0,5035.0,5025.0,5034.8,2097
2025-07-25 15:00:00+05:30,5034.9,5034.9,5006.5,5022.3,8142
2025-07-25 15:15:00+05:30,5022.1,5025.2,4981.6,4994.9,9540
2025-07-28 09:15:00+05:30,4994.9,5023.0,4963.0,5013.2,3035
2025-07-28 09:30:00+05:30,5013.2,5030.0,5009.0,5025.4,5714
2025-07-28 09:45:00+05:30,5025.4,5040.0,5020.4,5023.7,8986
2025-07-28 10:00:00+05:30,5023.7,5054.9,5022.5,5054.9,5296
2025-07-28 10:15:00+05:30,5054.9,5075.0,5044.9,5071.0,19269
2025-07-28 10:30:00+05:30,5071.7,5075.0,5044.5,5044.5,6873
2025-07-28 10:45:00+05:30,5044.5,5055.2,5031.8,5044.7,4884
2025-07-28 11:00:00+05:30,5044.7,5044.7,5030.0,5040.0,1899
2025-07-28 11:15:00+05:30,5040.0,5053.0,5040.0,5052.5,1763
2025-07-28 11:30:00+05:30,5052.5,5055.3,5036.8,5036.8,2250
2025-07-28 11:45:00+05:30,5039.7,5050.0,5033.0,5048.2,1835
2025-07-28 12:00:00+05:30,5048.2,5048.4,5033.0,5037.1,1850
2025-07-28 12:15:00+05:30,5038.3,5040.7,5032.1,5040.6,2828
2025-07-28 12:30:00+05:30,5040.6,5048.0,5038.0,5045.6,1102
2025-07-28 12:45:00+05:30,5045.6,5046.4,5036.9,5043.1,1602
2025-07-28 13:00:00+05:30,5043.1,5045.9,5033.0,5044.4,3339
2025-07-28 13:15:00+05:30,5044.4,5044.4,5035.0,5042.9,898
2025-07-28 13:30:00+05:30,5042.9,5043.3,5033.1,5037.3,1367
2025-07-28 13:45:00+05:30,5037.3,5043.0,5033.7,5042.9,597
2025-07-28 14:00:00+05:30,5042.9,5042.9,5033.9,5037.4,719
2025-07-28 14:15:00+05:30,5036.1,5048.0,5036.1,5045.4,2045
2025-07-28 14:30:00+05:30,5045.4,5046.0,5040.7,5044.8,2075
2025-07-28 14:45:00+05:30,5042.8,5047.0,5038.3,5047.0,2939
2025-07-28 15:00:00+05:30,5049.0,5055.0,5042.2,5045.8,6174
2025-07-28 15:15:00+05:30,5045.8,5049.9,5038.9,5045.0,10235
2025-07-29 09:15:00+05:30,5049.9,5067.2,5036.5,5052.1,5478
2025-07-29 09:30:00+05:30,5052.1,5055.0,5045.1,5055.0,2503
2025-07-29 09:45:00+05:30,5055.0,5072.9,5055.0,5068.0,5188
2025-07-29 10:00:00+05:30,5068.0,5083.0,5056.1,5056.1,4354
2025-07-29 10:15:00+05:30,5056.1,5064.1,5046.0,5048.3,2100
2025-07-29 10:30:00+05:30,5048.3,5059.0,5047.5,5054.0,1280
2025-07-29 10:45:00+05:30,5054.0,5054.0,5041.3,5048.8,1447
2025-07-29 11:00:00+05:30,5048.8,5050.2,5044.1,5048.3,399
2025-07-29 11:15:00+05:30,5048.3,5063.5,5048.3,5053.4,1405
2025-07-29 11:30:00+05:30,5053.4,5061.3,5053.3,5055.9,690
2025-07-29 11:45:00+05:30,5055.9,5064.0,5055.9,5062.9,1827
2025-07-29 12:00:00+05:30,5062.9,5070.0,5062.5,5062.5,935
2025-07-29 12:15:00+05:30,5062.5,5067.0,5059.1,5063.6,1403
2025-07-29 12:30:00+05:30,5063.6,5067.8,5060.7,5065.4,1431
2025-07-29 12:45:00+05:30,5065.4,5084.0,5065.2,5084.0,5102
2025-07-29 13:00:00+05:30,5084.0,5097.5,5070.4,5084.4,5189
2025-07-29 13:15:00+05:30,5084.4,5091.8,5080.0,5088.6,2841
2025-07-29 13:30:00+05:30,5088.6,5089.9,5081.5,5083.5,2386
2025-07-29 13:45:00+05:30,5083.5,5083.8,5078.2,5080.6,1171
2025-07-29 14:00:00+05:30,5080.6,5087.5,5075.8,5078.4,2029
2025-07-29 14:15:00+05:30,5078.4,5083.9,5078.3,5079.5,783
2025-07-29 14:30:00+05:30,5079.6,5083.3,5075.0,5083.3,2107
2025-07-29 14:45:00+05:30,5083.3,5088.0,5076.1,5081.7,2866
2025-07-29 15:00:00+05:30,5083.4,5084.8,5070.8,5079.0,8718
2025-07-29 15:15:00+05:30,5078.7,5080.0,5060.3,5069.0,16349
2025-07-30 09:15:00+05:30,5071.0,5089.0,5047.3,5050.0,4193
2025-07-30 09:30:00+05:30,5050.0,5060.4,5044.6,5058.1,1273
2025-07-30 09:45:00+05:30,5054.3,5054.5,5040.5,5047.8,811
2025-07-30 10:00:00+05:30,5050.0,5065.4,5048.6,5052.0,407
2025-07-30 10:15:00+05:30,5052.0,5056.2,5048.1,5048.1,821
2025-07-30 10:30:00+05:30,5045.7,5054.1,5033.0,5035.0,931
2025-07-30 10:45:00+05:30,5035.0,5043.9,5032.0,5040.6,1031
2025-07-30 11:00:00+05:30,5040.6,5056.5,5038.2,5053.5,887
2025-07-30 11:15:00+05:30,5053.5,5079.7,5053.5,5076.6,2444
2025-07-30 11:30:00+05:30,5076.6,5079.8,5072.5,5077.3,1074
2025-07-30 11:45:00+05:30,5077.3,5093.8,5075.2,5086.7,1887
2025-07-30 12:00:00+05:30,5086.7,5095.0,5083.0,5091.0,996
2025-07-30 12:15:00+05:30,5091.0,5091.0,5077.2,5077.7,904
2025-07-30 12:30:00+05:30,5077.7,5082.6,5075.9,5080.6,924
2025-07-30 12:45:00+05:30,5080.6,5091.2,5079.8,5089.2,988
2025-07-30 13:00:00+05:30,5089.2,5092.9,5084.0,5084.1,1140
2025-07-30 13:15:00+05:30,5084.1,5087.9,5076.5,5076.5,969
2025-07-30 13:30:00+05:30,5076.5,5080.0,5074.5,5077.0,402
2025-07-30 13:45:00+05:30,5077.0,5084.3,5077.0,5082.9,1320
2025-07-30 14:00:00+05:30,5082.9,5087.2,5076.3,5085.0,8133
2025-07-30 14:15:00+05:30,5085.0,5099.9,5080.1,5098.0,4096
2025-07-30 14:30:00+05:30,5098.0,5107.0,5095.1,5101.0,7081
2025-07-30 14:45:00+05:30,5100.0,5101.0,5089.0,5089.9,13742
2025-07-30 15:00:00+05:30,5090.0,5101.1,5088.1,5095.3,6437
2025-07-30 15:15:00+05:30,5095.0,5112.0,5095.0,5106.1,6857
2025-07-31 09:15:00+05:30,5098.0,5098.0,5040.0,5069.3,4418
2025-07-31 09:30:00+05:30,5069.3,5085.8,5055.3,5066.7,3440
2025-07-31 09:45:00+05:30,5066.7,5068.0,5049.8,5049.8,1848
2025-07-31 10:00:00+05:30,5050.4,5050.4,5020.5,5029.6,3091
2025-07-31 10:15:00+05:30,5029.6,5031.7,5014.5,5020.6,16885
2025-07-31 10:30:00+05:30,5020.6,5030.0,5017.7,5028.4,1982
2025-07-31 10:45:00+05:30,5028.4,5036.8,5026.0,5035.3,1851
2025-07-31 11:00:00+05:30,5035.3,5035.3,5021.1,5021.2,1247
2025-07-31 11:15:00+05:30,5021.2,5031.5,5015.4,5031.5,6185
2025-07-31 11:30:00+05:30,5029.5,5041.7,5029.5,5038.0,2929
2025-07-31 11:45:00+05:30,5037.5,5043.1,5036.1,5038.9,3395
2025-07-31 12:00:00+05:30,5038.9,5042.8,5031.9,5037.9,9673
2025-07-31 12:15:00+05:30,5037.9,5068.0,5024.8,5060.8,37515
2025-07-31 12:30:00+05:30,5060.8,5062.8,5052.1,5059.0,485
2025-07-31 12:45:00+05:30,5059.0,5064.9,5050.1,5059.0,2555
2025-07-31 13:00:00+05:30,5059.0,5059.2,5044.9,5046.0,1070
2025-07-31 13:15:00+05:30,5046.0,5050.8,5044.8,5049.8,598
2025-07-31 13:30:00+05:30,5049.8,5050.4,5044.8,5045.1,1594
2025-07-31 13:45:00+05:30,5045.1,5053.9,5044.9,5048.1,465
2025-07-31 14:00:00+05:30,5048.1,5052.0,5044.9,5052.0,705
2025-07-31 14:15:00+05:30,5052.0,5054.9,5045.0,5049.8,715
2025-07-31 14:30:00+05:30,5049.8,5054.0,5045.1,5047.9,624
2025-07-31 14:45:00+05:30,5047.9,5049.7,5044.9,5047.2,1541
2025-07-31 15:00:00+05:30,5047.2,5047.8,5030.5,5033.9,6401
2025-07-31 15:15:00+05:30,5034.8,5037.0,5015.0,5015.0,6963
2025-08-01 09:15:00+05:30,5032.0,5036.0,4934.0,4937.5,4773
2025-08-01 09:30:00+05:30,4937.5,4949.0,4927.5,4941.0,2569
2025-08-01 09:45:00+05:30,4941.0,4941.0,4921.0,4921.0,2681
2025-08-01 10:00:00+05:30,4921.0,4936.0,4914.0,4932.0,2417
2025-08-01 10:15:00+05:30,4932.0,4942.0,4924.5,4933.0,4930
2025-08-01 10:30:00+05:30,4933.0,4933.5,4918.0,4922.5,5916
2025-08-01 10:45:00+05:30,4922.5,4929.5,4899.5,4914.5,12719
2025-08-01 11:00:00+05:30,4914.5,4924.5,4911.0,4914.5,5505
2025-08-01 11:15:00+05:30,4914.5,4914.5,4881.5,4887.5,9578
2025-08-01 11:30:00+05:30,4887.5,4888.0,4861.5,4865.0,6175
2025-08-01 11:45:00+05:30,4865.0,4884.0,4863.5,4873.0,2500
2025-08-01 12:00:00+05:30,4873.0,4876.5,4854.5,4860.5,2647
2025-08-01 12:15:00+05:30,4860.5,4870.0,4850.0,4851.5,3003
2025-08-01 12:30:00+05:30,4851.5,4873.5,4840.0,4868.5,11246
2025-08-01 12:45:00+05:30,4868.5,4894.5,4866.5,4894.5,7205
2025-08-01 13:00:00+05:30,4896.0,4904.5,4890.5,4902.0,3339
2025-08-01 13:15:00+05:30,4902.5,4907.0,4884.5,4901.0,11168
2025-08-01 13:30:00+05:30,4901.0,4907.0,4888.5,4890.5,13646
2025-08-01 13:45:00+05:30,4890.5,4904.0,4887.5,4892.0,8540
2025-08-01 14:00:00+05:30,4892.0,4900.0,4879.0,4892.5,12016
2025-08-01 14:15:00+05:30,4892.5,4900.0,4883.5,4884.5,10754
2025-08-01 14:30:00+05:30,4885.5,4906.0,4884.0,4904.0,13573
2025-08-01 14:45:00+05:30,4903.0,4917.5,4900.0,4912.0,10117
2025-08-01 15:00:00+05:30,4912.0,4913.5,4888.5,4903.5,27790
2025-08-01 15:15:00+05:30,4903.0,4908.0,4840.0,4848.0,25652
2025-08-04 09:15:00+05:30,4868.5,4920.5,4857.0,4857.0,5053
2025-08-04 09:30:00+05:30,4860.5,4877.5,4845.0,4845.0,1471
2025-08-04 09:45:00+05:30,4845.0,4855.5,4830.0,4831.0,2103
2025-08-04 10:00:00+05:30,4831.0,4840.0,4827.0,4835.5,1757
2025-08-04 10:15:00+05:30,4835.5,4838.5,4825.5,4829.5,1172
2025-08-04 10:30:00+05:30,4829.5,4850.0,4829.5,4843.0,927
2025-08-04 10:45:00+05:30,4843.0,4843.0,4832.0,4836.0,491
2025-08-04 11:00:00+05:30,4836.0,4847.5,4835.0,4837.0,418
2025-08-04 11:15:00+05:30,4837.0,4845.0,4832.5,4836.5,332
2025-08-04 11:30:00+05:30,4833.5,4845.0,4830.0,4833.0,1609
2025-08-04 11:45:00+05:30,4833.0,4850.5,4833.0,4848.5,1099
2025-08-04 12:00:00+05:30,4848.5,4855.5,4845.0,4851.0,554
2025-08-04 12:15:00+05:30,4853.5,4856.0,4850.0,4855.5,504
2025-08-04 12:30:00+05:30,4855.5,4869.0,4855.0,4859.5,5640
2025-08-04 12:45:00+05:30,4859.5,4862.5,4855.0,4857.0,3006
2025-08-04 13:00:00+05:30,4857.0,4879.5,4850.0,4877.5,6127
2025-08-04 13:15:00+05:30,4880.5,4885.0,4873.5,4874.0,401
2025-08-04 13:30:00+05:30,4874.0,4896.5,4870.5,4891.5,1242
2025-08-04 13:45:00+05:30,4891.5,4904.5,4887.0,4899.0,1489
2025-08-04 14:00:00+05:30,4899.0,4903.5,4892.0,4895.0,445
2025-08-04 14:15:00+05:30,4895.0,4898.0,4889.5,4892.0,379
2025-08-04 14:30:00+05:30,4892.0,4899.0,4890.0,4896.5,318
2025-08-04 14:45:00+05:30,4895.5,4901.5,4890.0,4896.5,633
2025-08-04 15:00:00+05:30,4895.5,4905.5,4890.5,4901.0,4234
2025-08-04 15:15:00+05:30,4901.5,4913.0,4895.5,4900.5,7920
2025-08-05 09:15:00+05:30,4892.0,4920.0,4875.0,4894.5,2600
2025-08-05 09:30:00+05:30,4894.5,4894.5,4872.5,4878.5,1559
2025-08-05 09:45:00+05:30,4878.5,4878.5,4853.5,4856.5,790
2025-08-05 10:00:00+05:30,4856.5,4862.0,4853.0,4857.0,806
2025-08-05 10:15:00+05:30,4857.0,4886.0,4853.0,4874.5,1148
2025-08-05 10:30:00+05:30,4874.5,4908.0,4874.5,4905.5,2226
2025-08-05 10:45:00+05:30,4905.5,4905.5,4892.0,4892.0,738
2025-08-05 11:00:00+05:30,4892.0,4898.0,4891.5,4895.5,272
2025-08-05 11:15:00+05:30,4895.5,4903.5,4895.0,4901.0,163
2025-08-05 11:30:00+05:30,4901.0,4918.0,4885.0,4886.5,1302
2025-08-05 11:45:00+05:30,4886.5,4892.0,4886.5,4891.0,270
2025-08-05 12:00:00+05:30,4891.0,4914.0,4889.5,4910.0,340
2025-08-05 12:15:00+05:30,4910.0,4918.0,4902.0,4902.0,613
2025-08-05 12:30:00+05:30,4902.0,4905.5,4895.0,4895.0,423
2025-08-05 12:45:00+05:30,4895.0,4911.5,4891.0,4902.5,1639
2025-08-05 13:00:00+05:30,4902.5,4904.0,4896.0,4900.0,214
2025-08-05 13:15:00+05:30,4900.0,4908.5,4895.0,4908.5,305
2025-08-05 13:30:00+05:30,4908.5,4914.0,4902.0,4908.5,441
2025-08-05 13:45:00+05:30,4908.5,4914.5,4904.5,4910.5,340
2025-08-05 14:00:00+05:30,4910.5,4914.5,4898.0,4910.5,1078
2025-08-05 14:15:00+05:30,4910.5,4913.0,4902.5,4904.5,515
2025-08-05 14:30:00+05:30,4904.0,4910.0,4901.5,4906.0,812
2025-08-05 14:45:00+05:30,4906.0,4910.0,4900.5,4908.0,1269
2025-08-05 15:00:00+05:30,4909.0,4925.5,4902.5,4923.5,4293
2025-08-05 15:15:00+05:30,4923.5,4932.0,4901.0,4905.0,5080
2025-08-06 09:15:00+05:30,4929.0,4929.0,4842.0,4861.5,6361
2025-08-06 09:30:00+05:30,4861.5,4867.0,4836.5,4841.5,3625
2025-08-06 09:45:00+05:30,4841.5,4857.0,4830.0,4840.0,1586
2025-08-06 10:00:00+05:30,4840.0,4843.5,4817.0,4839.0,2278
2025-08-06 10:15:00+05:30,4839.0,4879.0,4836.5,4866.5,3590
2025-08-06 10:30:00+05:30,4866.5,4866.5,4845.0,4850.0,1351
2025-08-06 10:45:00+05:30,4850.0,4850.5,4830.5,4834.0,665
2025-08-06 11:00:00+05:30,4834.0,4850.5,4816.5,4834.0,3123
2025-08-06 11:15:00+05:30,4834.0,4834.0,4821.0,4828.5,541
2025-08-06 11:30:00+05:30,4828.5,4830.0,4810.0,4815.5,1043
2025-08-06 11:45:00+05:30,4815.5,4827.5,4809.0,4812.5,1550
2025-08-06 12:00:00+05:30,4813.0,4818.5,4808.0,4814.0,1033
2025-08-06 12:15:00+05:30,4814.0,4840.0,4804.0,4840.0,4816
2025-08-06 12:30:00+05:30,4840.0,4840.0,4823.0,4835.0,14162
2025-08-06 12:45:00+05:30,4833.0,4848.0,4833.0,4842.0,2009
2025-08-06 13:00:00+05:30,4842.0,4858.0,4839.0,4855.0,2467
2025-08-06 13:15:00+05:30,4855.0,4860.0,4844.5,4860.0,3193
2025-08-06 13:30:00+05:30,4860.0,4864.0,4855.0,4860.5,2689
2025-08-06 13:45:00+05:30,4860.5,4861.0,4843.0,4846.0,5477
2025-08-06 14:00:00+05:30,4846.0,4846.0,4836.0,4842.0,4305
2025-08-06 14:15:00+05:30,4847.5,4864.0,4842.0,4864.0,16549
2025-08-06 14:30:00+05:30,4864.0,4865.5,4847.5,4862.0,16563
2025-08-06 14:45:00+05:30,4862.0,4876.0,4862.0,4870.0,3947
2025-08-06 15:00:00+05:30,4870.0,4881.5,4860.5,4873.5,19332
2025-08-06 15:15:00+05:30,4879.5,4879.5,4840.0,4840.0,19544
2025-08-07 09:15:00+05:30,4860.0,4909.0,4850.0,4904.5,2335
2025-08-07 09:30:00+05:30,4905.0,4927.0,4894.0,4912.0,3275
2025-08-07 09:45:00+05:30,4912.0,4913.5,4898.0,4900.0,895
2025-08-07 10:00:00+05:30,4900.0,4910.0,4887.5,4891.0,1549
2025-08-07 10:15:00+05:30,4891.0,4892.5,4864.5,4864.5,1008
2025-08-07 10:30:00+05:30,4864.5,4870.0,4850.5,4857.5,1931
2025-08-07 10:45:00+05:30,4857.5,4878.5,4851.0,4867.0,960
2025-08-07 11:00:00+05:30,4867.0,4867.0,4850.0,4855.5,1204
2025-08-07 11:15:00+05:30,4855.5,4866.0,4841.0,4860.5,4828
2025-08-07 11:30:00+05:30,4860.5,4870.5,4850.0,4866.5,8089
2025-08-07 11:45:00+05:30,4866.5,4866.5,4855.5,4860.0,7013
2025-08-07 12:00:00+05:30,4860.0,4862.5,4840.0,4849.5,9557
2025-08-07 12:15:00+05:30,4849.5,4850.0,4830.5,4837.5,925
2025-08-07 12:30:00+05:30,4835.5,4837.0,4817.0,4828.0,2661
2025-08-07 12:45:00+05:30,4828.0,4836.5,4825.5,4829.0,709
2025-08-07 13:00:00+05:30,4829.0,4840.0,4817.0,4817.0,1956
2025-08-07 13:15:00+05:30,4817.0,4819.0,4806.5,4807.0,1065
2025-08-07 13:30:00+05:30,4807.0,4809.5,4792.5,4801.0,984
2025-08-07 13:45:00+05:30,4802.0,4821.0,4795.0,4820.0,1502
2025-08-07 14:00:00+05:30,4820.0,4835.5,4819.5,4830.0,617
2025-08-07 14:15:00+05:30,4830.0,4852.5,4827.5,4844.0,2860
2025-08-07 14:30:00+05:30,4844.0,4855.0,4835.5,4851.0,4885
2025-08-07 14:45:00+05:30,4851.0,4865.0,4850.0,4864.0,4047
2025-08-07 15:00:00+05:30,4864.0,4874.0,4858.0,4872.0,3097
2025-08-07 15:15:00+05:30,4872.0,4884.0,4858.0,4875.0,7501
2025-08-08 09:15:00+05:30,4872.0,4872.5,4840.0,4844.0,1124
2025-08-08 09:30:00+05:30,4844.0,4849.0,4807.0,4814.0,4506
2025-08-08 09:45:00+05:30,4814.0,4816.0,4803.5,4808.5,1284
2025-08-08 10:00:00+05:30,4804.0,4828.5,4803.5,4823.0,1974
2025-08-08 10:15:00+05:30,4823.0,4831.0,4821.0,4825.5,1061
2025-08-08 10:30:00+05:30,4825.5,4827.0,4812.0,4812.0,1350
2025-08-08 10:45:00+05:30,4812.0,4817.0,4810.5,4810.5,345
2025-08-08 11:00:00+05:30,4810.5,4817.0,4810.0,4815.0,270
2025-08-08 11:15:00+05:30,4815.0,4820.5,4810.5,4819.5,355
2025-08-08 11:30:00+05:30,4819.5,4819.5,4807.5,4813.0,571
2025-08-08 11:45:00+05:30,4813.0,4815.0,4806.5,4810.0,303
2025-08-08 12:00:00+05:30,4810.0,4811.0,4800.5,4805.0,1597
2025-08-08 12:15:00+05:30,4805.0,4805.0,4797.0,4802.0,934
2025-08-08 12:30:00+05:30,4802.0,4813.5,4801.0,4810.0,552
2025-08-08 12:45:00+05:30,4810.0,4820.5,4808.5,4819.0,693
2025-08-08 13:00:00+05:30,4819.0,4819.0,4810.0,4812.0,556
2025-08-08 13:15:00+05:30,4812.0,4815.0,4810.0,4814.5,425
2025-08-08 13:30:00+05:30,4814.5,4814.5,4812.5,4814.0,138
2025-08-08 13:45:00+05:30,4814.0,4814.5,4810.0,4811.0,783
2025-08-08 14:00:00+05:30,4811.0,4812.0,4796.5,4805.5,3806
2025-08-08 14:15:00+05:30,4805.5,4809.5,4794.5,4796.0,986
2025-08-08 14:30:00+05:30,4798.0,4803.5,4785.0,4787.0,3015
2025-08-08 14:45:00+05:30,4787.0,4788.0,4769.0,4769.0,4859
2025-08-08 15:00:00+05:30,4768.5,4779.0,4760.5,4763.0,5961
2025-08-08 15:15:00+05:30,4763.0,4766.5,4750.0,4750.0,7975
2025-08-11 09:15:00+05:30,4769.5,4819.0,4738.5,4796.0,5685
2025-08-11 09:30:00+05:30,4796.0,4800.0,4787.5,4793.0,561
2025-08-11 09:45:00+05:30,4793.0,4796.0,4774.0,4790.0,902
2025-08-11 10:00:00+05:30,4789.5,4792.5,4778.5,4788.5,817
2025-08-11 10:15:00+05:30,4788.5,4798.0,4787.5,4798.0,490
2025-08-11 10:30:00+05:30,4798.0,4810.5,4793.5,4798.5,479
2025-08-11 10:45:00+05:30,4798.5,4804.0,4795.0,4801.0,405
2025-08-11 11:00:00+05:30,4801.0,4812.0,4799.0,4804.5,703
2025-08-11 11:15:00+05:30,4804.5,4807.5,4799.0,4807.5,366
2025-08-11 11:30:00+05:30,4807.5,4813.5,4790.5,4799.0,1353
2025-08-11 11:45:00+05:30,4798.5,4802.0,4789.5,4801.5,331
2025-08-11 12:00:00+05:30,4801.5,4807.5,4796.0,4800.0,302
2025-08-11 12:15:00+05:30,4800.0,4805.5,4798.0,4805.0,166
2025-08-11 12:30:00+05:30,4805.0,4810.0,4795.5,4810.0,638
2025-08-11 12:45:00+05:30,4810.0,4822.0,4798.5,4813.0,1044
2025-08-11 13:00:00+05:30,4813.0,4835.0,4807.5,4814.0,2649
2025-08-11 13:15:00+05:30,4814.0,4824.0,4810.5,4814.5,494
2025-08-11 13:30:00+05:30,4814.5,4823.5,4814.5,4823.5,379
2025-08-11 13:45:00+05:30,4822.0,4824.0,4815.0,4823.0,485
2025-08-11 14:00:00+05:30,4823.0,4835.5,4823.0,4833.5,1776
2025-08-11 14:15:00+05:30,4833.0,4846.0,4833.0,4845.5,2230
2025-08-11 14:30:00+05:30,4845.5,4853.5,4838.5,4852.0,9613
2025-08-11 14:45:00+05:30,4852.0,4861.0,4846.0,4849.0,4812
2025-08-11 15:00:00+05:30,4846.0,4848.5,4834.0,4840.0,3392
2025-08-11 15:15:00+05:30,4842.0,4852.0,4839.5,4845.0,3111
2025-08-12 09:15:00+05:30,4864.5,4888.5,4822.0,4881.5,2946
2025-08-12 09:30:00+05:30,4881.5,4894.0,4870.0,4877.0,1307
2025-08-12 09:45:00+05:30,4876.0,4899.0,4871.0,4894.5,1608
2025-08-12 10:00:00+05:30,4891.5,4931.5,4878.0,4931.5,4863
2025-08-12 10:15:00+05:30,4928.5,4955.0,4916.0,4945.0,11804
2025-08-12 10:30:00+05:30,4945.0,4975.0,4919.0,4965.0,12644
2025-08-12 10:45:00+05:30,4965.0,4980.0,4946.0,4955.0,7084
2025-08-12 11:00:00+05:30,4955.0,4980.0,4935.5,4960.5,7491
2025-08-12 11:15:00+05:30,4959.5,4964.5,4950.5,4953.5,2528
2025-08-12 11:30:00+05:30,4953.5,4984.0,4944.0,4975.5,5004
2025-08-12 11:45:00+05:30,4975.5,4982.0,4959.5,4975.5,5006
2025-08-12 12:00:00+05:30,4975.5,4982.5,4965.5,4967.5,3874
2025-08-12 12:15:00+05:30,4967.0,4977.5,4962.0,4970.0,2086
2025-08-12 12:30:00+05:30,4970.0,4994.5,4969.5,4974.5,6010
2025-08-12 12:45:00+05:30,4974.5,4987.0,4972.5,4982.5,2690
2025-08-12 13:00:00+05:30,4982.5,4996.5,4970.0,4980.0,3958
2025-08-12 13:15:00+05:30,4980.0,5035.0,4976.0,5026.5,16211
2025-08-12 13:30:00+05:30,5032.0,5149.0,5001.0,5135.5,146282
2025-08-12 13:45:00+05:30,5130.5,5207.5,5128.0,5192.5,166558
2025-08-12 14:00:00+05:30,5195.0,5198.0,5142.5,5153.5,146682
2025-08-12 14:15:00+05:30,5153.5,5158.5,5125.5,5136.5,83714
2025-08-12 14:30:00+05:30,5136.5,5190.0,5132.5,5172.0,79773
2025-08-12 14:45:00+05:30,5172.0,5176.5,5156.0,5167.0,39672
2025-08-12 15:00:00+05:30,5167.0,5170.0,5132.5,5132.5,107036
2025-08-12 15:15:00+05:30,5134.0,5168.0,5132.0,5165.0,84747
2025-08-13 09:15:00+05:30,5240.0,5387.0,5240.0,5288.0,184602
2025-08-13 09:30:00+05:30,5286.5,5316.5,5277.0,5311.0,95384
2025-08-13 09:45:00+05:30,5311.0,5331.5,5300.5,5316.5,55069
2025-08-13 10:00:00+05:30,5316.5,5332.5,5296.5,5305.5,40104
2025-08-13 10:15:00+05:30,5305.5,5312.0,5290.0,5290.0,14859
2025-08-13 10:30:00+05:30,5287.5,5300.0,5286.0,5295.0,16054
2025-08-13 10:45:00+05:30,5295.0,5325.0,5293.0,5323.0,85823
2025-08-13 11:00:00+05:30,5323.0,5387.0,5323.0,5366.0,66154
2025-08-13 11:15:00+05:30,5368.0,5400.0,5360.0,5383.0,42880
2025-08-13 11:30:00+05:30,5380.5,5395.0,5363.5,5387.5,20219
2025-08-13 11:45:00+05:30,5387.0,5390.5,5375.0,5376.5,18069
2025-08-13 12:00:00+05:30,5376.5,5383.0,5365.5,5368.5,22667
2025-08-13 12:15:00+05:30,5368.5,5384.5,5361.0,5376.0,12983
2025-08-13 12:30:00+05:30,5376.0,5384.0,5371.0,5373.0,7592
2025-08-13 12:45:00+05:30,5374.0,5380.0,5368.0,5374.0,5330
2025-08-13 13:00:00+05:30,5374.0,5378.0,5370.5,5372.5,12737
2025-08-13 13:15:00+05:30,5372.5,5379.0,5372.5,5374.5,14171
2025-08-13 13:30:00+05:30,5374.5,5394.0,5373.0,5386.5,13639
2025-08-13 13:45:00+05:30,5384.5,5387.5,5375.0,5379.5,6359
2025-08-13 14:00:00+05:30,5378.5,5379.0,5366.0,5375.0,11648
2025-08-13 14:15:00+05:30,5374.0,5375.5,5365.5,5375.0,16045
2025-08-13 14:30:00+05:30,5375.0,5390.0,5371.5,5386.5,23238
2025-08-13 14:45:00+05:30,5386.5,5390.0,5381.0,5384.0,11343
2025-08-13 15:00:00+05:30,5385.0,5400.0,5382.0,5389.5,61310
2025-08-13 15:15:00+05:30,5391.0,5392.0,5375.0,5379.5,37553
2025-08-14 09:15:00+05:30,5355.0,5423.5,5355.0,5412.0,31473
2025-08-14 09:30:00+05:30,5414.5,5421.5,5377.0,5377.0,16476
2025-08-14 09:45:00+05:30,5380.0,5396.0,5366.5,5371.0,21353
2025-08-14 10:00:00+05:30,5371.0,5372.5,5349.0,5362.5,6026
2025-08-14 10:15:00+05:30,5362.5,5388.5,5355.5,5388.0,4729
2025-08-14 10:30:00+05:30,5387.5,5388.0,5349.0,5357.5,10263
2025-08-14 10:45:00+05:30,5357.5,5357.5,5343.0,5345.5,2618
2025-08-14 11:00:00+05:30,5345.5,5353.0,5326.5,5332.5,16818
2025-08-14 11:15:00+05:30,5332.5,5347.0,5319.5,5323.0,3682
2025-08-14 11:30:00+05:30,5323.0,5340.0,5315.0,5328.0,39038
2025-08-14 11:45:00+05:30,5328.0,5355.0,5318.0,5341.0,20530
2025-08-14 12:00:00+05:30,5341.0,5348.0,5316.5,5332.0,9809
2025-08-14 12:15:00+05:30,5332.0,5351.5,5327.5,5341.0,2514
2025-08-14 12:30:00+05:30,5341.0,5347.0,5341.0,5347.0,790
2025-08-14 12:45:00+05:30,5347.0,5353.5,5342.0,5349.5,1657
2025-08-14 13:00:00+05:30,5349.5,5350.0,5341.5,5344.5,2012
2025-08-14 13:15:00+05:30,5344.5,5344.5,5331.5,5342.0,1685
2025-08-14 13:30:00+05:30,5342.0,5355.0,5342.0,5350.5,2755
2025-08-14 13:45:00+05:30,5350.5,5356.0,5346.0,5351.0,5394
2025-08-14 14:00:00+05:30,5352.0,5360.0,5348.0,5352.0,4390
2025-08-14 14:15:00+05:30,5354.0,5354.0,5331.5,5336.0,7220
2025-08-14 14:30:00+05:30,5336.0,5343.5,5331.0,5343.5,5703
2025-08-14 14:45:00+05:30,5348.5,5374.5,5348.5,5352.5,41265
2025-08-14 15:00:00+05:30,5355.5,5355.5,5343.0,5348.0,10614
2025-08-14 15:15:00+05:30,5348.0,5360.5,5340.5,5346.0,8877
2025-08-18 09:15:00+05:30,5347.5,5395.5,5347.5,5371.5,6364
2025-08-18 09:30:00+05:30,5371.5,5384.5,5356.5,5358.0,3890
2025-08-18 09:45:00+05:30,5358.0,5369.5,5355.0,5369.5,2292
2025-08-18 10:00:00+05:30,5369.5,5374.0,5362.5,5365.0,1297
2025-08-18 10:15:00+05:30,5365.0,5378.5,5363.5,5376.0,1987
2025-08-18 10:30:00+05:30,5379.5,5383.0,5367.5,5371.5,3390
2025-08-18 10:45:00+05:30,5369.5,5373.5,5355.0,5356.0,1593
2025-08-18 11:00:00+05:30,5355.0,5363.0,5340.5,5349.0,3384
2025-08-18 11:15:00+05:30,5349.0,5356.0,5340.0,5343.5,1428
2025-08-18 11:30:00+05:30,5340.5,5354.5,5328.5,5350.0,2525
2025-08-18 11:45:00+05:30,5350.0,5359.0,5349.5,5354.0,2183
2025-08-18 12:00:00+05:30,5351.0,5360.5,5350.5,5359.5,1396
2025-08-18 12:15:00+05:30,5359.5,5375.0,5354.0,5366.5,2521
2025-08-18 12:30:00+05:30,5366.5,5371.5,5362.5,5369.5,758
2025-08-18 12:45:00+05:30,5369.5,5372.0,5365.0,5366.5,1453
2025-08-18 13:00:00+05:30,5366.5,5366.5,5348.5,5357.5,1847
2025-08-18 13:15:00+05:30,5357.5,5360.0,5348.0,5357.0,3899
2025-08-18 13:30:00+05:30,5357.0,5360.0,5353.0,5357.0,1835
2025-08-18 13:45:00+05:30,5357.0,5361.0,5349.0,5350.0,3009
2025-08-18 14:00:00+05:30,5350.0,5360.0,5349.0,5356.5,2463
2025-08-18 14:15:00+05:30,5355.5,5357.5,5348.0,5350.0,1960
2025-08-18 14:30:00+05:30,5350.0,5360.0,5348.5,5351.0,18879
2025-08-18 14:45:00+05:30,5351.0,5353.5,5348.5,5350.0,3276
2025-08-18 15:00:00+05:30,5349.5,5349.5,5334.5,5341.5,5946
2025-08-18 15:15:00+05:30,5343.5,5360.0,5340.0,5360.0,7675
2025-08-19 09:15:00+05:30,5353.0,5420.0,5297.5,5392.0,17621
2025-08-19 09:30:00+05:30,5392.0,5410.0,5386.0,5397.0,12380
2025-08-19 09:45:00+05:30,5397.0,5410.0,5392.0,5404.5,8381
2025-08-19 10:00:00+05:30,5404.5,5407.0,5398.5,5404.5,4115
2025-08-19 10:15:00+05:30,5404.5,5415.0,5399.0,5407.0,20225
2025-08-19 10:30:00+05:30,5407.0,5414.0,5395.0,5411.0,13001
2025-08-19 10:45:00+05:30,5411.0,5414.5,5401.0,5406.5,10626
2025-08-19 11:00:00+05:30,5406.5,5407.5,5390.0,5400.0,9620
2025-08-19 11:15:00+05:30,5400.0,5400.0,5391.5,5392.5,3399
2025-08-19 11:30:00+05:30,5392.5,5400.0,5392.0,5397.5,3601
2025-08-19 11:45:00+05:30,5397.5,5410.0,5395.0,5409.5,6450
2025-08-19 12:00:00+05:30,5409.5,5410.0,5397.0,5400.0,6803
2025-08-19 12:15:00+05:30,5400.0,5401.0,5397.5,5399.0,8412
2025-08-19 12:30:00+05:30,5397.5,5410.0,5396.0,5405.5,5000
2025-08-19 12:45:00+05:30,5405.5,5405.5,5390.0,5392.0,4082
2025-08-19 13:00:00+05:30,5392.0,5400.0,5388.5,5391.5,3911
2025-08-19 13:15:00+05:30,5393.0,5393.0,5385.0,5390.0,2996
2025-08-19 13:30:00+05:30,5390.0,5402.0,5389.5,5400.0,4434
2025-08-19 13:45:00+05:30,5400.0,5400.5,5394.5,5397.5,3320
2025-08-19 14:00:00+05:30,5398.5,5398.5,5392.0,5397.5,6297
2025-08-19 14:15:00+05:30,5397.5,5397.5,5386.0,5390.0,4356
2025-08-19 14:30:00+05:30,5390.0,5397.5,5378.0,5388.0,20487
2025-08-19 14:45:00+05:30,5388.0,5389.5,5377.5,5378.0,12092
2025-08-19 15:00:00+05:30,5378.0,5391.0,5377.5,5386.0,14317
2025-08-19 15:15:00+05:30,5386.0,5400.5,5386.0,5400.0,16283
2025-08-20 09:15:00+05:30,5400.0,5418.0,5369.5,5412.5,10067
2025-08-20 09:30:00+05:30,5410.0,5425.0,5398.5,5400.0,10504
2025-08-20 09:45:00+05:30,5400.5,5413.0,5394.5,5412.5,26109
2025-08-20 10:00:00+05:30,5412.5,5414.0,5391.0,5401.5,9607
2025-08-20 10:15:00+05:30,5402.5,5410.0,5396.5,5409.5,4134
2025-08-20 10:30:00+05:30,5409.5,5410.0,5399.0,5400.0,14197
2025-08-20 10:45:00+05:30,5400.0,5402.5,5390.5,5397.0,2566
2025-08-20 11:00:00+05:30,5399.5,5408.5,5395.0,5407.0,1304
2025-08-20 11:15:00+05:30,5407.5,5408.0,5398.0,5400.0,4098
2025-08-20 11:30:00+05:30,5400.0,5402.0,5396.0,5400.0,1546
2025-08-20 11:45:00+05:30,5400.0,5400.0,5396.0,5400.0,1903
2025-08-20 12:00:00+05:30,5400.0,5400.0,5384.0,5387.0,2871
2025-08-20 12:15:00+05:30,5387.0,5392.5,5383.0,5389.0,1683
2025-08-20 12:30:00+05:30,5389.0,5398.5,5389.0,5396.5,4554
2025-08-20 12:45:00+05:30,5396.5,5398.0,5394.0,5398.0,1236
2025-08-20 13:00:00+05:30,5398.0,5399.0,5393.0,5397.5,3183
2025-08-20 13:15:00+05:30,5397.5,5399.5,5392.0,5395.0,2157
2025-08-20 13:30:00+05:30,5395.0,5400.0,5393.0,5400.0,2283
2025-08-20 13:45:00+05:30,5400.0,5400.0,5395.0,5396.5,1701
2025-08-20 14:00:00+05:30,5396.5,5398.5,5394.0,5394.5,2034
2025-08-20 14:15:00+05:30,5397.0,5397.5,5392.0,5394.5,3221
2025-08-20 14:30:00+05:30,5393.0,5401.0,5392.5,5400.0,2983
2025-08-20 14:45:00+05:30,5400.0,5401.5,5390.5,5399.0,5331
2025-08-20 15:00:00+05:30,5396.5,5401.5,5394.0,5396.0,7337
2025-08-20 15:15:00+05:30,5395.5,5396.5,5381.0,5381.0,13149
2025-08-21 09:15:00+05:30,5393.0,5398.5,5362.5,5372.0,2654
2025-08-21 09:30:00+05:30,5374.5,5387.5,5367.5,5371.5,2709
2025-08-21 09:45:00+05:30,5371.5,5384.5,5371.5,5383.0,1465
2025-08-21 10:00:00+05:30,5383.0,5386.5,5378.5,5385.0,1434
2025-08-21 10:15:00+05:30,5385.0,5411.0,5382.0,5411.0,5251
2025-08-21 10:30:00+05:30,5411.0,5440.5,5410.0,5439.0,12627
2025-08-21 10:45:00+05:30,5439.5,5474.0,5439.5,5459.0,21902
2025-08-21 11:00:00+05:30,5459.5,5463.0,5446.0,5447.0,6117
2025-08-21 11:15:00+05:30,5447.0,5450.0,5443.0,5450.0,3872
2025-08-21 11:30:00+05:30,5448.5,5457.5,5444.5,5450.0,3354
2025-08-21 11:45:00+05:30,5450.0,5450.0,5436.0,5440.0,2348
2025-08-21 12:00:00+05:30,5440.0,5449.5,5437.5,5449.0,3504
2025-08-21 12:15:00+05:30,5449.0,5449.5,5434.5,5436.5,2243
2025-08-21 12:30:00+05:30,5436.5,5442.5,5432.5,5442.5,4092
2025-08-21 12:45:00+05:30,5442.5,5442.5,5435.0,5441.0,1416
2025-08-21 13:00:00+05:30,5441.5,5442.5,5433.0,5435.5,1810
2025-08-21 13:15:00+05:30,5435.5,5437.5,5427.0,5429.5,1951
2025-08-21 13:30:00+05:30,5429.5,5429.5,5412.0,5418.5,2563
2025-08-21 13:45:00+05:30,5418.5,5420.0,5402.5,5415.0,12506
2025-08-21 14:00:00+05:30,5416.5,5423.5,5413.5,5422.0,5784
2025-08-21 14:15:00+05:30,5422.0,5431.0,5417.5,5419.5,6248
2025-08-21 14:30:00+05:30,5419.5,5420.0,5415.5,5419.5,2001
2025-08-21 14:45:00+05:30,5419.5,5423.0,5413.5,5417.0,3402
2025-08-21 15:00:00+05:30,5416.0,5420.0,5414.5,5420.0,6282
2025-08-21 15:15:00+05:30,5419.5,5449.0,5414.0,5443.0,19922
2025-08-22 09:15:00+05:30,5470.0,5479.0,5441.0,5447.5,14606
2025-08-22 09:30:00+05:30,5447.5,5451.5,5431.5,5450.0,5046
2025-08-22 09:45:00+05:30,5450.0,5464.0,5449.5,5461.0,3052
2025-08-22 10:00:00+05:30,5460.0,5463.0,5441.0,5443.0,4191
2025-08-22 10:15:00+05:30,5443.0,5456.5,5439.5,5451.0,1711
2025-08-22 10:30:00+05:30,5451.0,5454.0,5446.0,5450.0,1007
2025-08-22 10:45:00+05:30,5450.0,5453.5,5444.5,5450.0,1690
2025-08-22 11:00:00+05:30,5450.0,5459.5,5448.0,5455.0,1964
2025-08-22 11:15:00+05:30,5455.0,5456.0,5443.0,5450.0,1123
2025-08-22 11:30:00+05:30,5450.0,5454.5,5449.5,5451.0,4722
2025-08-22 11:45:00+05:30,5451.0,5461.0,5450.5,5452.5,6748
2025-08-22 12:00:00+05:30,5452.5,5458.0,5451.5,5452.0,1951
2025-08-22 12:15:00+05:30,5452.0,5452.0,5440.5,5444.0,947
2025-08-22 12:30:00+05:30,5444.0,5447.5,5441.5,5447.0,1083
2025-08-22 12:45:00+05:30,5447.0,5449.0,5444.0,5444.0,907
2025-08-22 13:00:00+05:30,5444.0,5445.0,5437.5,5441.5,1386
2025-08-22 13:15:00+05:30,5441.5,5444.0,5439.0,5441.5,1219
2025-08-22 13:30:00+05:30,5441.5,5442.5,5425.5,5429.5,3029
2025-08-22 13:45:00+05:30,5429.5,5452.5,5422.5,5447.0,1977
2025-08-22 14:00:00+05:30,5447.0,5455.0,5438.5,5449.0,4304
2025-08-22 14:15:00+05:30,5450.0,5451.5,5447.0,5449.0,2309
2025-08-22 14:30:00+05:30,5449.0,5450.0,5433.5,5442.5,6768
2025-08-22 14:45:00+05:30,5442.5,5447.5,5439.5,5439.5,6738
2025-08-22 15:00:00+05:30,5438.5,5439.5,5420.0,5427.0,8453
2025-08-22 15:15:00+05:30,5426.5,5437.0,5420.5,5427.0,11969
2025-08-25 09:15:00+05:30,5430.0,5451.0,5415.5,5430.5,5507
2025-08-25 09:30:00+05:30,5430.5,5467.0,5424.0,5460.0,28680
2025-08-25 09:45:00+05:30,5460.0,5474.0,5455.0,5464.0,21647
2025-08-25 10:00:00+05:30,5464.0,5464.0,5445.0,5446.0,1912
2025-08-25 10:15:00+05:30,5446.0,5450.0,5438.5,5444.0,1531
2025-08-25 10:30:00+05:30,5444.0,5464.0,5440.0,5453.5,3552
2025-08-25 10:45:00+05:30,5450.5,5453.5,5441.0,5442.5,586
2025-08-25 11:00:00+05:30,5442.5,5450.0,5441.5,5446.5,2787
2025-08-25 11:15:00+05:30,5446.5,5450.0,5429.5,5435.5,4878
2025-08-25 11:30:00+05:30,5435.5,5442.5,5422.5,5432.5,1715
2025-08-25 11:45:00+05:30,5432.5,5434.5,5425.0,5431.0,2554
2025-08-25 12:00:00+05:30,5429.5,5431.0,5424.5,5429.5,2636
2025-08-25 12:15:00+05:30,5429.5,5430.5,5419.0,5422.0,2269
2025-08-25 12:30:00+05:30,5422.0,5430.0,5420.5,5425.5,2150
2025-08-25 12:45:00+05:30,5425.5,5430.0,5423.0,5430.0,666
2025-08-25 13:00:00+05:30,5430.0,5440.0,5426.5,5438.5,5911
2025-08-25 13:15:00+05:30,5438.5,5439.5,5432.5,5439.0,1662
2025-08-25 13:30:00+05:30,5439.0,5441.0,5432.0,5438.0,2341
2025-08-25 13:45:00+05:30,5438.0,5448.5,5438.0,5448.0,1643
2025-08-25 14:00:00+05:30,5448.0,5448.5,5438.0,5438.5,1645
2025-08-25 14:15:00+05:30,5440.0,5442.5,5429.5,5429.5,3928
2025-08-25 14:30:00+05:30,5429.5,5439.0,5421.0,5431.0,24228
2025-08-25 14:45:00+05:30,5431.0,5435.0,5422.0,5428.5,6827
2025-08-25 15:00:00+05:30,5428.5,5428.5,5411.0,5415.5,3656
2025-08-25 15:15:00+05:30,5416.0,5426.5,5397.5,5411.0,7333
2025-08-26 09:15:00+05:30,5415.5,5416.5,5373.5,5394.0,6429
2025-08-26 09:30:00+05:30,5394.0,5399.0,5374.0,5381.5,2543
2025-08-26 09:45:00+05:30,5381.5,5402.5,5376.5,5400.0,2480
2025-08-26 10:00:00+05:30,5400.0,5413.5,5397.0,5405.0,2222
2025-08-26 10:15:00+05:30,5405.0,5405.0,5381.5,5398.0,5771
2025-08-26 10:30:00+05:30,5398.0,5399.5,5393.0,5396.0,1090
2025-08-26 10:45:00+05:30,5396.0,5403.5,5391.0,5399.0,713
2025-08-26 11:00:00+05:30,5399.0,5405.0,5397.0,5405.0,1006
2025-08-26 11:15:00+05:30,5405.0,5405.0,5397.0,5400.0,1101
2025-08-26 11:30:00+05:30,5400.0,5404.0,5397.0,5397.5,504
2025-08-26 11:45:00+05:30,5397.5,5406.5,5397.5,5400.0,674
2025-08-26 12:00:00+05:30,5400.0,5401.0,5397.0,5400.0,620
2025-08-26 12:15:00+05:30,5400.0,5410.0,5399.5,5405.5,2523
2025-08-26 12:30:00+05:30,5405.5,5406.0,5399.0,5404.5,1313
2025-08-26 12:45:00+05:30,5404.5,5409.0,5399.0,5402.0,1446
2025-08-26 13:00:00+05:30,5402.0,5405.0,5399.5,5404.5,1371
2025-08-26 13:15:00+05:30,5404.5,5407.0,5398.0,5401.0,1312
2025-08-26 13:30:00+05:30,5401.0,5402.5,5392.5,5398.0,1824
2025-08-26 13:45:00+05:30,5398.0,5400.0,5396.0,5400.0,1008
2025-08-26 14:00:00+05:30,5400.0,5400.0,5392.5,5395.0,1258
2025-08-26 14:15:00+05:30,5395.0,5400.0,5395.0,5400.0,2339
2025-08-26 14:30:00+05:30,5398.0,5410.5,5398.0,5400.0,9734
2025-08-26 14:45:00+05:30,5400.0,5418.5,5395.0,5409.5,9432
2025-08-26 15:00:00+05:30,5412.0,5438.0,5412.0,5420.5,65188
2025-08-26 15:15:00+05:30,5419.5,5425.5,5395.0,5399.5,64832
2025-08-28 09:15:00+05:30,5420.0,5434.0,5368.5,5369.5,6365
2025-08-28 09:30:00+05:30,5369.5,5391.5,5364.5,5384.0,3979
2025-08-28 09:45:00+05:30,5384.0,5390.5,5378.0,5386.0,2605
2025-08-28 10:00:00+05:30,5387.5,5388.0,5372.5,5378.0,2391
2025-08-28 10:15:00+05:30,5378.5,5383.5,5374.5,5379.5,1986
2025-08-28 10:30:00+05:30,5379.5,5397.5,5379.0,5388.5,2571
2025-08-28 10:45:00+05:30,5388.5,5391.0,5386.0,5388.0,1231
2025-08-28 11:00:00+05:30,5388.0,5390.5,5380.0,5380.0,1685
2025-08-28 11:15:00+05:30,5380.0,5382.5,5374.5,5376.5,1705
2025-08-28 11:30:00+05:30,5376.5,5387.0,5375.0,5383.5,6639
2025-08-28 11:45:00+05:30,5380.0,5386.0,5379.5,5382.5,4469
2025-08-28 12:00:00+05:30,5382.5,5398.0,5379.5,5390.0,7223
2025-08-28 12:15:00+05:30,5390.0,5392.0,5376.5,5387.0,3052
2025-08-28 12:30:00+05:30,5387.0,5391.5,5381.5,5383.5,3551
2025-08-28 12:45:00+05:30,5383.5,5385.5,5376.5,5380.0,3363
2025-08-28 13:00:00+05:30,5380.0,5380.5,5379.0,5380.0,3121
2025-08-28 13:15:00+05:30,5379.0,5380.5,5367.5,5372.0,3788
2025-08-28 13:30:00+05:30,5370.0,5371.5,5359.5,5367.5,4340
2025-08-28 13:45:00+05:30,5367.5,5379.0,5365.0,5375.5,4795
2025-08-28 14:00:00+05:30,5375.5,5380.5,5371.0,5380.0,3799
2025-08-28 14:15:00+05:30,5380.0,5382.0,5378.0,5382.0,3871
2025-08-28 14:30:00+05:30,5380.0,5390.0,5375.0,5379.0,8285
2025-08-28 14:45:00+05:30,5379.0,5388.0,5377.0,5379.5,6797
2025-08-28 15:00:00+05:30,5380.0,5380.0,5373.5,5377.5,10876
2025-08-28 15:15:00+05:30,5377.5,5380.0,5361.0,5361.0,12213
2025-08-29 09:15:00+05:30,5376.0,5388.0,5349.0,5375.0,5606
2025-08-29 09:30:00+05:30,5375.0,5383.0,5375.0,5375.0,6512
2025-08-29 09:45:00+05:30,5375.0,5382.0,5375.0,5375.0,17202
2025-08-29 10:00:00+05:30,5375.0,5377.0,5362.0,5377.0,12900
2025-08-29 10:15:00+05:30,5377.0,5377.0,5362.5,5372.0,10875
2025-08-29 10:30:00+05:30,5372.5,5374.0,5367.5,5373.0,1493
2025-08-29 10:45:00+05:30,5374.0,5374.0,5351.0,5354.5,1099
2025-08-29 11:00:00+05:30,5354.5,5357.5,5344.5,5350.0,1085
2025-08-29 11:15:00+05:30,5350.0,5353.5,5349.0,5353.0,634
2025-08-29 11:30:00+05:30,5353.5,5353.5,5348.5,5352.0,656
2025-08-29 11:45:00+05:30,5352.0,5352.0,5344.0,5348.5,889
2025-08-29 12:00:00+05:30,5349.5,5357.0,5348.5,5349.5,1511
2025-08-29 12:15:00+05:30,5349.5,5352.0,5331.5,5333.5,12418
2025-08-29 12:30:00+05:30,5333.5,5334.0,5325.0,5329.5,993
2025-08-29 12:45:00+05:30,5329.5,5329.5,5312.0,5317.5,3467
2025-08-29 13:00:00+05:30,5317.5,5317.5,5303.0,5304.5,2514
2025-08-29 13:15:00+05:30,5304.5,5317.5,5303.0,5310.0,901
2025-08-29 13:30:00+05:30,5310.0,5318.0,5309.0,5315.5,822
2025-08-29 13:45:00+05:30,5317.0,5320.0,5306.0,5307.5,1278
2025-08-29 14:00:00+05:30,5307.0,5317.0,5300.5,5317.0,1303
2025-08-29 14:15:00+05:30,5317.0,5322.0,5309.5,5312.0,1639
2025-08-29 14:30:00+05:30,5310.0,5323.5,5303.5,5305.0,12234
2025-08-29 14:45:00+05:30,5305.0,5313.5,5291.0,5305.5,4675
2025-08-29 15:00:00+05:30,5304.5,5310.5,5296.5,5298.0,5762
2025-08-29 15:15:00+05:30,5298.0,5317.0,5293.5,5303.5,6753
2025-09-01 09:15:00+05:30,5310.0,5334.5,5303.5,5329.0,1233
2025-09-01 09:30:00+05:30,5327.0,5348.5,5324.0,5342.0,951
2025-09-01 09:45:00+05:30,5342.0,5348.5,5331.0,5336.0,1178
2025-09-01 10:00:00+05:30,5334.0,5334.0,5308.0,5320.0,3333
2025-09-01 10:15:00+05:30,5320.5,5321.5,5297.5,5305.0,2785
2025-09-01 10:30:00+05:30,5305.5,5318.0,5305.0,5318.0,847
2025-09-01 10:45:00+05:30,5318.0,5318.0,5309.5,5309.5,2291
2025-09-01 11:00:00+05:30,5309.5,5313.0,5295.5,5310.0,19654
2025-09-01 11:15:00+05:30,5310.0,5310.0,5301.0,5303.5,836
2025-09-01 11:30:00+05:30,5303.5,5310.0,5301.0,5306.5,925
2025-09-01 11:45:00+05:30,5306.5,5308.5,5294.0,5295.0,1066
2025-09-01 12:00:00+05:30,5295.0,5306.5,5276.5,5276.5,2280
2025-09-01 12:15:00+05:30,5276.5,5282.5,5273.0,5278.5,682
2025-09-01 12:30:00+05:30,5278.5,5288.5,5274.5,5285.0,1080
2025-09-01 12:45:00+05:30,5286.0,5289.5,5279.5,5286.5,613
2025-09-01 13:00:00+05:30,5289.0,5300.0,5285.5,5299.5,627
2025-09-01 13:15:00+05:30,5299.5,5300.0,5294.5,5297.0,411
2025-09-01 13:30:00+05:30,5297.0,5300.0,5290.0,5292.5,1150
2025-09-01 13:45:00+05:30,5292.5,5293.5,5286.0,5292.0,592
2025-09-01 14:00:00+05:30,5292.0,5298.5,5286.5,5297.5,1144
2025-09-01 14:15:00+05:30,5297.5,5299.5,5293.0,5297.5,585
2025-09-01 14:30:00+05:30,5296.5,5300.0,5290.0,5292.5,1597
2025-09-01 14:45:00+05:30,5292.5,5299.0,5292.5,5295.0,705
2025-09-01 15:00:00+05:30,5297.0,5300.0,5287.5,5299.5,3843
2025-09-01 15:15:00+05:30,5299.0,5328.5,5293.5,5327.5,5881
2025-09-02 09:15:00+05:30,5321.5,5340.0,5248.5,5251.0,3521
2025-09-02 09:30:00+05:30,5251.0,5276.0,5250.5,5273.5,1931
2025-09-02 09:45:00+05:30,5271.0,5300.0,5271.0,5292.0,2094
2025-09-02 10:00:00+05:30,5292.5,5311.5,5291.0,5306.5,1564
2025-09-02 10:15:00+05:30,5306.5,5323.0,5306.5,5321.5,1275
2025-09-02 10:30:00+05:30,5321.5,5324.0,5298.0,5300.5,2750
2025-09-02 10:45:00+05:30,5295.0,5307.5,5287.5,5288.0,1128
2025-09-02 11:00:00+05:30,5288.0,5291.0,5271.5,5272.5,1328
2025-09-02 11:15:00+05:30,5275.0,5284.0,5260.0,5266.0,12282
2025-09-02 11:30:00+05:30,5266.0,5270.0,5245.5,5248.5,3904
2025-09-02 11:45:00+05:30,5248.5,5253.0,5242.0,5245.5,1784
2025-09-02 12:00:00+05:30,5246.5,5250.5,5235.5,5239.5,3443
2025-09-02 12:15:00+05:30,5239.5,5240.0,5230.0,5236.0,2039
2025-09-02 12:30:00+05:30,5236.0,5240.0,5234.0,5239.0,1621
2025-09-02 12:45:00+05:30,5240.0,5255.0,5235.5,5249.0,4969
2025-09-02 13:00:00+05:30,5249.0,5249.0,5236.0,5240.5,1840
2025-09-02 13:15:00+05:30,5240.5,5240.5,5231.5,5239.0,3074
2025-09-02 13:30:00+05:30,5239.0,5240.0,5235.0,5237.0,1471
2025-09-02 13:45:00+05:30,5237.0,5237.0,5217.5,5221.5,2327
2025-09-02 14:00:00+05:30,5221.5,5222.0,5204.5,5217.5,3169
2025-09-02 14:15:00+05:30,5217.5,5235.0,5214.5,5229.5,2578
2025-09-02 14:30:00+05:30,5229.5,5251.0,5224.0,5245.0,20262
2025-09-02 14:45:00+05:30,5245.0,5252.0,5234.5,5242.0,15368
2025-09-02 15:00:00+05:30,5242.0,5251.0,5235.5,5250.0,12643
2025-09-02 15:15:00+05:30,5250.0,5260.0,5236.0,5251.0,7073
2025-09-03 09:15:00+05:30,5252.0,5293.0,5252.0,5292.0,5549
2025-09-03 09:30:00+05:30,5292.0,5310.5,5288.5,5303.5,2043
2025-09-03 09:45:00+05:30,5303.5,5314.5,5303.0,5313.0,2612
2025-09-03 10:00:00+05:30,5313.0,5317.0,5290.5,5291.0,12674
2025-09-03 10:15:00+05:30,5292.5,5294.0,5278.0,5289.5,2091
2025-09-03 10:30:00+05:30,5289.5,5291.0,5268.5,5280.0,1874
2025-09-03 10:45:00+05:30,5279.5,5284.5,5277.5,5284.5,601
2025-09-03 11:00:00+05:30,5284.5,5299.0,5282.5,5297.0,1161
2025-09-03 11:15:00+05:30,5297.0,5300.0,5287.5,5290.0,1491
2025-09-03 11:30:00+05:30,5290.0,5300.0,5290.0,5300.0,2165
2025-09-03 11:45:00+05:30,5300.0,5300.5,5296.0,5300.0,6402
2025-09-03 12:00:00+05:30,5298.0,5299.0,5289.0,5289.5,903
2025-09-03 12:15:00+05:30,5289.5,5295.0,5288.5,5288.5,394
2025-09-03 12:30:00+05:30,5288.5,5290.5,5283.0,5290.5,489
2025-09-03 12:45:00+05:30,5290.5,5290.5,5280.5,5282.5,580
2025-09-03 13:00:00+05:30,5282.5,5291.0,5279.5,5290.0,729
2025-09-03 13:15:00+05:30,5290.0,5290.0,5286.5,5289.0,401
2025-09-03 13:30:00+05:30,5289.0,5290.0,5284.0,5288.0,250
2025-09-03 13:45:00+05:30,5288.0,5290.0,5287.0,5290.0,600
2025-09-03 14:00:00+05:30,5290.0,5290.0,5288.0,5290.0,813
2025-09-03 14:15:00+05:30,5290.0,5301.0,5284.0,5288.0,2653
2025-09-03 14:30:00+05:30,5288.0,5290.0,5285.0,5288.5,718
2025-09-03 14:45:00+05:30,5288.5,5290.0,5287.5,5289.5,957
2025-09-03 15:00:00+05:30,5290.0,5298.0,5289.0,5290.0,14753
2025-09-03 15:15:00+05:30,5290.0,5300.0,5288.0,5289.0,9751
2025-09-04 09:15:00+05:30,5380.0,5380.0,5300.0,5305.5,4187
2025-09-04 09:30:00+05:30,5308.0,5332.5,5308.0,5330.0,1645
2025-09-04 09:45:00+05:30,5330.0,5345.0,5325.0,5341.5,3068
2025-09-04 10:00:00+05:30,5342.5,5350.0,5320.0,5320.0,2958
2025-09-04 10:15:00+05:30,5325.0,5340.0,5325.0,5325.5,1498
2025-09-04 10:30:00+05:30,5325.5,5330.0,5320.0,5324.5,1109
2025-09-04 10:45:00+05:30,5324.5,5335.0,5324.5,5328.0,3977
2025-09-04 11:00:00+05:30,5328.0,5330.5,5326.5,5329.5,1566
2025-09-04 11:15:00+05:30,5329.5,5330.5,5322.0,5325.0,2665
2025-09-04 11:30:00+05:30,5325.0,5325.0,5319.0,5320.0,8041
2025-09-04 11:45:00+05:30,5320.0,5325.0,5318.0,5319.5,12438
2025-09-04 12:00:00+05:30,5318.0,5320.0,5315.0,5317.0,745
2025-09-04 12:15:00+05:30,5317.0,5317.0,5308.5,5308.5,667
2025-09-04 12:30:00+05:30,5308.5,5313.5,5308.5,5312.5,836
2025-09-04 12:45:00+05:30,5312.5,5313.0,5304.0,5313.0,1338
2025-09-04 13:00:00+05:30,5313.0,5313.0,5297.0,5301.5,1583
2025-09-04 13:15:00+05:30,5301.5,5314.5,5299.5,5308.5,10413
2025-09-04 13:30:00+05:30,5312.0,5319.0,5310.0,5315.5,8129
2025-09-04 13:45:00+05:30,5313.5,5321.0,5312.0,5319.5,4105
2025-09-04 14:00:00+05:30,5319.5,5332.5,5316.0,5325.0,23834
2025-09-04 14:15:00+05:30,5325.0,5325.0,5313.0,5320.5,1811
2025-09-04 14:30:00+05:30,5320.5,5332.5,5308.5,5317.5,11199
2025-09-04 14:45:00+05:30,5317.5,5320.0,5312.0,5313.5,1500
2025-09-04 15:00:00+05:30,5313.5,5316.0,5289.5,5298.5,11632
2025-09-04 15:15:00+05:30,5298.5,5325.0,5295.5,5300.5,10719
2025-09-05 09:15:00+05:30,5323.5,5335.0,5307.5,5322.5,1360
2025-09-05 09:30:00+05:30,5322.5,5339.0,5322.5,5339.0,819
2025-09-05 09:45:00+05:30,5338.0,5369.0,5338.0,5359.5,1354
2025-09-05 10:00:00+05:30,5359.5,5360.0,5338.5,5341.0,744
2025-09-05 10:15:00+05:30,5340.0,5345.0,5333.0,5337.5,49948
2025-09-05 10:30:00+05:30,5337.5,5338.0,5315.5,5319.0,1156
2025-09-05 10:45:00+05:30,5319.0,5323.5,5297.5,5306.5,1926
2025-09-05 11:00:00+05:30,5306.5,5317.0,5305.0,5312.5,12406
2025-09-05 11:15:00+05:30,5312.5,5316.5,5307.0,5313.0,983
2025-09-05 11:30:00+05:30,5313.0,5319.5,5307.0,5311.5,2331
2025-09-05 11:45:00+05:30,5313.5,5313.5,5277.0,5290.0,3093
2025-09-05 12:00:00+05:30,5290.0,5294.0,5290.0,5290.0,1584
2025-09-05 12:15:00+05:30,5290.0,5293.5,5288.5,5290.0,1456
2025-09-05 12:30:00+05:30,5290.5,5292.0,5278.0,5290.0,3273
2025-09-05 12:45:00+05:30,5290.0,5295.5,5290.0,5293.5,1584
2025-09-05 13:00:00+05:30,5293.5,5300.0,5286.5,5295.5,4724
2025-09-05 13:15:00+05:30,5297.5,5331.5,5295.0,5306.5,25274
2025-09-05 13:30:00+05:30,5306.5,5331.5,5305.5,5330.0,17653
2025-09-05 13:45:00+05:30,5330.0,5334.0,5325.0,5327.0,3036
2025-09-05 14:00:00+05:30,5327.0,5349.5,5318.5,5337.5,25613
2025-09-05 14:15:00+05:30,5336.0,5342.5,5324.0,5340.0,10004
2025-09-05 14:30:00+05:30,5340.0,5347.5,5329.0,5330.0,8009
2025-09-05 14:45:00+05:30,5330.5,5339.0,5327.0,5329.0,10637
2025-09-05 15:00:00+05:30,5329.0,5339.5,5325.5,5333.0,24890
2025-09-05 15:15:00+05:30,5333.0,5344.0,5331.5,5339.0,23816
2025-09-08 09:15:00+05:30,5340.0,5364.0,5300.5,5323.0,1929
2025-09-08 09:30:00+05:30,5323.0,5373.5,5322.0,5373.5,2903
2025-09-08 09:45:00+05:30,5373.0,5382.5,5360.5,5375.0,2796
2025-09-08 10:00:00+05:30,5375.0,5379.5,5371.5,5375.5,707
2025-09-08 10:15:00+05:30,5375.5,5378.0,5360.0,5366.5,699
2025-09-08 10:30:00+05:30,5366.5,5366.5,5344.0,5345.0,1166
2025-09-08 10:45:00+05:30,5345.0,5354.5,5340.0,5344.5,1031
2025-09-08 11:00:00+05:30,5344.5,5356.0,5344.5,5355.0,506
2025-09-08 11:15:00+05:30,5355.0,5360.0,5350.0,5360.0,1070
2025-09-08 11:30:00+05:30,5360.0,5360.0,5355.5,5360.0,543
2025-09-08 11:45:00+05:30,5360.0,5362.0,5353.0,5353.5,869
2025-09-08 12:00:00+05:30,5353.5,5355.0,5345.0,5348.0,553
2025-09-08 12:15:00+05:30,5348.0,5350.0,5342.5,5349.5,1119
2025-09-08 12:30:00+05:30,5349.5,5351.0,5345.5,5346.0,7474
2025-09-08 12:45:00+05:30,5346.0,5351.5,5344.5,5349.5,797
2025-09-08 13:00:00+05:30,5349.5,5349.5,5336.5,5344.5,914
2025-09-08 13:15:00+05:30,5344.5,5346.0,5338.0,5346.0,538
2025-09-08 13:30:00+05:30,5347.0,5350.0,5342.0,5344.5,554
2025-09-08 13:45:00+05:30,5344.5,5347.0,5339.0,5346.5,361
2025-09-08 14:00:00+05:30,5346.5,5347.0,5337.5,5342.5,949
2025-09-08 14:15:00+05:30,5342.5,5350.0,5340.0,5350.0,1079
2025-09-08 14:30:00+05:30,5349.5,5350.0,5346.0,5347.0,608
2025-09-08 14:45:00+05:30,5347.0,5348.5,5339.5,5344.5,2030
2025-09-08 15:00:00+05:30,5344.5,5344.5,5326.5,5331.5,4868
2025-09-08 15:15:00+05:30,5332.5,5336.0,5315.0,5315.0,3400
2025-09-09 09:15:00+05:30,5321.0,5358.5,5321.0,5357.5,2484
2025-09-09 09:30:00+05:30,5357.5,5360.0,5332.0,5344.0,2808
2025-09-09 09:45:00+05:30,5344.5,5345.0,5330.5,5333.5,861
2025-09-09 10:00:00+05:30,5333.5,5352.5,5324.0,5345.5,1379
2025-09-09 10:15:00+05:30,5345.5,5348.0,5338.0,5339.5,823
2025-09-09 10:30:00+05:30,5340.0,5341.5,5336.5,5340.0,645
2025-09-09 10:45:00+05:30,5339.5,5341.5,5339.5,5340.0,710
2025-09-09 11:00:00+05:30,5340.0,5344.0,5339.5,5340.0,1235
2025-09-09 11:15:00+05:30,5340.0,5342.0,5338.0,5340.0,709
2025-09-09 11:30:00+05:30,5340.0,5370.0,5338.5,5363.5,10412
2025-09-09 11:45:00+05:30,5363.5,5365.5,5350.0,5360.0,2478
2025-09-09 12:00:00+05:30,5360.0,5360.0,5345.5,5357.0,1937
2025-09-09 12:15:00+05:30,5357.0,5357.0,5351.0,5352.5,1274
2025-09-09 12:30:00+05:30,5352.5,5357.0,5347.0,5350.0,2426
2025-09-09 12:45:00+05:30,5349.5,5351.5,5346.0,5350.0,3586
2025-09-09 13:00:00+05:30,5350.0,5366.0,5346.0,5360.0,4934
2025-09-09 13:15:00+05:30,5360.0,5360.0,5354.5,5356.0,1235
2025-09-09 13:30:00+05:30,5356.0,5357.0,5353.5,5356.0,1169
2025-09-09 13:45:00+05:30,5356.0,5357.0,5352.0,5354.5,1493
2025-09-09 14:00:00+05:30,5354.5,5357.0,5337.5,5345.0,3643
2025-09-09 14:15:00+05:30,5345.0,5347.5,5337.5,5341.5,11244
2025-09-09 14:30:00+05:30,5341.5,5345.5,5336.5,5345.0,3467
2025-09-09 14:45:00+05:30,5343.0,5345.0,5334.5,5336.5,4700
2025-09-09 15:00:00+05:30,5338.5,5339.0,5327.0,5333.0,11530
2025-09-09 15:15:00+05:30,5333.0,5341.0,5331.5,5335.5,14813
2025-09-10 09:15:00+05:30,5359.5,5400.0,5344.0,5365.0,5544
2025-09-10 09:30:00+05:30,5365.0,5370.0,5354.0,5366.0,3262
2025-09-10 09:45:00+05:30,5366.0,5370.5,5360.0,5360.0,1065
2025-09-10 10:00:00+05:30,5360.0,5369.0,5352.5,5352.5,2769
2025-09-10 10:15:00+05:30,5352.5,5358.0,5337.0,5340.5,22521
2025-09-10 10:30:00+05:30,5340.5,5342.5,5324.5,5339.0,2818
2025-09-10 10:45:00+05:30,5339.0,5343.0,5335.5,5341.0,2514
2025-09-10 11:00:00+05:30,5341.0,5346.0,5339.5,5340.0,1173
2025-09-10 11:15:00+05:30,5340.0,5342.5,5332.0,5340.0,3066
2025-09-10 11:30:00+05:30,5340.0,5340.0,5316.5,5320.0,22370
2025-09-10 11:45:00+05:30,5320.0,5320.0,5310.0,5315.0,1444
2025-09-10 12:00:00+05:30,5315.0,5316.5,5302.5,5314.5,1740
2025-09-10 12:15:00+05:30,5314.5,5327.5,5312.5,5319.5,4295
2025-09-10 12:30:00+05:30,5319.5,5330.0,5317.5,5321.5,27127
2025-09-10 12:45:00+05:30,5321.5,5331.0,5314.5,5317.5,20363
2025-09-10 13:00:00+05:30,5318.5,5325.0,5313.0,5313.0,2735
2025-09-10 13:15:00+05:30,5313.0,5315.0,5306.5,5313.0,1140
2025-09-10 13:30:00+05:30,5312.0,5313.5,5298.0,5312.0,3661
2025-09-10 13:45:00+05:30,5312.0,5313.0,5306.0,5310.5,942
2025-09-10 14:00:00+05:30,5311.0,5318.0,5307.5,5316.0,2239
2025-09-10 14:15:00+05:30,5316.0,5318.0,5304.5,5308.5,1798
2025-09-10 14:30:00+05:30,5308.5,5320.0,5308.0,5320.0,15545
2025-09-10 14:45:00+05:30,5319.0,5320.5,5319.0,5320.5,14685
2025-09-10 15:00:00+05:30,5320.5,5320.5,5320.0,5320.0,10427
2025-09-10 15:15:00+05:30,5320.0,5320.5,5320.0,5320.5,15535
2025-09-11 09:15:00+05:30,5361.5,5370.0,5327.5,5340.0,3048
2025-09-11 09:30:00+05:30,5340.0,5354.5,5326.5,5353.0,5151
2025-09-11 09:45:00+05:30,5351.5,5372.0,5344.5,5372.0,2887
2025-09-11 10:00:00+05:30,5372.0,5372.5,5345.5,5369.5,2855
2025-09-11 10:15:00+05:30,5369.5,5370.0,5358.5,5364.0,1298
2025-09-11 10:30:00+05:30,5364.0,5366.0,5354.5,5357.5,797
2025-09-11 10:45:00+05:30,5357.5,5364.5,5353.5,5364.5,761
2025-09-11 11:00:00+05:30,5364.0,5378.0,5363.0,5377.0,2634
2025-09-11 11:15:00+05:30,5377.0,5395.0,5376.5,5395.0,2663
2025-09-11 11:30:00+05:30,5394.5,5395.0,5374.0,5374.0,1987
2025-09-11 11:45:00+05:30,5374.0,5395.0,5374.0,5393.5,1853
2025-09-11 12:00:00+05:30,5393.5,5410.0,5393.0,5409.5,2978
2025-09-11 12:15:00+05:30,5410.0,5427.5,5409.5,5425.0,4797
2025-09-11 12:30:00+05:30,5424.5,5429.0,5413.0,5419.0,1725
2025-09-11 12:45:00+05:30,5418.5,5421.5,5401.0,5404.0,1618
2025-09-11 13:00:00+05:30,5404.0,5407.5,5399.0,5403.0,1307
2025-09-11 13:15:00+05:30,5403.0,5403.0,5360.0,5362.5,111046
2025-09-11 13:30:00+05:30,5362.5,5377.0,5362.5,5375.0,2252
2025-09-11 13:45:00+05:30,5375.0,5375.0,5364.0,5375.0,2289
2025-09-11 14:00:00+05:30,5375.0,5391.0,5375.0,5383.0,134498
2025-09-11 14:15:00+05:30,5383.0,5399.0,5381.5,5394.5,35914
2025-09-11 14:30:00+05:30,5394.5,5409.5,5391.5,5408.0,6579
2025-09-11 14:45:00+05:30,5407.5,5408.5,5385.0,5387.5,2583
2025-09-11 15:00:00+05:30,5387.5,5390.0,5379.5,5390.0,5468
2025-09-11 15:15:00+05:30,5389.5,5404.5,5389.5,5400.0,14715
2025-09-12 09:15:00+05:30,5393.5,5458.5,5390.5,5432.5,16530
2025-09-12 09:30:00+05:30,5432.5,5459.5,5432.0,5435.0,6562
2025-09-12 09:45:00+05:30,5435.0,5448.0,5435.0,5443.0,1908
2025-09-12 10:00:00+05:30,5443.0,5448.0,5439.5,5446.0,1665
2025-09-12 10:15:00+05:30,5446.0,5446.0,5436.5,5440.0,874
2025-09-12 10:30:00+05:30,5440.0,5449.5,5438.0,5448.5,2194
2025-09-12 10:45:00+05:30,5448.5,5448.5,5432.5,5438.5,2740
2025-09-12 11:00:00+05:30,5438.5,5444.0,5434.0,5436.0,1299
2025-09-12 11:15:00+05:30,5436.0,5443.5,5430.0,5433.5,2790
2025-09-12 11:30:00+05:30,5433.5,5434.5,5426.5,5432.0,2243
2025-09-12 11:45:00+05:30,5432.0,5432.5,5428.0,5430.0,1585
2025-09-12 12:00:00+05:30,5430.0,5444.0,5424.0,5440.5,4412
2025-09-12 12:15:00+05:30,5440.5,5442.0,5437.5,5438.5,21469
2025-09-12 12:30:00+05:30,5438.5,5440.0,5427.5,5436.5,1788
2025-09-12 12:45:00+05:30,5432.5,5436.5,5427.0,5434.5,1878
2025-09-12 13:00:00+05:30,5434.5,5436.0,5430.0,5436.0,1958
2025-09-12 13:15:00+05:30,5436.0,5442.5,5430.0,5439.5,886
2025-09-12 13:30:00+05:30,5439.5,5442.5,5438.0,5440.0,356
2025-09-12 13:45:00+05:30,5440.0,5442.5,5440.0,5440.0,430
2025-09-12 14:00:00+05:30,5440.0,5442.5,5438.0,5441.0,1065
2025-09-12 14:15:00+05:30,5438.0,5459.0,5438.0,5456.5,11032
2025-09-12 14:30:00+05:30,5455.5,5455.5,5448.5,5453.5,3036
2025-09-12 14:45:00+05:30,5453.5,5455.0,5441.0,5445.5,3079
2025-09-12 15:00:00+05:30,5445.5,5455.0,5440.0,5451.0,17953
2025-09-12 15:15:00+05:30,5450.5,5456.5,5440.0,5445.0,10599
2025-09-15 09:15:00+05:30,5460.0,5470.0,5391.0,5415.0,5817
2025-09-15 09:30:00+05:30,5415.0,5432.5,5412.0,5428.5,3553
2025-09-15 09:45:00+05:30,5428.5,5429.0,5418.5,5421.0,2263
2025-09-15 10:00:00+05:30,5421.0,5424.0,5406.5,5418.0,2471
2025-09-15 10:15:00+05:30,5418.0,5430.0,5416.0,5430.0,680
2025-09-15 10:30:00+05:30,5430.0,5454.0,5430.0,5448.5,5257
2025-09-15 10:45:00+05:30,5448.5,5454.5,5442.0,5444.5,1305
2025-09-15 11:00:00+05:30,5444.5,5454.0,5443.5,5450.5,1934
2025-09-15 11:15:00+05:30,5450.5,5463.5,5449.0,5461.5,1468
2025-09-15 11:30:00+05:30,5461.5,5463.0,5450.5,5454.0,1761
2025-09-15 11:45:00+05:30,5454.0,5467.5,5453.5,5458.0,2668
2025-09-15 12:00:00+05:30,5458.0,5472.5,5458.0,5472.5,990
2025-09-15 12:15:00+05:30,5472.5,5525.0,5472.5,5522.0,21473
2025-09-15 12:30:00+05:30,5522.0,5530.5,5498.0,5500.0,21497
2025-09-15 12:45:00+05:30,5500.0,5506.0,5491.5,5498.5,10496
2025-09-15 13:00:00+05:30,5500.0,5515.5,5497.5,5510.0,7162
2025-09-15 13:15:00+05:30,5509.0,5521.5,5507.5,5515.5,3376
2025-09-15 13:30:00+05:30,5515.5,5525.0,5493.5,5503.0,28111
2025-09-15 13:45:00+05:30,5503.0,5510.0,5501.0,5502.5,1909
2025-09-15 14:00:00+05:30,5502.5,5506.5,5497.0,5506.0,1823
2025-09-15 14:15:00+05:30,5506.0,5508.0,5500.0,5502.5,8910
2025-09-15 14:30:00+05:30,5502.5,5503.0,5496.5,5500.0,8242
2025-09-15 14:45:00+05:30,5500.0,5507.0,5498.5,5505.5,4755
2025-09-15 15:00:00+05:30,5505.5,5508.0,5501.0,5503.5,6800
2025-09-15 15:15:00+05:30,5503.5,5503.5,5493.5,5498.0,16814
2025-09-16 09:15:00+05:30,5525.0,5545.0,5497.0,5520.0,7905
2025-09-16 09:30:00+05:30,5520.5,5534.0,5500.0,5506.0,3379
2025-09-16 09:45:00+05:30,5506.0,5506.0,5480.0,5485.0,1855
2025-09-16 10:00:00+05:30,5485.0,5517.5,5481.5,5516.0,1577
2025-09-16 10:15:00+05:30,5516.0,5516.0,5498.0,5499.0,1484
2025-09-16 10:30:00+05:30,5499.0,5502.0,5489.5,5497.5,1499
2025-09-16 10:45:00+05:30,5497.5,5497.5,5489.0,5495.0,638
2025-09-16 11:00:00+05:30,5495.0,5500.0,5494.0,5494.0,806
2025-09-16 11:15:00+05:30,5493.5,5493.5,5474.0,5478.0,2342
2025-09-16 11:30:00+05:30,5477.5,5484.0,5475.5,5480.5,796
2025-09-16 11:45:00+05:30,5480.5,5481.0,5468.5,5473.5,2586
2025-09-16 12:00:00+05:30,5473.5,5484.5,5470.5,5480.0,754
2025-09-16 12:15:00+05:30,5480.0,5481.5,5475.0,5477.5,745
2025-09-16 12:30:00+05:30,5477.5,5489.0,5477.5,5488.0,1341
2025-09-16 12:45:00+05:30,5488.0,5488.0,5479.0,5485.0,1507
2025-09-16 13:00:00+05:30,5485.0,5500.5,5480.5,5498.5,3462
2025-09-16 13:15:00+05:30,5498.5,5500.5,5490.5,5494.0,1838
2025-09-16 13:30:00+05:30,5494.0,5500.0,5490.0,5497.5,952
2025-09-16 13:45:00+05:30,5497.5,5498.5,5483.0,5485.0,6681
2025-09-16 14:00:00+05:30,5485.0,5502.5,5485.0,5502.5,2327
2025-09-16 14:15:00+05:30,5502.5,5509.0,5496.5,5502.0,2378
2025-09-16 14:30:00+05:30,5502.0,5510.0,5499.0,5507.0,4485
2025-09-16 14:45:00+05:30,5507.0,5508.0,5490.5,5492.0,2600
2025-09-16 15:00:00+05:30,5492.0,5501.0,5492.0,5501.0,6832
2025-09-16 15:15:00+05:30,5499.5,5512.0,5486.0,5509.0,9463
2025-09-17 09:15:00+05:30,5507.0,5529.0,5487.0,5500.0,4383
2025-09-17 09:30:00+05:30,5500.0,5516.5,5494.5,5512.0,2348
2025-09-17 09:45:00+05:30,5512.0,5512.0,5483.0,5498.5,2029
2025-09-17 10:00:00+05:30,5498.5,5500.0,5494.0,5499.0,1410
2025-09-17 10:15:00+05:30,5499.0,5499.0,5485.5,5489.0,1526
2025-09-17 10:30:00+05:30,5489.0,5489.0,5483.0,5483.0,982
2025-09-17 10:45:00+05:30,5484.0,5484.0,5472.5,5475.5,1778
2025-09-17 11:00:00+05:30,5475.5,5480.0,5465.0,5467.5,1241
2025-09-17 11:15:00+05:30,5470.0,5478.5,5469.0,5477.0,572
2025-09-17 11:30:00+05:30,5477.5,5477.5,5461.0,5465.5,1860
2025-09-17 11:45:00+05:30,5465.5,5490.0,5462.0,5489.5,10048
2025-09-17 12:00:00+05:30,5489.5,5495.5,5473.0,5495.5,9739
2025-09-17 12:15:00+05:30,5495.5,5505.0,5495.0,5504.5,3322
2025-09-17 12:30:00+05:30,5504.5,5507.5,5501.5,5505.0,1465
2025-09-17 12:45:00+05:30,5505.0,5505.5,5475.0,5478.5,23362
2025-09-17 13:00:00+05:30,5478.5,5480.0,5454.5,5477.0,5300
2025-09-17 13:15:00+05:30,5477.0,5484.0,5466.5,5469.0,4624
2025-09-17 13:30:00+05:30,5469.0,5472.0,5461.0,5465.5,1245
2025-09-17 13:45:00+05:30,5465.5,5467.0,5456.5,5461.0,1220
2025-09-17 14:00:00+05:30,5461.0,5472.5,5460.5,5471.5,3479
2025-09-17 14:15:00+05:30,5471.5,5475.0,5471.0,5473.0,886
2025-09-17 14:30:00+05:30,5473.0,5476.0,5470.0,5474.0,976
2025-09-17 14:45:00+05:30,5474.0,5474.5,5466.0,5474.0,3254
2025-09-17 15:00:00+05:30,5474.5,5479.5,5469.5,5477.5,2944
2025-09-17 15:15:00+05:30,5477.0,5479.5,5459.0,5459.5,5933
2025-09-18 09:15:00+05:30,5502.0,5502.0,5456.0,5472.0,3253
2025-09-18 09:30:00+05:30,5472.0,5487.5,5470.0,5486.5,2076
2025-09-18 09:45:00+05:30,5486.5,5490.0,5470.5,5471.0,998
2025-09-18 10:00:00+05:30,5471.0,5482.0,5461.5,5461.5,3305
2025-09-18 10:15:00+05:30,5461.5,5479.0,5461.5,5474.0,810
2025-09-18 10:30:00+05:30,5474.0,5475.0,5468.0,5474.0,569
2025-09-18 10:45:00+05:30,5474.0,5474.5,5466.5,5472.0,945
2025-09-18 11:00:00+05:30,5472.0,5478.0,5471.5,5472.0,26596
2025-09-18 11:15:00+05:30,5472.0,5484.0,5469.0,5481.0,956
2025-09-18 11:30:00+05:30,5481.0,5483.5,5474.0,5478.0,1371
2025-09-18 11:45:00+05:30,5478.0,5479.5,5474.0,5475.5,1187
2025-09-18 12:00:00+05:30,5475.5,5487.0,5474.5,5479.5,1938
2025-09-18 12:15:00+05:30,5479.5,5490.5,5479.5,5488.5,851
2025-09-18 12:30:00+05:30,5488.5,5494.0,5485.0,5487.0,782
2025-09-18 12:45:00+05:30,5487.0,5490.5,5476.0,5480.0,1554
2025-09-18 13:00:00+05:30,5480.0,5480.0,5466.5,5469.0,2826
2025-09-18 13:15:00+05:30,5469.0,5475.0,5468.5,5470.0,1006
2025-09-18 13:30:00+05:30,5470.0,5485.0,5470.0,5477.0,15491
2025-09-18 13:45:00+05:30,5477.0,5485.5,5470.0,5479.0,13754
2025-09-18 14:00:00+05:30,5479.0,5484.5,5477.0,5479.5,4868
2025-09-18 14:15:00+05:30,5479.5,5480.0,5475.5,5480.0,8974
2025-09-18 14:30:00+05:30,5480.0,5486.5,5475.0,5485.0,11759
2025-09-18 14:45:00+05:30,5485.0,5493.5,5472.5,5475.0,17257
2025-09-18 15:00:00+05:30,5475.0,5480.0,5472.0,5479.5,13998
2025-09-18 15:15:00+05:30,5479.5,5490.0,5476.5,5480.5,23274
2025-09-19 09:15:00+05:30,5486.0,5575.5,5481.0,5526.0,38740
2025-09-19 09:30:00+05:30,5525.0,5538.0,5521.0,5532.0,3581
2025-09-19 09:45:00+05:30,5535.0,5544.0,5517.5,5522.0,6220
2025-09-19 10:00:00+05:30,5522.0,5537.5,5515.0,5527.0,5246
2025-09-19 10:15:00+05:30,5527.0,5544.0,5524.5,5539.5,3692
2025-09-19 10:30:00+05:30,5540.0,5541.5,5530.5,5535.0,1420
2025-09-19 10:45:00+05:30,5534.0,5543.5,5532.0,5536.0,891
2025-09-19 11:00:00+05:30,5536.0,5543.5,5535.5,5543.0,1194
2025-09-19 11:15:00+05:30,5543.0,5550.0,5526.0,5544.0,6528
2025-09-19 11:30:00+05:30,5544.0,5544.0,5522.5,5526.5,12805
2025-09-19 11:45:00+05:30,5526.5,5529.0,5508.5,5511.5,2674
2025-09-19 12:00:00+05:30,5511.5,5511.5,5494.5,5505.0,9383
2025-09-19 12:15:00+05:30,5505.0,5514.0,5500.0,5511.0,8677
2025-09-19 12:30:00+05:30,5511.0,5513.0,5504.0,5511.0,10051
2025-09-19 12:45:00+05:30,5510.5,5512.5,5509.5,5512.5,1738
2025-09-19 13:00:00+05:30,5512.5,5518.0,5510.0,5516.0,5725
2025-09-19 13:15:00+05:30,5514.5,5529.5,5514.0,5526.0,1345
2025-09-19 13:30:00+05:30,5526.0,5526.0,5509.0,5515.5,6620
2025-09-19 13:45:00+05:30,5514.5,5526.0,5513.0,5524.5,6812
2025-09-19 14:00:00+05:30,5525.0,5547.0,5525.0,5545.5,3045
2025-09-19 14:15:00+05:30,5545.5,5545.5,5535.5,5545.0,11317
2025-09-19 14:30:00+05:30,5545.0,5549.0,5545.0,5548.0,8935
2025-09-19 14:45:00+05:30,5546.0,5548.0,5536.0,5544.0,9422
2025-09-19 15:00:00+05:30,5541.5,5548.0,5525.0,5548.0,107754
2025-09-19 15:15:00+05:30,5548.0,5554.5,5545.5,5554.0,109814
2025-09-22 09:15:00+05:30,5559.0,5559.0,5518.0,5526.0,5564
2025-09-22 09:30:00+05:30,5526.0,5526.0,5490.5,5498.0,3887
2025-09-22 09:45:00+05:30,5498.0,5501.0,5467.0,5486.5,2487
2025-09-22 10:00:00+05:30,5486.5,5497.5,5477.5,5493.0,1625
2025-09-22 10:15:00+05:30,5492.5,5494.5,5476.5,5476.5,2296
2025-09-22 10:30:00+05:30,5476.5,5490.0,5474.5,5483.5,2471
2025-09-22 10:45:00+05:30,5483.5,5508.0,5483.5,5504.0,1130
2025-09-22 11:00:00+05:30,5504.0,5504.0,5490.0,5499.5,952
2025-09-22 11:15:00+05:30,5499.5,5501.5,5482.0,5495.5,646
2025-09-22 11:30:00+05:30,5495.5,5510.0,5489.5,5510.0,2327
2025-09-22 11:45:00+05:30,5510.0,5510.5,5479.0,5487.5,9032
2025-09-22 12:00:00+05:30,5490.0,5502.0,5480.0,5502.0,15482
2025-09-22 12:15:00+05:30,5502.0,5503.0,5486.5,5497.0,2000
2025-09-22 12:30:00+05:30,5497.0,5501.0,5485.0,5501.0,1629
2025-09-22 12:45:00+05:30,5501.5,5506.0,5497.0,5504.5,635
2025-09-22 13:00:00+05:30,5504.5,5507.0,5495.5,5496.5,899
2025-09-22 13:15:00+05:30,5496.5,5500.5,5493.5,5498.0,694
2025-09-22 13:30:00+05:30,5500.5,5503.0,5495.0,5499.0,1599
2025-09-22 13:45:00+05:30,5499.0,5499.0,5492.5,5494.0,1524
2025-09-22 14:00:00+05:30,5494.0,5501.0,5493.5,5495.5,1906
2025-09-22 14:15:00+05:30,5495.5,5500.0,5495.0,5499.0,1030
2025-09-22 14:30:00+05:30,5496.5,5500.0,5490.5,5494.0,15251
2025-09-22 14:45:00+05:30,5493.5,5505.0,5492.0,5500.0,18143
2025-09-22 15:00:00+05:30,5499.5,5503.5,5491.5,5499.5,62914
2025-09-22 15:15:00+05:30,5499.5,5502.0,5486.0,5486.0,183960
2025-09-23 09:15:00+05:30,5549.0,5549.0,5500.0,5525.5,12219
2025-09-23 09:30:00+05:30,5525.5,5532.0,5520.5,5528.0,5445
2025-09-23 09:45:00+05:30,5528.0,5533.5,5520.0,5530.5,5977
2025-09-23 10:00:00+05:30,5530.5,5546.5,5524.0,5537.5,2487
2025-09-23 10:15:00+05:30,5537.5,5542.0,5528.0,5534.5,2654
2025-09-23 10:30:00+05:30,5534.5,5548.0,5533.5,5544.0,4828
2025-09-23 10:45:00+05:30,5544.0,5547.0,5540.0,5544.0,2315
2025-09-23 11:00:00+05:30,5544.0,5560.0,5537.5,5550.0,5385
2025-09-23 11:15:00+05:30,5550.0,5550.0,5537.0,5540.5,3609
2025-09-23 11:30:00+05:30,5540.5,5541.0,5524.0,5540.0,5451
2025-09-23 11:45:00+05:30,5540.0,5559.5,5539.5,5558.0,5379
2025-09-23 12:00:00+05:30,5558.0,5574.0,5554.5,5573.0,3281
2025-09-23 12:15:00+05:30,5573.5,5577.5,5569.0,5574.0,4562
2025-09-23 12:30:00+05:30,5574.0,5575.0,5562.5,5567.5,4008
2025-09-23 12:45:00+05:30,5567.5,5567.5,5555.0,5560.0,4246
2025-09-23 13:00:00+05:30,5557.0,5558.5,5549.0,5552.0,3011
2025-09-23 13:15:00+05:30,5552.0,5552.0,5534.5,5541.0,5353
2025-09-23 13:30:00+05:30,5541.0,5547.5,5538.5,5540.0,33918
2025-09-23 13:45:00+05:30,5540.0,5546.5,5536.5,5543.0,3907
2025-09-23 14:00:00+05:30,5543.0,5547.5,5541.0,5546.5,6180
2025-09-23 14:15:00+05:30,5546.5,5550.5,5541.0,5549.5,6155
2025-09-23 14:30:00+05:30,5549.5,5550.5,5544.5,5549.5,7152
2025-09-23 14:45:00+05:30,5549.5,5550.0,5543.0,5545.0,11907
2025-09-23 15:00:00+05:30,5545.0,5555.0,5535.5,5552.0,66841
2025-09-23 15:15:00+05:30,5560.0,5570.5,5542.0,5570.5,21643
2025-09-24 09:15:00+05:30,5545.5,5563.0,5531.5,5535.0,3392
2025-09-24 09:30:00+05:30,5535.0,5570.0,5535.0,5553.0,3666
2025-09-24 09:45:00+05:30,5553.0,5564.5,5545.0,5560.0,5735
2025-09-24 10:00:00+05:30,5560.0,5574.0,5555.0,5557.5,3895
2025-09-24 10:15:00+05:30,5557.0,5563.0,5549.0,5552.0,4490
2025-09-24 10:30:00+05:30,5552.0,5564.0,5548.5,5562.5,2596
2025-09-24 10:45:00+05:30,5562.5,5562.5,5554.0,5560.0,2514
2025-09-24 11:00:00+05:30,5560.5,5561.0,5550.0,5554.5,2979
2025-09-24 11:15:00+05:30,5554.5,5570.0,5554.0,5566.0,4578
2025-09-24 11:30:00+05:30,5566.0,5575.0,5560.0,5575.0,4164
2025-09-24 11:45:00+05:30,5575.0,5575.0,5561.5,5572.5,9839
2025-09-24 12:00:00+05:30,5570.0,5575.0,5564.5,5575.0,10891
2025-09-24 12:15:00+05:30,5575.0,5575.0,5568.5,5573.0,1995
2025-09-24 12:30:00+05:30,5573.0,5580.0,5566.0,5567.5,9057
2025-09-24 12:45:00+05:30,5567.5,5580.0,5564.0,5576.5,5665
2025-09-24 13:00:00+05:30,5576.5,5582.5,5575.0,5581.5,2017
2025-09-24 13:15:00+05:30,5581.5,5582.0,5576.0,5579.5,1408
2025-09-24 13:30:00+05:30,5579.5,5580.5,5575.5,5576.0,2322
2025-09-24 13:45:00+05:30,5575.5,5579.5,5570.0,5578.5,4697
2025-09-24 14:00:00+05:30,5578.5,5582.0,5575.0,5579.0,1616
2025-09-24 14:15:00+05:30,5579.0,5581.5,5575.5,5578.0,3152
2025-09-24 14:30:00+05:30,5578.0,5584.5,5576.0,5584.5,4235
2025-09-24 14:45:00+05:30,5584.5,5586.5,5570.0,5571.5,18497
2025-09-24 15:00:00+05:30,5570.0,5585.5,5560.0,5581.0,19975
2025-09-24 15:15:00+05:30,5580.5,5582.0,5572.0,5572.0,22785
2025-09-25 09:15:00+05:30,5591.0,5591.0,5551.0,5552.0,4849
2025-09-25 09:30:00+05:30,5552.0,5565.0,5535.5,5544.5,4229
2025-09-25 09:45:00+05:30,5544.5,5544.5,5523.5,5532.0,2214
2025-09-25 10:00:00+05:30,5532.0,5535.0,5521.5,5527.0,2029
2025-09-25 10:15:00+05:30,5527.0,5549.0,5526.5,5540.0,2338
2025-09-25 10:30:00+05:30,5540.0,5542.5,5511.0,5515.0,9273
2025-09-25 10:45:00+05:30,5515.0,5528.0,5504.0,5510.0,10336
2025-09-25 11:00:00+05:30,5510.0,5525.0,5503.0,5522.0,27540
2025-09-25 11:15:00+05:30,5522.0,5530.0,5515.0,5518.5,4269
2025-09-25 11:30:00+05:30,5518.5,5520.0,5515.0,5517.5,1341
2025-09-25 11:45:00+05:30,5517.5,5517.5,5506.5,5511.5,2252
2025-09-25 12:00:00+05:30,5511.5,5514.5,5505.0,5513.0,1818
2025-09-25 12:15:00+05:30,5513.0,5520.0,5513.0,5516.5,2609
2025-09-25 12:30:00+05:30,5516.5,5521.0,5513.0,5518.0,2679
2025-09-25 12:45:00+05:30,5518.0,5520.5,5513.0,5515.5,2376
2025-09-25 13:00:00+05:30,5515.5,5533.5,5514.5,5528.0,16178
2025-09-25 13:15:00+05:30,5528.0,5540.0,5519.5,5523.0,15791
2025-09-25 13:30:00+05:30,5523.0,5525.0,5520.0,5520.0,2120
2025-09-25 13:45:00+05:30,5520.0,5527.0,5517.0,5520.0,8238
2025-09-25 14:00:00+05:30,5520.0,5524.0,5516.0,5520.0,13017
2025-09-25 14:15:00+05:30,5520.0,5525.5,5518.5,5522.5,3075
2025-09-25 14:30:00+05:30,5522.5,5524.0,5516.5,5520.0,6275
2025-09-25 14:45:00+05:30,5520.0,5520.5,5509.5,5509.5,6273
2025-09-25 15:00:00+05:30,5511.5,5515.0,5484.5,5500.5,36126
2025-09-25 15:15:00+05:30,5500.5,5525.5,5495.0,5525.0,103887
2025-09-26 09:15:00+05:30,5480.0,5492.0,5362.5,5380.5,28320
2025-09-26 09:30:00+05:30,5380.5,5417.5,5375.0,5399.5,5911
2025-09-26 09:45:00+05:30,5399.5,5459.5,5396.0,5459.5,3610
2025-09-26 10:00:00+05:30,5459.5,5466.5,5439.0,5461.0,7606
2025-09-26 10:15:00+05:30,5461.0,5472.0,5451.5,5466.0,4316
2025-09-26 10:30:00+05:30,5466.0,5466.0,5436.5,5463.0,12135
2025-09-26 10:45:00+05:30,5463.0,5465.0,5455.5,5456.0,971
2025-09-26 11:00:00+05:30,5457.5,5459.5,5442.5,5445.0,3218
2025-09-26 11:15:00+05:30,5443.5,5458.0,5443.5,5451.5,29563
2025-09-26 11:30:00+05:30,5451.5,5452.0,5426.5,5438.0,13251
2025-09-26 11:45:00+05:30,5438.0,5463.5,5438.0,5455.0,4241
2025-09-26 12:00:00+05:30,5455.0,5458.5,5439.0,5452.0,2460
2025-09-26 12:15:00+05:30,5450.0,5476.0,5450.0,5470.0,7478
2025-09-26 12:30:00+05:30,5470.0,5473.0,5462.0,5469.5,4686
2025-09-26 12:45:00+05:30,5469.5,5474.0,5456.5,5458.0,10611
2025-09-26 13:00:00+05:30,5458.0,5463.0,5447.0,5448.0,2495
2025-09-26 13:15:00+05:30,5448.0,5458.0,5444.5,5450.0,2604
2025-09-26 13:30:00+05:30,5450.0,5450.0,5422.5,5439.0,2917
2025-09-26 13:45:00+05:30,5439.0,5452.0,5434.5,5435.0,7387
2025-09-26 14:00:00+05:30,5435.0,5439.0,5423.0,5429.5,1986
2025-09-26 14:15:00+05:30,5429.5,5434.0,5422.5,5433.5,534
2025-09-26 14:30:00+05:30,5433.5,5442.0,5428.5,5435.5,996
2025-09-26 14:45:00+05:30,5435.5,5437.0,5421.5,5427.5,2466
2025-09-26 15:00:00+05:30,5427.5,5448.0,5427.5,5435.0,6645
2025-09-26 15:15:00+05:30,5435.0,5437.0,5405.5,5413.5,15028
2025-09-29 09:15:00+05:30,5400.0,5432.5,5387.0,5403.0,6238
2025-09-29 09:30:00+05:30,5403.0,5417.0,5403.0,5410.5,1879
2025-09-29 09:45:00+05:30,5410.5,5442.0,5410.5,5440.0,1399
2025-09-29 10:00:00+05:30,5440.0,5457.0,5422.5,5429.0,7695
2025-09-29 10:15:00+05:30,5429.0,5436.0,5422.5,5433.0,414
2025-09-29 10:30:00+05:30,5433.0,5439.0,5427.0,5429.0,1342
2025-09-29 10:45:00+05:30,5429.0,5435.0,5426.0,5434.5,686
2025-09-29 11:00:00+05:30,5434.5,5437.5,5417.5,5426.5,4653
2025-09-29 11:15:00+05:30,5426.5,5437.5,5411.0,5419.5,26920
2025-09-29 11:30:00+05:30,5419.5,5421.5,5397.5,5403.5,864
2025-09-29 11:45:00+05:30,5403.5,5417.5,5396.5,5412.0,1894
2025-09-29 12:00:00+05:30,5412.0,5416.5,5407.5,5411.5,352
2025-09-29 12:15:00+05:30,5411.5,5412.5,5384.5,5403.0,3719
2025-09-29 12:30:00+05:30,5403.0,5410.5,5398.5,5409.0,13404
2025-09-29 12:45:00+05:30,5409.0,5421.5,5407.0,5420.5,1263
2025-09-29 13:00:00+05:30,5420.5,5426.0,5398.5,5400.0,6220
2025-09-29 13:15:00+05:30,5400.0,5422.5,5378.5,5418.5,19326
2025-09-29 13:30:00+05:30,5418.5,5427.5,5414.0,5425.0,2030
2025-09-29 13:45:00+05:30,5425.0,5426.0,5407.5,5420.5,25778
2025-09-29 14:00:00+05:30,5420.5,5427.0,5414.5,5420.0,3246
2025-09-29 14:15:00+05:30,5420.0,5437.0,5419.0,5430.5,4398
2025-09-29 14:30:00+05:30,5430.5,5434.5,5412.0,5412.5,2575
2025-09-29 14:45:00+05:30,5412.5,5430.0,5410.0,5416.0,7245
2025-09-29 15:00:00+05:30,5417.5,5418.0,5401.0,5418.0,20497
2025-09-29 15:15:00+05:30,5414.0,5443.5,5405.0,5443.5,20068
2025-09-30 09:15:00+05:30,5457.0,5460.5,5427.0,5435.0,5215
2025-09-30 09:30:00+05:30,5436.0,5444.5,5424.0,5438.5,1978
2025-09-30 09:45:00+05:30,5437.5,5451.0,5430.0,5437.5,3493
2025-09-30 10:00:00+05:30,5440.5,5454.0,5430.5,5433.0,2100
2025-09-30 10:15:00+05:30,5432.5,5433.0,5419.5,5426.0,1841
2025-09-30 10:30:00+05:30,5426.0,5431.5,5419.0,5429.5,2176
2025-09-30 10:45:00+05:30,5429.5,5436.0,5421.5,5429.0,2277
2025-09-30 11:00:00+05:30,5429.0,5440.0,5429.0,5437.0,595
2025-09-30 11:15:00+05:30,5437.0,5439.5,5424.0,5424.5,391
2025-09-30 11:30:00+05:30,5424.5,5430.5,5418.5,5420.0,589
2025-09-30 11:45:00+05:30,5422.0,5428.5,5418.5,5424.5,520
2025-09-30 12:00:00+05:30,5424.5,5433.0,5423.5,5424.0,375
2025-09-30 12:15:00+05:30,5424.0,5428.0,5409.0,5409.0,1512
2025-09-30 12:30:00+05:30,5409.0,5416.0,5405.5,5407.0,776
2025-09-30 12:45:00+05:30,5407.0,5407.0,5392.0,5392.0,1538
2025-09-30 13:00:00+05:30,5391.5,5396.5,5387.0,5394.0,865
2025-09-30 13:15:00+05:30,5394.0,5397.0,5380.0,5380.5,895
2025-09-30 13:30:00+05:30,5380.5,5398.5,5375.5,5386.5,1500
2025-09-30 13:45:00+05:30,5389.5,5397.0,5383.5,5386.5,777
2025-09-30 14:00:00+05:30,5386.5,5396.0,5385.0,5389.0,1272
2025-09-30 14:15:00+05:30,5391.5,5395.5,5385.0,5395.5,743
2025-09-30 14:30:00+05:30,5394.5,5410.0,5388.0,5408.0,3177
2025-09-30 14:45:00+05:30,5409.0,5432.5,5408.0,5421.0,5508
2025-09-30 15:00:00+05:30,5424.5,5435.5,5414.0,5431.5,16818
2025-09-30 15:15:00+05:30,5431.5,5440.0,5401.0,5425.0,15635
2025-10-01 09:15:00+05:30,5392.0,5476.5,5390.5,5459.5,8058
2025-10-01 09:30:00+05:30,5456.0,5486.5,5452.5,5464.0,7213
2025-10-01 09:45:00+05:30,5464.0,5468.0,5425.0,5430.5,1052
2025-10-01 10:00:00+05:30,5430.5,5436.5,5412.5,5414.5,454
2025-10-01 10:15:00+05:30,5414.5,5427.0,5412.5,5419.5,1474
2025-10-01 10:30:00+05:30,5419.5,5419.5,5401.5,5405.5,1043
2025-10-01 10:45:00+05:30,5404.0,5425.0,5400.5,5415.0,706
2025-10-01 11:00:00+05:30,5418.5,5423.0,5413.0,5420.0,712
2025-10-01 11:15:00+05:30,5420.0,5440.5,5420.0,5435.0,1370
2025-10-01 11:30:00+05:30,5435.0,5437.5,5413.5,5436.5,5533
2025-10-01 11:45:00+05:30,5436.5,5439.0,5430.0,5435.0,875
2025-10-01 12:00:00+05:30,5435.0,5442.0,5431.5,5437.0,707
2025-10-01 12:15:00+05:30,5436.0,5446.0,5427.0,5435.0,52765
2025-10-01 12:30:00+05:30,5435.0,5440.5,5424.5,5438.5,2464
2025-10-01 12:45:00+05:30,5440.0,5449.5,5435.0,5436.0,6179
2025-10-01 13:00:00+05:30,5436.0,5439.5,5436.0,5438.5,256
2025-10-01 13:15:00+05:30,5438.5,5441.5,5437.0,5440.5,6305
2025-10-01 13:30:00+05:30,5440.5,5440.5,5430.5,5435.0,1258
2025-10-01 13:45:00+05:30,5435.0,5435.5,5432.0,5435.0,1720
2025-10-01 14:00:00+05:30,5435.0,5467.0,5433.0,5461.0,34605
2025-10-01 14:15:00+05:30,5461.0,5465.0,5452.5,5461.0,982
2025-10-01 14:30:00+05:30,5461.0,5466.0,5455.5,5460.0,2743
2025-10-01 14:45:00+05:30,5460.0,5467.5,5459.0,5466.5,2109
2025-10-01 15:00:00+05:30,5466.5,5467.0,5450.0,5450.0,19619
2025-10-01 15:15:00+05:30,5450.0,5479.0,5446.5,5469.0,17520
2025-10-03 09:15:00+05:30,5519.0,5519.0,5465.0,5495.0,5873
2025-10-03 09:30:00+05:30,5495.0,5512.0,5484.0,5496.0,2138
2025-10-03 09:45:00+05:30,5495.5,5495.5,5474.5,5480.0,1857
2025-10-03 10:00:00+05:30,5480.0,5480.0,5458.0,5462.5,3255
2025-10-03 10:15:00+05:30,5462.5,5462.5,5451.5,5451.5,1328
2025-10-03 10:30:00+05:30,5451.5,5455.0,5437.0,5441.0,1669
2025-10-03 10:45:00+05:30,5439.0,5450.0,5436.0,5449.0,1046
2025-10-03 11:00:00+05:30,5449.0,5450.0,5444.0,5450.0,1068
2025-10-03 11:15:00+05:30,5450.0,5450.0,5449.0,5450.0,2951
2025-10-03 11:30:00+05:30,5450.0,5461.0,5449.5,5460.0,5040
2025-10-03 11:45:00+05:30,5460.0,5467.0,5448.0,5450.5,9978
2025-10-03 12:00:00+05:30,5450.5,5455.0,5446.0,5450.5,5930
2025-10-03 12:15:00+05:30,5450.5,5452.5,5443.5,5450.0,5711
2025-10-03 12:30:00+05:30,5450.0,5450.5,5443.0,5450.0,5319
2025-10-03 12:45:00+05:30,5450.0,5451.0,5447.5,5449.5,7933
2025-10-03 13:00:00+05:30,5449.5,5450.0,5446.5,5448.0,4706
2025-10-03 13:15:00+05:30,5448.0,5448.5,5443.0,5446.0,4597
2025-10-03 13:30:00+05:30,5446.0,5449.5,5440.5,5448.0,7702
2025-10-03 13:45:00+05:30,5448.0,5450.0,5447.5,5450.0,5040
2025-10-03 14:00:00+05:30,5450.0,5450.0,5446.0,5450.0,4656
2025-10-03 14:15:00+05:30,5449.0,5450.0,5433.5,5435.5,4939
2025-10-03 14:30:00+05:30,5435.5,5450.0,5432.0,5449.0,1629
2025-10-03 14:45:00+05:30,5449.0,5450.0,5445.0,5450.0,1295
2025-10-03 15:00:00+05:30,5450.0,5450.0,5440.0,5443.0,6574
2025-10-03 15:15:00+05:30,5443.0,5446.5,5428.0,5428.0,7783
2025-10-06 09:15:00+05:30,5495.5,5495.5,5369.5,5373.5,5918
2025-10-06 09:30:00+05:30,5373.5,5419.5,5373.0,5408.5,2017
2025-10-06 09:45:00+05:30,5408.5,5413.5,5393.5,5410.0,588
2025-10-06 10:00:00+05:30,5410.0,5410.0,5390.5,5401.5,897
2025-10-06 10:15:00+05:30,5401.5,5409.5,5397.0,5408.0,497
2025-10-06 10:30:00+05:30,5408.0,5410.0,5397.5,5404.0,1378
2025-10-06 10:45:00+05:30,5404.0,5410.5,5397.5,5400.5,2266
2025-10-06 11:00:00+05:30,5400.5,5412.5,5400.0,5406.0,3149
2025-10-06 11:15:00+05:30,5406.0,5439.0,5400.0,5434.0,7261
2025-10-06 11:30:00+05:30,5434.0,5438.5,5426.0,5430.5,4302
2025-10-06 11:45:00+05:30,5430.5,5434.5,5418.5,5424.5,4022
2025-10-06 12:00:00+05:30,5424.5,5449.0,5420.0,5439.5,6991
2025-10-06 12:15:00+05:30,5439.5,5439.5,5425.0,5433.5,3521
2025-10-06 12:30:00+05:30,5433.5,5454.0,5428.5,5437.0,6776
2025-10-06 12:45:00+05:30,5437.0,5468.0,5436.0,5458.0,8390
2025-10-06 13:00:00+05:30,5457.0,5467.0,5455.0,5463.0,6208
2025-10-06 13:15:00+05:30,5462.5,5465.5,5450.5,5461.5,4435
2025-10-06 13:30:00+05:30,5461.5,5490.0,5461.5,5485.0,3571
2025-10-06 13:45:00+05:30,5485.0,5498.0,5484.0,5497.5,1987
2025-10-06 14:00:00+05:30,5495.5,5498.0,5490.5,5496.5,687
2025-10-06 14:15:00+05:30,5496.5,5499.0,5493.5,5495.0,1133
2025-10-06 14:30:00+05:30,5495.0,5497.5,5485.5,5487.0,4088
2025-10-06 14:45:00+05:30,5487.0,5507.0,5482.0,5499.0,7859
2025-10-06 15:00:00+05:30,5499.5,5500.0,5480.0,5481.5,9486
2025-10-06 15:15:00+05:30,5482.0,5500.0,5482.0,5500.0,8573
2025-10-07 09:15:00+05:30,5536.5,5536.5,5455.0,5471.0,8454
2025-10-07 09:30:00+05:30,5471.0,5498.5,5465.5,5488.0,5476
2025-10-07 09:45:00+05:30,5488.0,5496.0,5475.5,5490.0,2877
2025-10-07 10:00:00+05:30,5490.0,5498.5,5473.5,5478.5,3247
2025-10-07 10:15:00+05:30,5478.5,5497.0,5474.0,5486.0,4221
2025-10-07 10:30:00+05:30,5486.0,5494.5,5478.5,5488.5,3300
2025-10-07 10:45:00+05:30,5488.5,5502.5,5485.0,5497.0,3185
2025-10-07 11:00:00+05:30,5497.0,5502.0,5484.5,5501.0,4733
2025-10-07 11:15:00+05:30,5496.0,5498.0,5479.0,5491.0,3873
2025-10-07 11:30:00+05:30,5490.0,5492.0,5471.0,5476.5,4317
2025-10-07 11:45:00+05:30,5476.5,5478.5,5465.0,5467.5,6642
2025-10-07 12:00:00+05:30,5467.5,5478.5,5460.0,5472.0,8670
2025-10-07 12:15:00+05:30,5472.0,5482.5,5466.5,5480.5,3688
2025-10-07 12:30:00+05:30,5480.5,5482.0,5473.0,5474.0,3025
2025-10-07 12:45:00+05:30,5473.5,5481.5,5470.0,5479.0,3676
2025-10-07 13:00:00+05:30,5479.0,5491.0,5475.0,5479.5,3354
2025-10-07 13:15:00+05:30,5479.5,5481.0,5475.0,5475.0,1443
2025-10-07 13:30:00+05:30,5475.0,5485.5,5475.0,5477.0,2326
2025-10-07 13:45:00+05:30,5477.0,5482.0,5475.0,5476.5,2445
2025-10-07 14:00:00+05:30,5476.5,5487.5,5475.0,5480.5,2839
2025-10-07 14:15:00+05:30,5480.5,5485.0,5475.0,5482.0,2252
2025-10-07 14:30:00+05:30,5480.0,5490.5,5477.5,5483.5,1939
2025-10-07 14:45:00+05:30,5483.5,5492.0,5480.0,5484.5,2733
2025-10-07 15:00:00+05:30,5487.5,5492.5,5483.5,5486.0,4389
2025-10-07 15:15:00+05:30,5486.5,5500.0,5484.5,5491.0,10261
2025-10-08 09:15:00+05:30,5503.5,5542.5,5488.0,5500.0,9039
2025-10-08 09:30:00+05:30,5500.0,5505.0,5495.0,5499.5,2144
2025-10-08 09:45:00+05:30,5499.5,5544.5,5497.5,5532.5,7493
2025-10-08 10:00:00+05:30,5532.5,5539.5,5515.5,5517.0,2586
2025-10-08 10:15:00+05:30,5516.5,5526.5,5507.0,5520.0,3490
2025-10-08 10:30:00+05:30,5520.5,5521.5,5509.0,5512.5,2876
2025-10-08 10:45:00+05:30,5512.5,5517.5,5502.5,5505.0,2451
2025-10-08 11:00:00+05:30,5505.0,5508.0,5481.5,5483.0,4287
2025-10-08 11:15:00+05:30,5483.0,5484.5,5477.0,5483.5,1843
2025-10-08 11:30:00+05:30,5483.5,5487.0,5474.5,5477.0,2228
2025-10-08 11:45:00+05:30,5477.0,5477.0,5467.0,5473.5,1529
2025-10-08 12:00:00+05:30,5473.0,5473.5,5469.5,5470.0,1080
2025-10-08 12:15:00+05:30,5470.0,5481.0,5465.0,5478.0,2561
2025-10-08 12:30:00+05:30,5478.0,5491.0,5478.0,5489.0,3471
2025-10-08 12:45:00+05:30,5489.0,5492.5,5484.0,5491.5,2947
2025-10-08 13:00:00+05:30,5491.5,5494.0,5491.5,5494.0,444
2025-10-08 13:15:00+05:30,5494.0,5494.5,5484.0,5494.0,4116
2025-10-08 13:30:00+05:30,5494.0,5497.5,5492.0,5497.0,2473
2025-10-08 13:45:00+05:30,5497.0,5500.0,5491.5,5495.5,4022
2025-10-08 14:00:00+05:30,5495.5,5496.5,5484.0,5490.5,16176
2025-10-08 14:15:00+05:30,5490.5,5492.5,5485.0,5490.0,14703
2025-10-08 14:30:00+05:30,5490.0,5500.0,5488.0,5497.5,3978
2025-10-08 14:45:00+05:30,5496.5,5498.0,5477.0,5485.0,33893
2025-10-08 15:00:00+05:30,5481.0,5500.0,5476.5,5486.0,22493
2025-10-08 15:15:00+05:30,5485.5,5510.0,5484.0,5499.0,23558
2025-10-09 09:15:00+05:30,5520.0,5560.5,5508.5,5525.5,8161
2025-10-09 09:30:00+05:30,5525.5,5525.5,5500.0,5504.5,2222
2025-10-09 09:45:00+05:30,5504.5,5510.0,5489.5,5491.5,967
2025-10-09 10:00:00+05:30,5491.5,5505.0,5491.0,5499.0,851
2025-10-09 10:15:00+05:30,5499.0,5513.5,5490.0,5513.5,2073
2025-10-09 10:30:00+05:30,5514.0,5520.0,5506.5,5511.0,2635
2025-10-09 10:45:00+05:30,5511.0,5511.5,5481.0,5482.0,1276
2025-10-09 11:00:00+05:30,5482.0,5494.5,5478.5,5488.5,2494
2025-10-09 11:15:00+05:30,5487.0,5499.5,5480.5,5495.5,2087
2025-10-09 11:30:00+05:30,5495.5,5511.5,5492.0,5503.5,9408
2025-10-09 11:45:00+05:30,5505.0,5507.0,5495.0,5498.0,5835
2025-10-09 12:00:00+05:30,5498.0,5501.0,5484.0,5484.5,2289
2025-10-09 12:15:00+05:30,5487.0,5491.0,5483.0,5486.0,3210
2025-10-09 12:30:00+05:30,5485.0,5490.0,5478.5,5488.5,1338
2025-10-09 12:45:00+05:30,5488.5,5496.0,5480.0,5487.0,4012
2025-10-09 13:00:00+05:30,5491.0,5493.0,5480.0,5491.0,4144
2025-10-09 13:15:00+05:30,5491.0,5491.0,5480.0,5488.5,4546
2025-10-09 13:30:00+05:30,5488.5,5490.0,5478.5,5485.5,4293
2025-10-09 13:45:00+05:30,5488.5,5492.0,5479.5,5487.0,3916
2025-10-09 14:00:00+05:30,5487.0,5489.5,5478.5,5483.0,4217
2025-10-09 14:15:00+05:30,5482.5,5493.0,5478.5,5487.5,4694
2025-10-09 14:30:00+05:30,5485.0,5496.5,5482.0,5489.5,5199
2025-10-09 14:45:00+05:30,5491.0,5491.5,5479.5,5491.0,5244
2025-10-09 15:00:00+05:30,5489.5,5492.5,5482.0,5485.0,7776
2025-10-09 15:15:00+05:30,5485.0,5489.0,5471.0,5472.0,15951
2025-10-10 09:15:00+05:30,5480.5,5483.0,5442.0,5445.5,2869
2025-10-10 09:30:00+05:30,5441.0,5464.0,5441.0,5450.5,1940
2025-10-10 09:45:00+05:30,5450.5,5465.0,5447.0,5458.5,1287
2025-10-10 10:00:00+05:30,5458.5,5462.0,5447.0,5455.0,867
2025-10-10 10:15:00+05:30,5455.0,5455.5,5422.0,5425.0,957
2025-10-10 10:30:00+05:30,5425.0,5436.5,5412.5,5419.5,1660
2025-10-10 10:45:00+05:30,5419.5,5453.5,5417.0,5430.5,4440
2025-10-10 11:00:00+05:30,5429.0,5462.5,5429.0,5454.0,4209
2025-10-10 11:15:00+05:30,5454.0,5475.5,5444.0,5466.5,4746
2025-10-10 11:30:00+05:30,5466.5,5486.0,5463.5,5473.0,4365
2025-10-10 11:45:00+05:30,5476.0,5490.0,5470.0,5489.5,2804
2025-10-10 12:00:00+05:30,5489.5,5500.0,5477.5,5493.0,6465
2025-10-10 12:15:00+05:30,5493.0,5494.0,5475.5,5476.5,7176
2025-10-10 12:30:00+05:30,5476.5,5479.5,5459.0,5460.0,5225
2025-10-10 12:45:00+05:30,5460.0,5477.5,5452.0,5477.5,4646
2025-10-10 13:00:00+05:30,5477.5,5477.5,5448.0,5448.0,7030
2025-10-10 13:15:00+05:30,5448.0,5458.0,5440.0,5455.0,23421
2025-10-10 13:30:00+05:30,5455.0,5462.5,5441.5,5455.0,5553
2025-10-10 13:45:00+05:30,5455.0,5469.0,5455.0,5467.5,4252
2025-10-10 14:00:00+05:30,5467.5,5475.0,5450.0,5458.0,13337
2025-10-10 14:15:00+05:30,5458.0,5461.0,5444.5,5446.5,21441
2025-10-10 14:30:00+05:30,5444.5,5446.5,5427.5,5440.0,9625
2025-10-10 14:45:00+05:30,5440.0,5447.0,5425.0,5443.5,9883
2025-10-10 15:00:00+05:30,5443.5,5454.0,5436.0,5451.5,8848
2025-10-10 15:15:00+05:30,5451.5,5460.0,5450.0,5460.0,14353
2025-10-13 09:15:00+05:30,5458.5,5482.0,5436.5,5466.5,4127
2025-10-13 09:30:00+05:30,5468.0,5472.0,5445.0,5465.5,1190
2025-10-13 09:45:00+05:30,5465.5,5476.5,5461.0,5476.5,452
2025-10-13 10:00:00+05:30,5476.5,5483.5,5468.5,5473.5,812
2025-10-13 10:15:00+05:30,5473.5,5479.0,5453.0,5455.5,1192
2025-10-13 10:30:00+05:30,5455.5,5460.5,5450.0,5450.0,819
2025-10-13 10:45:00+05:30,5452.0,5458.5,5445.0,5450.0,1212
2025-10-13 11:00:00+05:30,5450.0,5456.5,5449.0,5450.5,354
2025-10-13 11:15:00+05:30,5452.0,5477.5,5448.0,5473.0,3731
2025-10-13 11:30:00+05:30,5473.0,5479.0,5472.0,5477.5,1470
2025-10-13 11:45:00+05:30,5477.5,5488.0,5472.5,5485.5,2897
2025-10-13 12:00:00+05:30,5485.5,5493.0,5481.5,5488.0,1352
2025-10-13 12:15:00+05:30,5488.0,5494.0,5485.0,5493.0,1704
2025-10-13 12:30:00+05:30,5493.0,5496.5,5487.5,5489.5,2132
2025-10-13 12:45:00+05:30,5489.5,5495.0,5481.0,5492.0,2636
2025-10-13 13:00:00+05:30,5492.0,5493.5,5474.0,5485.0,2458
2025-10-13 13:15:00+05:30,5485.5,5489.0,5465.5,5470.0,6795
2025-10-13 13:30:00+05:30,5470.5,5470.5,5448.5,5464.0,3378
2025-10-13 13:45:00+05:30,5464.0,5468.0,5459.0,5466.5,912
2025-10-13 14:00:00+05:30,5463.0,5480.0,5463.0,5474.5,1814
2025-10-13 14:15:00+05:30,5472.5,5490.5,5472.5,5485.5,1618
2025-10-13 14:30:00+05:30,5483.0,5492.5,5479.5,5491.0,1800
2025-10-13 14:45:00+05:30,5491.0,5492.5,5485.5,5487.5,1057
2025-10-13 15:00:00+05:30,5489.0,5490.0,5477.5,5488.0,9444
2025-10-13 15:15:00+05:30,5488.5,5510.0,5488.0,5510.0,22823
2025-10-14 09:15:00+05:30,5545.0,5545.0,5477.5,5480.0,5562
2025-10-14 09:30:00+05:30,5483.5,5496.5,5458.0,5460.0,1722
2025-10-14 09:45:00+05:30,5463.0,5480.5,5460.5,5464.0,1580
2025-10-14 10:00:00+05:30,5464.0,5476.0,5460.0,5463.0,846
2025-10-14 10:15:00+05:30,5464.0,5475.0,5455.0,5475.0,1234
2025-10-14 10:30:00+05:30,5475.0,5491.5,5470.0,5488.0,1111
2025-10-14 10:45:00+05:30,5488.0,5491.0,5480.0,5486.5,857
2025-10-14 11:00:00+05:30,5486.5,5486.5,5466.5,5483.0,1080
2025-10-14 11:15:00+05:30,5483.0,5483.0,5458.0,5464.0,2441
2025-10-14 11:30:00+05:30,5464.0,5464.0,5454.0,5459.0,2788
2025-10-14 11:45:00+05:30,5459.0,5468.5,5454.5,5464.5,4004
2025-10-14 12:00:00+05:30,5467.0,5472.5,5460.0,5472.0,2044
2025-10-14 12:15:00+05:30,5472.0,5493.0,5463.0,5482.0,4865
2025-10-14 12:30:00+05:30,5482.0,5487.5,5480.0,5485.5,1699
2025-10-14 12:45:00+05:30,5485.5,5495.0,5480.5,5492.0,4010
2025-10-14 13:00:00+05:30,5492.0,5499.0,5487.0,5497.5,1208
2025-10-14 13:15:00+05:30,5497.5,5498.0,5490.5,5495.5,896
2025-10-14 13:30:00+05:30,5495.5,5500.0,5481.5,5488.5,4346
2025-10-14 13:45:00+05:30,5488.5,5495.5,5480.0,5490.5,6292
2025-10-14 14:00:00+05:30,5490.5,5497.0,5485.5,5486.5,1283
2025-10-14 14:15:00+05:30,5486.5,5500.0,5486.5,5486.5,2352
2025-10-14 14:30:00+05:30,5490.0,5495.5,5486.5,5492.5,574
2025-10-14 14:45:00+05:30,5495.0,5500.0,5490.5,5497.5,3743
2025-10-14 15:00:00+05:30,5495.0,5500.0,5483.0,5495.5,8595
2025-10-14 15:15:00+05:30,5496.0,5500.0,5484.5,5500.0,13821
2025-10-15 09:15:00+05:30,5519.5,5549.0,5498.5,5528.5,5426
2025-10-15 09:30:00+05:30,5529.0,5545.0,5529.0,5532.0,1708
2025-10-15 09:45:00+05:30,5532.0,5549.0,5528.0,5532.5,3645
2025-10-15 10:00:00+05:30,5534.0,5550.0,5532.5,5550.0,3585
2025-10-15 10:15:00+05:30,5550.0,5550.0,5533.5,5546.5,2605
2025-10-15 10:30:00+05:30,5547.5,5560.0,5547.0,5557.0,1953
2025-10-15 10:45:00+05:30,5559.5,5565.0,5554.5,5559.0,1076
2025-10-15 11:00:00+05:30,5559.0,5561.5,5555.0,5560.5,4764
2025-10-15 11:15:00+05:30,5560.5,5566.0,5559.0,5566.0,2542
2025-10-15 11:30:00+05:30,5566.0,5578.0,5563.0,5575.0,2775
2025-10-15 11:45:00+05:30,5574.5,5594.0,5572.0,5587.5,3514
2025-10-15 12:00:00+05:30,5588.0,5592.0,5573.5,5577.0,15520
2025-10-15 12:15:00+05:30,5577.0,5587.5,5575.0,5585.0,4829
2025-10-15 12:30:00+05:30,5585.5,5586.0,5574.0,5584.5,2785
2025-10-15 12:45:00+05:30,5584.5,5586.5,5577.0,5582.5,1910
2025-10-15 13:00:00+05:30,5582.5,5598.0,5577.0,5596.0,2846
2025-10-15 13:15:00+05:30,5596.0,5606.5,5593.5,5601.5,10041
2025-10-15 13:30:00+05:30,5601.5,5602.0,5561.0,5569.0,51985
2025-10-15 13:45:00+05:30,5569.0,5591.5,5566.0,5588.5,3215
2025-10-15 14:00:00+05:30,5589.0,5592.0,5582.5,5587.5,1899
2025-10-15 14:15:00+05:30,5588.5,5594.0,5573.0,5576.0,2002
2025-10-15 14:30:00+05:30,5575.5,5576.0,5567.5,5569.0,4246
2025-10-15 14:45:00+05:30,5569.0,5571.5,5563.0,5565.5,4715
2025-10-15 15:00:00+05:30,5565.5,5575.0,5562.0,5564.5,18454
2025-10-15 15:15:00+05:30,5564.5,5577.0,5560.5,5577.0,13111
2025-10-16 09:15:00+05:30,5566.0,5589.5,5546.0,5576.0,3929
2025-10-16 09:30:00+05:30,5576.0,5589.0,5570.5,5582.5,1554
2025-10-16 09:45:00+05:30,5582.5,5584.5,5570.0,5576.5,102066
2025-10-16 10:00:00+05:30,5578.0,5581.0,5561.0,5570.5,2807
2025-10-16 10:15:00+05:30,5570.0,5580.0,5569.0,5580.0,971
2025-10-16 10:30:00+05:30,5581.5,5582.0,5578.0,5580.0,878
2025-10-16 10:45:00+05:30,5580.0,5580.0,5571.5,5574.5,1606
2025-10-16 11:00:00+05:30,5574.5,5580.0,5571.5,5575.0,3758
2025-10-16 11:15:00+05:30,5575.0,5577.0,5571.5,5574.5,16090
2025-10-16 11:30:00+05:30,5574.5,5575.0,5542.5,5543.5,1197
2025-10-16 11:45:00+05:30,5542.5,5542.5,5513.5,5515.5,2573
2025-10-16 12:00:00+05:30,5515.5,5519.0,5511.0,5514.0,2846
2025-10-16 12:15:00+05:30,5514.0,5515.0,5506.0,5509.0,2627
2025-10-16 12:30:00+05:30,5510.0,5511.0,5500.5,5503.0,1249
2025-10-16 12:45:00+05:30,5502.5,5515.0,5501.0,5513.0,1766
2025-10-16 13:00:00+05:30,5513.0,5515.0,5500.0,5504.5,4163
2025-10-16 13:15:00+05:30,5507.5,5537.0,5507.5,5528.0,2142
2025-10-16 13:30:00+05:30,5525.5,5525.5,5518.0,5521.5,502
2025-10-16 13:45:00+05:30,5521.5,5527.5,5520.5,5527.5,505
2025-10-16 14:00:00+05:30,5527.5,5535.0,5522.5,5526.5,423
2025-10-16 14:15:00+05:30,5529.5,5537.5,5527.0,5537.0,590
2025-10-16 14:30:00+05:30,5538.5,5543.0,5533.0,5543.0,908
2025-10-16 14:45:00+05:30,5542.5,5542.5,5532.0,5534.5,1498
2025-10-16 15:00:00+05:30,5533.5,5533.5,5516.5,5524.5,5280
2025-10-16 15:15:00+05:30,5523.5,5545.0,5516.5,5542.0,5534
2025-10-17 09:15:00+05:30,5533.0,5542.0,5513.0,5531.5,1409
2025-10-17 09:30:00+05:30,5534.5,5534.5,5523.0,5529.5,2019
2025-10-17 09:45:00+05:30,5529.5,5531.0,5514.5,5519.0,286
2025-10-17 10:00:00+05:30,5519.0,5530.0,5518.5,5526.5,804
2025-10-17 10:15:00+05:30,5526.0,5545.5,5526.0,5543.5,1889
2025-10-17 10:30:00+05:30,5539.5,5555.0,5539.5,5546.0,11883
2025-10-17 10:45:00+05:30,5545.0,5551.0,5541.5,5545.0,3518
2025-10-17 11:00:00+05:30,5545.0,5551.5,5541.5,5551.5,796
2025-10-17 11:15:00+05:30,5548.5,5553.0,5541.5,5545.0,1324
2025-10-17 11:30:00+05:30,5545.0,5547.0,5540.0,5546.0,3496
2025-10-17 11:45:00+05:30,5546.0,5547.0,5543.5,5545.0,1518
2025-10-17 12:00:00+05:30,5545.0,5546.0,5544.5,5545.0,779
2025-10-17 12:15:00+05:30,5545.0,5546.0,5543.5,5546.0,1134
2025-10-17 12:30:00+05:30,5546.0,5559.5,5543.5,5552.5,1286
2025-10-17 12:45:00+05:30,5552.5,5556.0,5543.5,5548.5,940
2025-10-17 13:00:00+05:30,5548.5,5554.5,5545.0,5550.0,2157
2025-10-17 13:15:00+05:30,5550.0,5558.0,5550.0,5552.5,659
2025-10-17 13:30:00+05:30,5552.5,5555.5,5548.0,5554.0,623
2025-10-17 13:45:00+05:30,5551.0,5566.0,5550.0,5563.5,1331
2025-10-17 14:00:00+05:30,5563.5,5569.0,5560.0,5564.0,875
2025-10-17 14:15:00+05:30,5564.0,5577.0,5561.5,5573.5,1347
2025-10-17 14:30:00+05:30,5575.5,5588.0,5573.5,5583.5,1793
2025-10-17 14:45:00+05:30,5581.5,5585.0,5577.0,5582.0,1538
2025-10-17 15:00:00+05:30,5578.5,5590.0,5578.5,5586.5,8119
2025-10-17 15:15:00+05:30,5587.0,5589.5,5566.5,5587.0,13340
2025-10-20 09:15:00+05:30,5592.5,5641.5,5590.0,5639.0,13364
2025-10-20 09:30:00+05:30,5639.0,5648.0,5621.0,5622.0,6857
2025-10-20 09:45:00+05:30,5622.0,5633.0,5611.5,5628.0,3143
2025-10-20 10:00:00+05:30,5623.0,5628.5,5612.5,5617.0,1783
2025-10-20 10:15:00+05:30,5617.0,5619.5,5600.0,5607.0,2196
2025-10-20 10:30:00+05:30,5607.0,5608.0,5585.0,5592.0,8371
2025-10-20 10:45:00+05:30,5589.0,5589.5,5548.0,5548.0,6067
2025-10-20 11:00:00+05:30,5548.0,5552.5,5538.0,5543.0,3410
2025-10-20 11:15:00+05:30,5543.0,5550.0,5539.0,5550.0,2025
2025-10-20 11:30:00+05:30,5550.0,5586.5,5548.0,5583.0,6987
2025-10-20 11:45:00+05:30,5582.0,5588.0,5559.5,5564.5,2964
2025-10-20 12:00:00+05:30,5564.5,5565.0,5557.0,5561.5,3418
2025-10-20 12:15:00+05:30,5561.5,5566.5,5556.0,5560.5,3378
2025-10-20 12:30:00+05:30,5560.5,5565.0,5555.0,5555.0,3256
2025-10-20 12:45:00+05:30,5555.0,5564.5,5543.0,5550.5,4403
2025-10-20 13:00:00+05:30,5550.0,5556.5,5547.0,5554.0,2172
2025-10-20 13:15:00+05:30,5554.0,5562.5,5550.5,5562.5,1715
2025-10-20 13:30:00+05:30,5562.5,5570.0,5558.0,5559.0,3199
2025-10-20 13:45:00+05:30,5559.0,5560.5,5551.0,5556.5,2004
2025-10-20 14:00:00+05:30,5554.5,5560.5,5552.0,5555.5,7342
2025-10-20 14:15:00+05:30,5555.0,5560.5,5553.5,5554.5,811
2025-10-20 14:30:00+05:30,5554.0,5562.0,5553.0,5554.5,1214
2025-10-20 14:45:00+05:30,5554.5,5560.0,5553.0,5559.5,2930
2025-10-20 15:00:00+05:30,5560.0,5561.5,5555.0,5557.5,3469
2025-10-20 15:15:00+05:30,5557.5,5560.0,5545.0,5545.0,5520
2025-10-21 13:45:00+05:30,5557.0,5567.5,5533.0,5533.0,2111
2025-10-21 14:00:00+05:30,5539.0,5585.5,5527.5,5576.5,4281
2025-10-21 14:15:00+05:30,5576.5,5580.0,5508.5,5538.5,7629
2025-10-21 14:30:00+05:30,5538.5,5557.0,5523.0,5534.5,2826
2025-10-23 09:15:00+05:30,5575.5,5581.5,5528.5,5567.0,5302
2025-10-23 09:30:00+05:30,5567.0,5575.0,5565.0,5566.5,1761
2025-10-23 09:45:00+05:30,5566.5,5569.0,5557.0,5560.0,996
2025-10-23 10:00:00+05:30,5560.0,5575.0,5560.0,5575.0,846
2025-10-23 10:15:00+05:30,5575.0,5585.5,5565.0,5575.5,3217
2025-10-23 10:30:00+05:30,5575.5,5584.5,5566.5,5581.0,1908
2025-10-23 10:45:00+05:30,5581.0,5597.5,5575.5,5597.5,2358
2025-10-23 11:00:00+05:30,5597.5,5599.0,5592.0,5597.0,837
2025-10-23 11:15:00+05:30,5597.0,5597.0,5588.5,5591.0,970
2025-10-23 11:30:00+05:30,5591.0,5592.5,5577.0,5580.5,703
2025-10-23 11:45:00+05:30,5575.0,5578.5,5564.5,5565.0,741
2025-10-23 12:00:00+05:30,5565.0,5570.0,5558.5,5562.0,533
2025-10-23 12:15:00+05:30,5562.0,5563.0,5552.5,5557.5,832
2025-10-23 12:30:00+05:30,5557.5,5565.0,5555.5,5565.0,1982
2025-10-23 12:45:00+05:30,5565.0,5570.0,5564.0,5569.5,3441
2025-10-23 13:00:00+05:30,5569.5,5570.0,5565.0,5568.0,608
2025-10-23 13:15:00+05:30,5568.0,5568.0,5558.5,5565.0,1076
2025-10-23 13:30:00+05:30,5565.0,5565.5,5564.0,5564.5,737
2025-10-23 13:45:00+05:30,5564.5,5564.5,5561.0,5561.0,250
2025-10-23 14:00:00+05:30,5561.0,5561.5,5548.5,5553.0,2497
2025-10-23 14:15:00+05:30,5553.0,5563.5,5551.0,5560.0,4362
2025-10-23 14:30:00+05:30,5560.0,5560.0,5546.0,5556.0,1067
2025-10-23 14:45:00+05:30,5556.0,5563.0,5545.0,5545.0,497
2025-10-23 15:00:00+05:30,5548.0,5548.0,5519.5,5520.0,5042
2025-10-23 15:15:00+05:30,5521.0,5543.0,5521.0,5525.0,6718
2025-10-24 09:15:00+05:30,5569.0,5569.0,5489.5,5508.5,3374
2025-10-24 09:30:00+05:30,5508.5,5527.5,5502.5,5527.0,902
2025-10-24 09:45:00+05:30,5527.0,5527.0,5506.0,5512.0,1346
2025-10-24 10:00:00+05:30,5512.0,5515.0,5505.0,5509.5,1105
2025-10-24 10:15:00+05:30,5509.5,5513.0,5496.0,5508.5,2844
2025-10-24 10:30:00+05:30,5508.5,5508.5,5500.5,5501.5,1274
2025-10-24 10:45:00+05:30,5501.5,5511.0,5500.0,5510.0,662
2025-10-24 11:00:00+05:30,5510.0,5510.0,5501.0,5503.0,494
2025-10-24 11:15:00+05:30,5503.0,5505.0,5490.5,5495.5,1606
2025-10-24 11:30:00+05:30,5495.5,5500.0,5491.0,5496.5,1211
2025-10-24 11:45:00+05:30,5496.5,5528.0,5495.5,5524.5,12877
2025-10-24 12:00:00+05:30,5524.5,5529.5,5520.5,5526.5,1260
2025-10-24 12:15:00+05:30,5526.5,5527.5,5510.0,5514.5,1812
2025-10-24 12:30:00+05:30,5514.5,5519.0,5510.0,5511.0,1320
2025-10-24 12:45:00+05:30,5511.0,5516.5,5510.0,5510.0,584
2025-10-24 13:00:00+05:30,5510.0,5517.5,5510.0,5514.5,498
2025-10-24 13:15:00+05:30,5514.5,5516.5,5500.0,5500.0,9731
2025-10-24 13:30:00+05:30,5500.0,5515.0,5492.0,5511.5,3754
2025-10-24 13:45:00+05:30,5511.5,5514.5,5505.0,5510.5,2264
2025-10-24 14:00:00+05:30,5510.5,5520.0,5510.0,5511.0,1309
2025-10-24 14:15:00+05:30,5511.0,5527.5,5511.0,5520.0,3900
2025-10-24 14:30:00+05:30,5520.0,5527.5,5515.5,5525.5,2800
2025-10-24 14:45:00+05:30,5525.5,5544.5,5517.0,5540.0,25267
2025-10-24 15:00:00+05:30,5540.0,5546.0,5530.5,5543.5,17932
2025-10-24 15:15:00+05:30,5543.5,5554.5,5543.5,5545.0,16910
2025-10-27 09:15:00+05:30,5560.0,5569.0,5540.5,5554.0,2373
2025-10-27 09:30:00+05:30,5554.0,5560.0,5552.0,5555.0,1332
2025-10-27 09:45:00+05:30,5555.0,5578.0,5547.5,5576.0,6023
2025-10-27 10:00:00+05:30,5576.0,5580.0,5553.0,5558.0,753
2025-10-27 10:15:00+05:30,5557.5,5571.0,5554.5,5567.5,1008
2025-10-27 10:30:00+05:30,5567.5,5569.0,5559.0,5566.0,1149
2025-10-27 10:45:00+05:30,5566.0,5578.0,5565.0,5570.5,1158
2025-10-27 11:00:00+05:30,5570.5,5576.5,5561.5,5563.0,1144
2025-10-27 11:15:00+05:30,5563.0,5566.0,5555.0,5556.5,2162
2025-10-27 11:30:00+05:30,5553.5,5557.5,5540.5,5547.0,1480
2025-10-27 11:45:00+05:30,5546.5,5548.0,5516.0,5524.0,5510
2025-10-27 12:00:00+05:30,5524.0,5524.0,5508.0,5518.0,1566
2025-10-27 12:15:00+05:30,5518.0,5522.0,5501.5,5503.0,2417
2025-10-27 12:30:00+05:30,5503.0,5503.0,5498.0,5499.5,2127
2025-10-27 12:45:00+05:30,5499.5,5505.5,5488.5,5500.5,2504
2025-10-27 13:00:00+05:30,5500.5,5503.0,5486.0,5491.0,2621
2025-10-27 13:15:00+05:30,5491.0,5498.0,5491.0,5498.0,1153
2025-10-27 13:30:00+05:30,5498.0,5498.5,5485.0,5489.0,2777
2025-10-27 13:45:00+05:30,5489.0,5497.5,5487.0,5497.5,1740
2025-10-27 14:00:00+05:30,5494.5,5509.5,5491.0,5497.5,6913
2025-10-27 14:15:00+05:30,5497.5,5500.0,5490.0,5490.0,1465
2025-10-27 14:30:00+05:30,5490.0,5495.0,5483.0,5486.0,1489
2025-10-27 14:45:00+05:30,5486.0,5486.0,5464.5,5470.5,2412
2025-10-27 15:00:00+05:30,5470.5,5491.5,5468.5,5488.5,6641
2025-10-27 15:15:00+05:30,5484.0,5485.0,5440.5,5449.0,11109
2025-10-28 09:15:00+05:30,5466.0,5468.0,5422.5,5426.0,4707
2025-10-28 09:30:00+05:30,5426.0,5430.0,5415.5,5423.0,1357
2025-10-28 09:45:00+05:30,5422.0,5428.0,5400.0,5401.0,3214
2025-10-28 10:00:00+05:30,5401.0,5405.0,5390.5,5404.5,1568
2025-10-28 10:15:00+05:30,5404.5,5404.5,5390.0,5398.5,2270
2025-10-28 10:30:00+05:30,5398.5,5411.0,5379.0,5383.0,2887
2025-10-28 10:45:00+05:30,5383.0,5384.0,5360.0,5364.0,3293
2025-10-28 11:00:00+05:30,5364.0,5367.5,5345.5,5346.0,2557
2025-10-28 11:15:00+05:30,5346.0,5361.0,5341.0,5358.0,2505
2025-10-28 11:30:00+05:30,5358.0,5362.0,5323.5,5332.5,25834
2025-10-28 11:45:00+05:30,5332.0,5349.5,5322.0,5327.5,6719
2025-10-28 12:00:00+05:30,5324.0,5345.5,5321.0,5341.5,5890
2025-10-28 12:15:00+05:30,5341.5,5362.0,5341.5,5362.0,3065
2025-10-28 12:30:00+05:30,5362.0,5375.0,5352.5,5370.0,3299
2025-10-28 12:45:00+05:30,5370.0,5380.0,5362.5,5369.0,9374
2025-10-28 13:00:00+05:30,5369.0,5383.0,5367.0,5377.5,2479
2025-10-28 13:15:00+05:30,5377.5,5389.5,5374.0,5388.0,6457
2025-10-28 13:30:00+05:30,5388.0,5424.0,5388.0,5419.5,16590
2025-10-28 13:45:00+05:30,5419.5,5428.0,5410.5,5427.5,3057
2025-10-28 14:00:00+05:30,5427.5,5427.5,5406.5,5417.0,1667
2025-10-28 14:15:00+05:30,5417.0,5430.0,5408.5,5428.0,7783
2025-10-28 14:30:00+05:30,5428.0,5430.5,5427.0,5428.0,6097
2025-10-28 14:45:00+05:30,5428.0,5428.5,5427.0,5428.0,2677
2025-10-28 15:00:00+05:30,5428.0,5439.0,5428.0,5436.0,21809
2025-10-28 15:15:00+05:30,5436.5,5448.0,5422.0,5440.0,9555
2025-10-29 09:15:00+05:30,5432.0,5472.5,5415.5,5461.0,3251
2025-10-29 09:30:00+05:30,5459.0,5462.5,5441.0,5447.0,1220
2025-10-29 09:45:00+05:30,5447.0,5462.5,5443.0,5457.5,777
2025-10-29 10:00:00+05:30,5457.5,5460.0,5452.0,5452.0,1176
2025-10-29 10:15:00+05:30,5452.0,5470.0,5449.0,5470.0,1400
2025-10-29 10:30:00+05:30,5470.0,5484.5,5463.5,5484.5,1570
2025-10-29 10:45:00+05:30,5484.5,5486.5,5475.5,5485.5,1502
2025-10-29 11:00:00+05:30,5485.5,5485.5,5474.0,5476.5,808
2025-10-29 11:15:00+05:30,5476.5,5501.5,5458.5,5495.0,9564
2025-10-29 11:30:00+05:30,5495.0,5509.5,5487.5,5502.0,8075
2025-10-29 11:45:00+05:30,5502.0,5504.5,5487.5,5487.5,4866
2025-10-29 12:00:00+05:30,5487.5,5488.0,5479.0,5481.0,1000
2025-10-29 12:15:00+05:30,5481.0,5481.0,5467.0,5468.0,1224
2025-10-29 12:30:00+05:30,5468.0,5475.0,5465.0,5472.0,1076
2025-10-29 12:45:00+05:30,5472.0,5472.5,5462.5,5467.0,1716
2025-10-29 13:00:00+05:30,5467.0,5506.5,5466.5,5504.5,8875
2025-10-29 13:15:00+05:30,5504.5,5507.0,5498.0,5501.0,2245
2025-10-29 13:30:00+05:30,5504.5,5504.5,5490.0,5492.0,1194
2025-10-29 13:45:00+05:30,5492.0,5514.0,5492.0,5509.0,8160
2025-10-29 14:00:00+05:30,5503.0,5506.0,5492.5,5502.0,2232
2025-10-29 14:15:00+05:30,5502.0,5510.0,5499.5,5508.5,2553
2025-10-29 14:30:00+05:30,5508.5,5531.0,5508.5,5531.0,5650
2025-10-29 14:45:00+05:30,5531.0,5536.0,5517.5,5532.0,18261
2025-10-29 15:00:00+05:30,5528.5,5528.5,5519.0,5527.0,9883
2025-10-29 15:15:00+05:30,5527.0,5545.0,5524.0,5544.0,27283
2025-10-30 09:15:00+05:30,5540.0,5540.5,5478.5,5487.0,1165
2025-10-30 09:30:00+05:30,5487.0,5491.0,5468.5,5477.5,3165
2025-10-30 09:45:00+05:30,5477.5,5488.0,5457.0,5459.5,1750
2025-10-30 10:00:00+05:30,5459.5,5476.5,5459.5,5476.5,1469
2025-10-30 10:15:00+05:30,5476.5,5491.5,5454.0,5488.0,3858
2025-10-30 10:30:00+05:30,5485.0,5496.0,5480.0,5496.0,672
2025-10-30 10:45:00+05:30,5496.5,5524.0,5493.5,5501.5,4322
2025-10-30 11:00:00+05:30,5502.0,5508.5,5498.5,5506.0,1807
2025-10-30 11:15:00+05:30,5506.0,5510.0,5504.0,5504.0,297
2025-10-30 11:30:00+05:30,5504.0,5504.5,5493.5,5496.5,119
2025-10-30 11:45:00+05:30,5496.5,5499.5,5490.0,5497.5,248
2025-10-30 12:00:00+05:30,5497.5,5505.5,5497.5,5503.0,158
2025-10-30 12:15:00+05:30,5503.0,5503.5,5488.0,5492.0,1107
2025-10-30 12:30:00+05:30,5492.0,5503.0,5492.0,5500.0,3960
2025-10-30 12:45:00+05:30,5500.0,5508.0,5500.0,5507.5,3016
2025-10-30 13:00:00+05:30,5507.5,5514.0,5505.0,5510.5,3455
2025-10-30 13:15:00+05:30,5510.5,5517.5,5510.5,5516.5,869
2025-10-30 13:30:00+05:30,5516.5,5520.0,5509.5,5512.0,770
2025-10-30 13:45:00+05:30,5512.0,5512.5,5484.0,5505.5,7374
2025-10-30 14:00:00+05:30,5505.5,5526.5,5503.0,5519.5,5399
2025-10-30 14:15:00+05:30,5519.5,5523.0,5510.0,5513.0,670
2025-10-30 14:30:00+05:30,5513.0,5518.0,5509.5,5514.0,1383
2025-10-30 14:45:00+05:30,5514.0,5525.0,5510.0,5520.0,3598
2025-10-30 15:00:00+05:30,5520.5,5532.0,5520.5,5530.5,6935
2025-10-30 15:15:00+05:30,5530.5,5536.5,5510.0,5510.0,21311
2025-10-31 09:15:00+05:30,5525.0,5531.0,5495.0,5514.0,3130
2025-10-31 09:30:00+05:30,5515.5,5520.0,5503.0,5513.0,623
2025-10-31 09:45:00+05:30,5513.0,5513.0,5480.0,5480.0,2956
2025-10-31 10:00:00+05:30,5480.0,5486.0,5477.0,5481.5,670
2025-10-31 10:15:00+05:30,5482.0,5493.0,5481.5,5487.0,828
2025-10-31 10:30:00+05:30,5487.0,5505.5,5481.0,5499.0,771
2025-10-31 10:45:00+05:30,5499.0,5512.5,5498.0,5500.5,1753
2025-10-31 11:00:00+05:30,5500.5,5515.5,5498.0,5499.5,1058
2025-10-31 11:15:00+05:30,5499.5,5505.0,5497.0,5497.5,642
2025-10-31 11:30:00+05:30,5502.5,5506.0,5497.5,5498.0,812
2025-10-31 11:45:00+05:30,5498.0,5501.5,5490.0,5491.5,865
2025-10-31 12:00:00+05:30,5491.5,5498.5,5486.0,5488.0,1075
2025-10-31 12:15:00+05:30,5488.0,5508.5,5483.5,5506.5,26375
2025-10-31 12:30:00+05:30,5506.5,5525.0,5496.5,5523.5,5907
2025-10-31 12:45:00+05:30,5523.5,5523.5,5514.5,5515.5,1432
2025-10-31 13:00:00+05:30,5515.5,5523.0,5515.0,5523.0,1024
2025-10-31 13:15:00+05:30,5523.0,5523.0,5512.0,5516.5,839
2025-10-31 13:30:00+05:30,5516.5,5520.0,5511.5,5511.5,1691
2025-10-31 13:45:00+05:30,5511.5,5518.5,5511.0,5517.0,2005
2025-10-31 14:00:00+05:30,5517.0,5517.0,5512.0,5512.5,6024
2025-10-31 14:15:00+05:30,5512.5,5525.0,5510.0,5516.5,41858
2025-10-31 14:30:00+05:30,5516.5,5525.0,5513.0,5523.0,32255
2025-10-31 14:45:00+05:30,5523.0,5524.0,5510.0,5512.0,6394
2025-10-31 15:00:00+05:30,5509.5,5509.5,5487.5,5502.5,13938
2025-10-31 15:15:00+05:30,5503.5,5512.0,5490.5,5490.5,23246
2025-11-03 09:15:00+05:30,5519.5,5536.0,5505.5,5530.0,3430
2025-11-03 09:30:00+05:30,5530.0,5565.0,5526.0,5530.0,12261
2025-11-03 09:45:00+05:30,5530.0,5531.5,5527.0,5530.0,2777
2025-11-03 10:00:00+05:30,5530.0,5531.5,5526.0,5530.0,1107
2025-11-03 10:15:00+05:30,5530.0,5530.0,5511.5,5515.0,1021
2025-11-03 10:30:00+05:30,5515.0,5519.5,5512.0,5518.5,79
2025-11-03 10:45:00+05:30,5518.5,5519.5,5499.0,5505.5,683
2025-11-03 11:00:00+05:30,5505.5,5520.0,5502.5,5513.5,355
2025-11-03 11:15:00+05:30,5513.5,5518.5,5508.5,5518.5,285
2025-11-03 11:30:00+05:30,5518.5,5523.0,5517.5,5522.5,153
2025-11-03 11:45:00+05:30,5522.5,5530.0,5520.0,5529.0,440
2025-11-03 12:00:00+05:30,5529.0,5547.5,5524.5,5540.0,2086
2025-11-03 12:15:00+05:30,5540.0,5544.5,5536.0,5539.5,1965
2025-11-03 12:30:00+05:30,5539.5,5540.0,5539.0,5540.0,486
2025-11-03 12:45:00+05:30,5540.0,5544.5,5538.0,5540.0,4787
2025-11-03 13:00:00+05:30,5540.0,5558.5,5540.0,5557.5,2123
2025-11-03 13:15:00+05:30,5557.5,5594.5,5555.0,5593.5,4087
2025-11-03 13:30:00+05:30,5593.5,5598.0,5584.5,5598.0,4029
2025-11-03 13:45:00+05:30,5598.0,5600.0,5582.5,5590.0,3371
2025-11-03 14:00:00+05:30,5590.0,5608.5,5590.0,5606.5,3083
2025-11-03 14:15:00+05:30,5606.5,5618.5,5596.5,5618.5,6038
2025-11-03 14:30:00+05:30,5616.5,5625.0,5615.5,5623.5,3190
2025-11-03 14:45:00+05:30,5621.0,5637.5,5613.0,5636.0,6146
2025-11-03 15:00:00+05:30,5636.0,5636.0,5619.0,5623.0,4274
2025-11-03 15:15:00+05:30,5625.0,5635.0,5625.0,5635.0,7734
2025-11-04 09:15:00+05:30,5650.0,5675.0,5630.5,5665.5,16264
2025-11-04 09:30:00+05:30,5665.5,5684.0,5647.0,5649.0,18097
2025-11-04 09:45:00+05:30,5649.0,5662.0,5644.5,5654.0,3622
2025-11-04 10:00:00+05:30,5654.0,5661.0,5635.0,5653.0,5580
2025-11-04 10:15:00+05:30,5653.0,5660.5,5646.0,5652.5,4681
2025-11-04 10:30:00+05:30,5652.5,5672.5,5652.0,5664.0,3947
2025-11-04 10:45:00+05:30,5665.0,5670.0,5657.0,5670.0,3808
2025-11-04 11:00:00+05:30,5670.0,5670.0,5661.5,5663.0,1030
2025-11-04 11:15:00+05:30,5663.0,5669.5,5653.5,5660.0,19620
2025-11-04 11:30:00+05:30,5660.0,5709.5,5658.0,5695.0,15488
2025-11-04 11:45:00+05:30,5697.0,5697.0,5653.5,5665.0,13353
2025-11-04 12:00:00+05:30,5665.0,5690.0,5665.0,5690.0,5496
2025-11-04 12:15:00+05:30,5690.0,5701.0,5688.0,5699.5,5301
2025-11-04 12:30:00+05:30,5700.0,5709.0,5699.0,5707.5,5178
2025-11-04 12:45:00+05:30,5709.0,5715.0,5700.0,5713.0,3838
2025-11-04 13:00:00+05:30,5713.0,5719.0,5709.0,5712.5,3740
2025-11-04 13:15:00+05:30,5712.5,5712.5,5673.5,5690.0,8523
2025-11-04 13:30:00+05:30,5690.0,5695.0,5671.5,5675.0,8491
2025-11-04 13:45:00+05:30,5675.0,5680.5,5664.0,5675.5,9162
2025-11-04 14:00:00+05:30,5675.5,5679.0,5660.5,5669.5,7899
2025-11-04 14:15:00+05:30,5672.5,5674.0,5665.0,5669.0,4128
2025-11-04 14:30:00+05:30,5667.5,5686.5,5664.5,5685.0,6270
2025-11-04 14:45:00+05:30,5685.0,5687.0,5663.0,5664.5,11031
2025-11-04 15:00:00+05:30,5664.5,5670.0,5658.5,5663.0,19590
2025-11-04 15:15:00+05:30,5663.0,5679.0,5637.0,5637.0,32719
2025-11-06 09:15:00+05:30,5670.5,5704.0,5631.0,5657.0,10368
2025-11-06 09:30:00+05:30,5657.0,5670.0,5653.5,5664.5,2243
2025-11-06 09:45:00+05:30,5664.5,5674.0,5661.0,5667.5,1157
2025-11-06 10:00:00+05:30,5667.5,5690.5,5667.5,5674.0,6428
2025-11-06 10:15:00+05:30,5674.0,5677.0,5645.5,5654.5,11076
2025-11-06 10:30:00+05:30,5654.5,5669.0,5643.0,5656.5,3784
2025-11-06 10:45:00+05:30,5656.5,5684.0,5650.0,5682.0,1612
2025-11-06 11:00:00+05:30,5682.0,5683.5,5663.5,5665.0,1767
2025-11-06 11:15:00+05:30,5664.0,5665.0,5650.5,5657.0,6761
2025-11-06 11:30:00+05:30,5657.0,5658.5,5650.0,5656.5,2347
2025-11-06 11:45:00+05:30,5657.0,5660.0,5654.5,5658.0,2518
2025-11-06 12:00:00+05:30,5659.0,5671.0,5658.0,5667.5,15097
2025-11-06 12:15:00+05:30,5667.5,5668.0,5666.0,5668.0,6853
2025-11-06 12:30:00+05:30,5668.0,5668.0,5656.5,5667.5,5265
2025-11-06 12:45:00+05:30,5666.0,5668.5,5659.0,5665.5,5641
2025-11-06 13:00:00+05:30,5665.5,5693.0,5655.0,5671.5,8189
2025-11-06 13:15:00+05:30,5671.5,5675.5,5665.5,5668.0,2043
2025-11-06 13:30:00+05:30,5668.0,5671.0,5650.5,5660.0,19766
2025-11-06 13:45:00+05:30,5660.0,5660.5,5638.0,5642.5,1968
2025-11-06 14:00:00+05:30,5642.5,5660.0,5640.5,5655.5,8355
2025-11-06 14:15:00+05:30,5655.5,5663.0,5650.0,5655.5,2290
2025-11-06 14:30:00+05:30,5655.5,5665.0,5655.5,5663.0,1862
2025-11-06 14:45:00+05:30,5663.0,5666.0,5647.0,5653.0,2912
2025-11-06 15:00:00+05:30,5650.0,5650.0,5636.5,5644.0,8113
2025-11-06 15:15:00+05:30,5645.0,5650.5,5631.5,5631.5,13053
2025-11-07 09:15:00+05:30,5644.5,5651.5,5576.5,5600.0,5128
2025-11-07 09:30:00+05:30,5603.5,5603.5,5571.5,5593.5,2229
2025-11-07 09:45:00+05:30,5593.5,5614.0,5592.0,5605.5,1005
2025-11-07 10:00:00+05:30,5605.5,5608.5,5595.5,5596.5,636
2025-11-07 10:15:00+05:30,5597.5,5609.5,5597.0,5609.5,663
2025-11-07 10:30:00+05:30,5609.5,5609.5,5587.5,5590.0,2568
2025-11-07 10:45:00+05:30,5590.0,5595.5,5588.0,5589.0,1072
2025-11-07 11:00:00+05:30,5589.0,5624.0,5588.5,5614.5,4361
2025-11-07 11:15:00+05:30,5614.5,5622.0,5609.5,5615.5,3447
2025-11-07 11:30:00+05:30,5615.5,5642.0,5615.5,5630.0,4545
2025-11-07 11:45:00+05:30,5630.0,5640.0,5624.5,5634.0,26193
2025-11-07 12:00:00+05:30,5634.0,5640.0,5618.0,5618.0,2733
2025-11-07 12:15:00+05:30,5618.0,5622.5,5616.0,5620.0,3585
2025-11-07 12:30:00+05:30,5620.0,5632.0,5619.5,5631.5,3189
2025-11-07 12:45:00+05:30,5631.5,5639.5,5627.5,5635.0,3520
2025-11-07 13:00:00+05:30,5635.0,5638.0,5629.0,5633.5,36822
2025-11-07 13:15:00+05:30,5633.5,5636.0,5623.0,5634.0,2346
2025-11-07 13:30:00+05:30,5634.0,5640.0,5630.0,5630.5,3700
2025-11-07 13:45:00+05:30,5630.5,5636.0,5628.0,5634.0,2513
2025-11-07 14:00:00+05:30,5635.0,5662.5,5629.0,5656.5,6151
2025-11-07 14:15:00+05:30,5656.5,5681.0,5656.5,5672.5,6896
2025-11-07 14:30:00+05:30,5672.5,5681.0,5650.0,5659.0,21215
2025-11-07 14:45:00+05:30,5659.0,5669.0,5652.5,5665.5,23615
2025-11-07 15:00:00+05:30,5665.5,5673.5,5660.0,5662.5,29463
2025-11-07 15:15:00+05:30,5662.5,5687.5,5661.0,5670.0,28940
2025-11-10 09:15:00+05:30,5705.0,5738.0,5676.5,5704.0,17759
2025-11-10 09:30:00+05:30,5705.5,5733.5,5697.0,5703.5,11128
2025-11-10 09:45:00+05:30,5703.5,5723.0,5685.5,5693.5,2817
2025-11-10 10:00:00+05:30,5693.5,5694.0,5668.5,5672.0,1666
2025-11-10 10:15:00+05:30,5672.0,5674.5,5664.0,5674.0,1245
2025-11-10 10:30:00+05:30,5674.0,5697.5,5672.5,5695.5,1413
2025-11-10 10:45:00+05:30,5695.5,5696.0,5683.5,5686.0,1728
2025-11-10 11:00:00+05:30,5686.0,5686.0,5652.5,5652.5,9535
2025-11-10 11:15:00+05:30,5652.5,5670.0,5652.5,5669.0,1826
2025-11-10 11:30:00+05:30,5669.0,5687.5,5666.5,5666.5,7314
2025-11-10 11:45:00+05:30,5666.5,5681.0,5665.5,5668.0,6701
2025-11-10 12:00:00+05:30,5668.0,5675.0,5668.0,5672.0,1208
2025-11-10 12:15:00+05:30,5672.0,5724.5,5672.0,5711.5,14850
2025-11-10 12:30:00+05:30,5711.0,5716.0,5705.5,5714.5,1927
2025-11-10 12:45:00+05:30,5714.5,5725.0,5702.5,5715.5,4706
2025-11-10 13:00:00+05:30,5715.5,5719.0,5695.0,5704.5,6849
2025-11-10 13:15:00+05:30,5704.5,5708.0,5692.5,5697.0,2199
2025-11-10 13:30:00+05:30,5697.0,5703.0,5691.5,5701.0,4793
2025-11-10 13:45:00+05:30,5701.0,5701.0,5686.5,5688.5,4093
2025-11-10 14:00:00+05:30,5688.5,5697.0,5683.0,5688.0,3386
2025-11-10 14:15:00+05:30,5688.0,5700.5,5687.0,5690.5,1565
2025-11-10 14:30:00+05:30,5690.5,5694.0,5686.5,5694.0,5756
2025-11-10 14:45:00+05:30,5694.0,5696.0,5684.5,5687.5,2110
2025-11-10 15:00:00+05:30,5687.5,5711.5,5679.0,5680.0,40862
2025-11-10 15:15:00+05:30,5680.0,5680.0,5648.0,5660.0,28281
2025-11-11 09:15:00+05:30,5690.0,5718.0,5643.5,5663.0,11436
2025-11-11 09:30:00+05:30,5663.0,5664.0,5622.5,5634.0,2394
2025-11-11 09:45:00+05:30,5634.0,5636.5,5619.0,5634.5,1054
2025-11-11 10:00:00+05:30,5634.5,5655.0,5631.5,5645.5,1150
2025-11-11 10:15:00+05:30,5645.5,5660.5,5636.5,5650.5,5234
2025-11-11 10:30:00+05:30,5650.5,5667.5,5640.0,5663.0,1869
2025-11-11 10:45:00+05:30,5663.0,5669.0,5655.5,5662.0,2267
2025-11-11 11:00:00+05:30,5663.0,5666.0,5650.0,5654.5,1519
2025-11-11 11:15:00+05:30,5654.5,5659.0,5645.0,5652.5,1950
2025-11-11 11:30:00+05:30,5652.5,5658.5,5643.5,5658.0,1651
2025-11-11 11:45:00+05:30,5658.0,5660.0,5651.0,5652.0,1913
2025-11-11 12:00:00+05:30,5652.0,5661.0,5647.0,5658.0,4730
2025-11-11 12:15:00+05:30,5658.0,5669.5,5658.0,5669.0,4205
2025-11-11 12:30:00+05:30,5669.0,5675.0,5668.0,5674.5,2432
2025-11-11 12:45:00+05:30,5674.5,5680.5,5667.5,5680.0,13839
2025-11-11 13:00:00+05:30,5680.0,5686.5,5671.5,5674.5,12430
2025-11-11 13:15:00+05:30,5674.5,5685.5,5669.0,5682.0,2922
2025-11-11 13:30:00+05:30,5682.0,5691.5,5681.5,5689.5,2273
2025-11-11 13:45:00+05:30,5689.5,5690.5,5681.0,5685.5,2356
2025-11-11 14:00:00+05:30,5683.0,5688.0,5678.0,5687.5,3812
2025-11-11 14:15:00+05:30,5687.5,5699.0,5686.0,5697.5,3312
2025-11-11 14:30:00+05:30,5698.0,5705.0,5694.5,5700.0,12466
2025-11-11 14:45:00+05:30,5700.5,5704.5,5695.5,5703.0,4307
2025-11-11 15:00:00+05:30,5703.0,5704.5,5689.0,5691.0,10005
2025-11-11 15:15:00+05:30,5691.0,5725.0,5690.5,5700.0,12850
2025-11-12 09:15:00+05:30,5724.0,5749.5,5694.0,5737.5,7233
2025-11-12 09:30:00+05:30,5737.5,5745.0,5731.5,5738.5,4878
2025-11-12 09:45:00+05:30,5738.5,5775.0,5734.0,5763.0,22407
2025-11-12 10:00:00+05:30,5763.0,5799.5,5759.5,5797.5,9378
2025-11-12 10:15:00+05:30,5797.5,5825.0,5789.5,5809.0,14934
2025-11-12 10:30:00+05:30,5809.0,5819.5,5775.0,5777.0,11512
2025-11-12 10:45:00+05:30,5776.5,5781.5,5743.0,5772.0,23352
2025-11-12 11:00:00+05:30,5772.0,5779.5,5757.0,5761.0,4255
2025-11-12 11:15:00+05:30,5761.0,5764.5,5750.5,5755.5,1752
2025-11-12 11:30:00+05:30,5755.5,5772.0,5753.5,5765.5,5459
2025-11-12 11:45:00+05:30,5765.5,5770.0,5759.0,5761.0,1299
2025-11-12 12:00:00+05:30,5761.0,5775.0,5761.0,5765.5,1657
2025-11-12 12:15:00+05:30,5765.5,5777.0,5749.0,5751.5,3162
2025-11-12 12:30:00+05:30,5751.5,5754.0,5728.5,5728.5,1866
2025-11-12 12:45:00+05:30,5728.5,5756.5,5725.0,5751.5,2129
2025-11-12 13:00:00+05:30,5751.5,5756.0,5749.5,5750.5,2100
2025-11-12 13:15:00+05:30,5750.5,5764.0,5750.5,5754.5,1907
2025-11-12 13:30:00+05:30,5754.5,5763.5,5754.5,5762.0,1451
2025-11-12 13:45:00+05:30,5762.0,5770.0,5750.5,5755.5,3105
2025-11-12 14:00:00+05:30,5755.5,5756.5,5744.5,5746.5,2280
2025-11-12 14:15:00+05:30,5746.5,5750.0,5743.0,5745.5,3324
2025-11-12 14:30:00+05:30,5745.5,5747.5,5740.5,5744.5,2324
2025-11-12 14:45:00+05:30,5741.0,5754.5,5741.0,5750.0,6204
2025-11-12 15:00:00+05:30,5750.0,5763.5,5744.0,5757.5,6677
2025-11-12 15:15:00+05:30,5760.0,5797.5,5752.0,5770.0,28546
2025-11-13 09:15:00+05:30,5794.0,5855.0,5767.0,5825.0,26551
2025-11-13 09:30:00+05:30,5825.0,5846.5,5811.5,5818.5,6010
2025-11-13 09:45:00+05:30,5820.0,5836.0,5793.5,5834.0,5623
2025-11-13 10:00:00+05:30,5834.0,5858.5,5819.5,5840.0,17128
2025-11-13 10:15:00+05:30,5840.0,5844.0,5830.0,5836.0,7238
2025-11-13 10:30:00+05:30,5836.0,5846.0,5815.5,5843.5,8045
2025-11-13 10:45:00+05:30,5843.5,5849.5,5827.5,5831.5,4188
2025-11-13 11:00:00+05:30,5831.5,5850.0,5822.0,5837.0,53046
2025-11-13 11:15:00+05:30,5837.5,5839.0,5795.0,5838.0,22394
2025-11-13 11:30:00+05:30,5836.0,5840.0,5816.0,5837.0,9069
2025-11-13 11:45:00+05:30,5837.0,5840.0,5829.5,5838.0,12854
2025-11-13 12:00:00+05:30,5835.0,5840.0,5828.0,5834.5,18180
2025-11-13 12:15:00+05:30,5834.5,5845.0,5826.5,5834.0,17008
2025-11-13 12:30:00+05:30,5834.0,5855.0,5824.5,5853.5,5774
2025-11-13 12:45:00+05:30,5853.5,5868.0,5839.0,5843.5,8947
2025-11-13 13:00:00+05:30,5843.5,5847.0,5818.0,5821.0,4128
2025-11-13 13:15:00+05:30,5821.0,5846.0,5818.0,5844.0,6468
2025-11-13 13:30:00+05:30,5844.0,5845.0,5833.0,5842.5,3497
2025-11-13 13:45:00+05:30,5844.0,5855.0,5741.5,5773.5,113575
2025-11-13 14:00:00+05:30,5773.5,5784.5,5729.5,5742.0,28777
2025-11-13 14:15:00+05:30,5742.0,5745.0,5679.0,5705.0,29482
2025-11-13 14:30:00+05:30,5708.0,5733.5,5687.0,5723.5,13927
2025-11-13 14:45:00+05:30,5722.0,5750.0,5721.0,5730.0,15928
2025-11-13 15:00:00+05:30,5729.0,5757.0,5711.0,5718.0,17617
2025-11-13 15:15:00+05:30,5719.5,5728.0,5702.5,5703.0,18220
2025-11-14 09:15:00+05:30,5800.5,5808.5,5649.5,5752.5,50452
2025-11-14 09:30:00+05:30,5752.5,5752.5,5718.5,5724.5,6637
2025-11-14 09:45:00+05:30,5724.5,5748.0,5720.0,5738.0,4067
2025-11-14 10:00:00+05:30,5738.0,5740.0,5655.5,5662.5,17656
2025-11-14 10:15:00+05:30,5660.0,5671.5,5607.5,5635.0,14264
2025-11-14 10:30:00+05:30,5635.0,5659.5,5631.5,5654.0,6076
2025-11-14 10:45:00+05:30,5652.5,5656.5,5637.0,5645.5,4075
2025-11-14 11:00:00+05:30,5649.0,5664.5,5644.5,5655.0,5130
2025-11-14 11:15:00+05:30,5655.0,5660.0,5645.0,5656.5,3199
2025-11-14 11:30:00+05:30,5656.5,5662.5,5650.0,5653.0,21490
2025-11-14 11:45:00+05:30,5653.0,5658.0,5652.0,5653.0,3448
2025-11-14 12:00:00+05:30,5653.0,5665.0,5651.5,5662.0,2791
2025-11-14 12:15:00+05:30,5662.0,5665.0,5654.5,5658.0,3981
2025-11-14 12:30:00+05:30,5658.0,5671.5,5651.5,5655.0,5198
2025-11-14 12:45:00+05:30,5655.0,5663.5,5652.5,5659.5,3795
2025-11-14 13:00:00+05:30,5659.5,5674.5,5655.5,5665.0,7031
2025-11-14 13:15:00+05:30,5665.0,5672.0,5659.5,5660.0,6524
2025-11-14 13:30:00+05:30,5660.0,5681.0,5660.0,5678.0,27439
2025-11-14 13:45:00+05:30,5678.0,5699.5,5660.5,5696.5,34228
2025-11-14 14:00:00+05:30,5696.5,5709.5,5695.0,5706.5,32038
2025-11-14 14:15:00+05:30,5706.5,5711.5,5700.0,5711.5,9918
2025-11-14 14:30:00+05:30,5711.5,5714.0,5701.5,5712.0,11295
2025-11-14 14:45:00+05:30,5712.0,5719.0,5702.5,5705.5,16933
2025-11-14 15:00:00+05:30,5705.5,5737.0,5705.0,5725.0,23863
2025-11-14 15:15:00+05:30,5725.0,5728.5,5698.0,5720.0,56245
2025-11-17 09:15:00+05:30,5750.0,5750.0,5695.0,5732.0,8231
2025-11-17 09:30:00+05:30,5732.0,5735.0,5697.0,5702.5,4998
2025-11-17 09:45:00+05:30,5702.5,5718.5,5676.5,5687.5,5906
2025-11-17 10:00:00+05:30,5687.5,5689.0,5647.0,5647.5,4709
2025-11-17 10:15:00+05:30,5647.5,5669.0,5634.0,5661.0,4404
2025-11-17 10:30:00+05:30,5661.0,5675.5,5647.5,5649.5,3124
2025-11-17 10:45:00+05:30,5649.5,5660.5,5646.0,5652.0,2032
2025-11-17 11:00:00+05:30,5652.5,5659.0,5636.5,5642.0,3745
2025-11-17 11:15:00+05:30,5642.0,5658.0,5631.5,5655.5,3477
2025-11-17 11:30:00+05:30,5655.5,5655.5,5639.0,5652.0,2291
2025-11-17 11:45:00+05:30,5653.0,5670.5,5651.5,5663.5,3849
2025-11-17 12:00:00+05:30,5663.5,5674.0,5660.5,5671.0,3635
2025-11-17 12:15:00+05:30,5671.0,5673.5,5662.0,5666.5,3082
2025-11-17 12:30:00+05:30,5667.0,5687.5,5661.5,5687.5,4342
2025-11-17 12:45:00+05:30,5686.0,5690.0,5680.0,5687.5,3552
2025-11-17 13:00:00+05:30,5687.5,5700.5,5686.0,5695.5,17378
2025-11-17 13:15:00+05:30,5694.0,5698.5,5688.0,5693.0,1856
2025-11-17 13:30:00+05:30,5693.0,5710.0,5693.0,5706.5,3424
2025-11-17 13:45:00+05:30,5707.0,5710.5,5700.0,5704.0,2303
2025-11-17 14:00:00+05:30,5704.0,5717.5,5702.0,5713.5,16215
2025-11-17 14:15:00+05:30,5713.0,5727.0,5713.0,5725.0,4602
2025-11-17 14:30:00+05:30,5725.5,5729.0,5716.5,5716.5,5636
2025-11-17 14:45:00+05:30,5716.0,5723.5,5712.0,5720.0,7850
2025-11-17 15:00:00+05:30,5720.0,5728.0,5707.0,5725.0,32473
2025-11-17 15:15:00+05:30,5725.0,5729.0,5720.0,5725.0,23443
2025-11-18 09:15:00+05:30,5734.0,5739.5,5706.5,5713.5,8804
2025-11-18 09:30:00+05:30,5713.5,5729.5,5692.0,5693.0,4344
2025-11-18 09:45:00+05:30,5692.5,5692.5,5667.0,5674.0,2612
2025-11-18 10:00:00+05:30,5674.0,5698.0,5665.0,5683.0,5135
2025-11-18 10:15:00+05:30,5683.0,5699.5,5678.0,5678.0,2629
2025-11-18 10:30:00+05:30,5678.0,5685.0,5673.5,5676.0,1775
2025-11-18 10:45:00+05:30,5676.0,5677.0,5649.0,5667.0,7043
2025-11-18 11:00:00+05:30,5667.0,5669.0,5655.5,5666.0,3331
2025-11-18 11:15:00+05:30,5666.0,5688.0,5663.5,5686.0,4159
2025-11-18 11:30:00+05:30,5686.0,5710.0,5682.0,5706.5,20622
2025-11-18 11:45:00+05:30,5708.5,5724.5,5705.5,5721.0,7871
2025-11-18 12:00:00+05:30,5721.0,5730.5,5712.5,5725.0,16723
2025-11-18 12:15:00+05:30,5724.5,5724.5,5718.0,5724.5,15250
2025-11-18 12:30:00+05:30,5721.0,5721.0,5697.0,5705.0,17379
2025-11-18 12:45:00+05:30,5705.0,5705.0,5677.5,5700.5,13963
2025-11-18 13:00:00+05:30,5700.5,5717.0,5700.5,5713.0,13390
2025-11-18 13:15:00+05:30,5713.0,5719.5,5712.0,5717.5,1361
2025-11-18 13:30:00+05:30,5718.0,5726.5,5714.5,5721.0,8496
2025-11-18 13:45:00+05:30,5721.0,5726.5,5719.5,5723.0,2218
2025-11-18 14:00:00+05:30,5723.0,5729.5,5720.0,5727.5,4976
2025-11-18 14:15:00+05:30,5729.5,5735.0,5723.0,5724.0,3854
2025-11-18 14:30:00+05:30,5724.0,5727.5,5720.0,5720.5,6431
2025-11-18 14:45:00+05:30,5720.5,5725.5,5720.0,5720.0,11442
2025-11-18 15:00:00+05:30,5720.0,5723.0,5704.5,5710.5,30756
2025-11-18 15:15:00+05:30,5710.5,5722.5,5710.0,5713.0,28338
2025-11-19 09:15:00+05:30,5730.0,5730.0,5680.0,5684.5,7512
2025-11-19 09:30:00+05:30,5684.5,5684.5,5673.5,5676.0,4718
2025-11-19 09:45:00+05:30,5676.0,5682.5,5675.5,5677.5,3608
2025-11-19 10:00:00+05:30,5677.5,5680.0,5661.5,5669.5,2494
2025-11-19 10:15:00+05:30,5669.5,5678.5,5669.5,5672.0,1979
2025-11-19 10:30:00+05:30,5672.0,5681.0,5670.0,5680.0,1797
2025-11-19 10:45:00+05:30,5680.0,5683.0,5666.0,5666.0,2502
2025-11-19 11:00:00+05:30,5665.5,5674.0,5662.0,5662.0,1910
2025-11-19 11:15:00+05:30,5662.0,5668.5,5659.5,5666.0,1318
2025-11-19 11:30:00+05:30,5666.0,5678.5,5666.0,5675.5,1893
2025-11-19 11:45:00+05:30,5675.5,5697.0,5673.0,5692.5,6314
2025-11-19 12:00:00+05:30,5692.5,5707.5,5692.5,5705.5,2084
2025-11-19 12:15:00+05:30,5704.0,5714.0,5704.0,5711.0,1704
2025-11-19 12:30:00+05:30,5711.0,5716.5,5705.5,5707.0,1693
2025-11-19 12:45:00+05:30,5707.0,5718.0,5707.0,5716.5,2305
2025-11-19 13:00:00+05:30,5716.5,5720.0,5715.5,5720.0,2290
2025-11-19 13:15:00+05:30,5720.0,5740.0,5713.0,5738.5,8873
2025-11-19 13:30:00+05:30,5738.5,5747.5,5738.5,5743.5,4852
2025-11-19 13:45:00+05:30,5743.5,5745.0,5742.0,5742.0,1902
2025-11-19 14:00:00+05:30,5742.0,5745.0,5734.5,5737.0,3169
2025-11-19 14:15:00+05:30,5737.0,5744.0,5725.0,5726.0,4107
2025-11-19 14:30:00+05:30,5726.0,5732.5,5725.0,5730.0,4059
2025-11-19 14:45:00+05:30,5729.0,5732.5,5718.5,5720.0,4641
2025-11-19 15:00:00+05:30,5720.0,5728.0,5720.0,5721.0,8071
2025-11-19 15:15:00+05:30,5720.0,5743.5,5720.0,5743.0,18012
2025-11-20 09:15:00+05:30,5750.0,5750.0,5700.5,5738.0,7274
2025-11-20 09:30:00+05:30,5739.0,5741.5,5721.0,5731.5,4812
2025-11-20 09:45:00+05:30,5731.5,5734.5,5717.0,5719.0,2160
2025-11-20 10:00:00+05:30,5719.0,5726.5,5715.0,5726.0,1259
2025-11-20 10:15:00+05:30,5726.0,5732.5,5723.5,5731.5,1043
2025-11-20 10:30:00+05:30,5731.5,5732.5,5718.0,5723.5,1962
2025-11-20 10:45:00+05:30,5723.5,5723.5,5718.0,5720.5,944
2025-11-20 11:00:00+05:30,5720.5,5722.5,5714.5,5719.5,900
2025-11-20 11:15:00+05:30,5719.5,5720.0,5706.5,5715.5,2895
2025-11-20 11:30:00+05:30,5715.5,5730.5,5711.5,5728.0,1314
2025-11-20 11:45:00+05:30,5728.0,5728.0,5724.0,5727.5,1344
2025-11-20 12:00:00+05:30,5727.5,5729.5,5722.0,5725.0,1123
2025-11-20 12:15:00+05:30,5725.0,5735.5,5722.0,5734.5,1935
2025-11-20 12:30:00+05:30,5737.0,5737.0,5728.5,5735.5,1009
2025-11-20 12:45:00+05:30,5735.5,5736.0,5712.5,5716.5,1797
2025-11-20 13:00:00+05:30,5716.5,5717.5,5700.0,5709.5,3668
2025-11-20 13:15:00+05:30,5709.5,5719.5,5705.5,5719.0,1639
2025-11-20 13:30:00+05:30,5719.0,5724.5,5702.5,5704.0,2378
2025-11-20 13:45:00+05:30,5704.0,5704.0,5689.5,5701.0,4508
2025-11-20 14:00:00+05:30,5701.0,5713.5,5701.0,5711.0,3094
2025-11-20 14:15:00+05:30,5711.0,5717.5,5708.0,5712.5,2164
2025-11-20 14:30:00+05:30,5712.5,5715.0,5686.5,5691.0,3686
2025-11-20 14:45:00+05:30,5691.0,5695.5,5680.5,5683.0,4354
2025-11-20 15:00:00+05:30,5686.0,5707.0,5678.5,5707.0,9368
2025-11-20 15:15:00+05:30,5707.0,5717.0,5673.0,5686.0,13223
2025-11-21 09:15:00+05:30,5704.5,5732.0,5674.0,5685.5,7004
2025-11-21 09:30:00+05:30,5685.5,5706.5,5685.5,5689.5,3107
2025-11-21 09:45:00+05:30,5689.5,5689.5,5666.0,5668.5,2821
2025-11-21 10:00:00+05:30,5668.5,5670.0,5642.0,5664.0,2916
2025-11-21 10:15:00+05:30,5662.0,5669.5,5652.0,5655.0,2505
2025-11-21 10:30:00+05:30,5655.0,5660.5,5652.0,5653.5,1717
2025-11-21 10:45:00+05:30,5653.5,5657.0,5646.5,5654.5,1267
2025-11-21 11:00:00+05:30,5654.5,5665.0,5639.5,5640.0,2942
2025-11-21 11:15:00+05:30,5640.0,5658.0,5637.5,5655.0,2050
2025-11-21 11:30:00+05:30,5655.0,5655.5,5640.0,5646.0,1018
2025-11-21 11:45:00+05:30,5645.5,5665.0,5645.0,5660.5,1989
2025-11-21 12:00:00+05:30,5660.5,5671.5,5656.0,5671.5,2579
2025-11-21 12:15:00+05:30,5671.5,5679.0,5670.0,5678.0,4141
2025-11-21 12:30:00+05:30,5678.0,5690.5,5678.0,5688.0,2032
2025-11-21 12:45:00+05:30,5688.0,5688.0,5683.0,5684.0,942
2025-11-21 13:00:00+05:30,5684.0,5690.5,5680.5,5682.0,1281
2025-11-21 13:15:00+05:30,5682.0,5691.0,5681.0,5688.0,2259
2025-11-21 13:30:00+05:30,5688.0,5688.0,5677.5,5683.0,11676
2025-11-21 13:45:00+05:30,5683.0,5691.0,5674.0,5690.0,6949
2025-11-21 14:00:00+05:30,5690.0,5691.5,5685.0,5691.5,1126
2025-11-21 14:15:00+05:30,5691.5,5698.0,5687.5,5695.0,3683
2025-11-21 14:30:00+05:30,5696.0,5700.0,5688.0,5696.0,7048
2025-11-21 14:45:00+05:30,5696.0,5700.0,5690.0,5692.5,10217
2025-11-21 15:00:00+05:30,5694.0,5703.0,5693.0,5701.5,13069
2025-11-21 15:15:00+05:30,5701.5,5710.0,5696.0,5709.0,13648
2025-11-24 09:15:00+05:30,5739.5,5739.5,5660.0,5667.0,6040
2025-11-24 09:30:00+05:30,5665.0,5669.0,5641.0,5650.0,2851
2025-11-24 09:45:00+05:30,5649.5,5669.5,5649.0,5666.0,1392
2025-11-24 10:00:00+05:30,5668.5,5688.0,5665.5,5665.5,5926
2025-11-24 10:15:00+05:30,5665.0,5669.5,5655.0,5658.0,1682
2025-11-24 10:30:00+05:30,5656.5,5667.0,5649.0,5657.5,2370
2025-11-24 10:45:00+05:30,5659.5,5671.0,5659.5,5666.0,1104
2025-11-24 11:00:00+05:30,5665.5,5670.0,5657.0,5664.0,1333
2025-11-24 11:15:00+05:30,5664.0,5668.0,5660.0,5666.5,1218
2025-11-24 11:30:00+05:30,5666.0,5668.5,5656.0,5660.5,1238
2025-11-24 11:45:00+05:30,5660.5,5662.0,5642.5,5644.5,1945
2025-11-24 12:00:00+05:30,5643.0,5648.0,5633.0,5636.0,2151
2025-11-24 12:15:00+05:30,5636.0,5656.5,5634.0,5645.0,3870
2025-11-24 12:30:00+05:30,5645.0,5650.0,5637.0,5650.0,15451
2025-11-24 12:45:00+05:30,5650.0,5660.0,5640.0,5643.5,49284
2025-11-24 13:00:00+05:30,5643.5,5659.0,5642.0,5653.5,31541
2025-11-24 13:15:00+05:30,5653.5,5660.0,5647.5,5650.5,1505
2025-11-24 13:30:00+05:30,5650.0,5651.0,5645.0,5650.0,28410
2025-11-24 13:45:00+05:30,5650.0,5651.0,5643.0,5643.0,8540
2025-11-24 14:00:00+05:30,5643.0,5649.0,5641.5,5644.0,5021
2025-11-24 14:15:00+05:30,5646.5,5650.5,5642.5,5645.5,3349
2025-11-24 14:30:00+05:30,5645.0,5650.0,5642.5,5644.0,1511
2025-11-24 14:45:00+05:30,5644.0,5647.0,5639.0,5642.0,6261
2025-11-24 15:00:00+05:30,5642.0,5644.0,5611.0,5628.5,233192
2025-11-24 15:15:00+05:30,5628.5,5664.5,5604.0,5606.0,204376
2025-11-25 09:15:00+05:30,5615.0,5626.5,5590.0,5595.0,6605
2025-11-25 09:30:00+05:30,5595.0,5613.5,5593.5,5607.5,1949
2025-11-25 09:45:00+05:30,5607.5,5638.0,5607.5,5624.5,1927
2025-11-25 10:00:00+05:30,5624.5,5633.5,5613.5,5615.5,1719
2025-11-25 10:15:00+05:30,5615.5,5623.5,5610.0,5617.5,1698
2025-11-25 10:30:00+05:30,5617.0,5621.0,5600.5,5606.0,3317
2025-11-25 10:45:00+05:30,5606.0,5623.0,5606.0,5616.5,2297
2025-11-25 11:00:00+05:30,5616.5,5626.0,5614.0,5624.0,1874
2025-11-25 11:15:00+05:30,5624.0,5634.0,5621.0,5628.5,1293
2025-11-25 11:30:00+05:30,5628.5,5631.0,5620.5,5620.5,1362
2025-11-25 11:45:00+05:30,5620.5,5627.0,5620.0,5623.0,1453
2025-11-25 12:00:00+05:30,5623.0,5644.0,5622.0,5642.5,3391
2025-11-25 12:15:00+05:30,5642.5,5647.0,5638.0,5644.5,1389
2025-11-25 12:30:00+05:30,5644.5,5645.0,5640.0,5641.0,1111
2025-11-25 12:45:00+05:30,5641.0,5644.5,5640.0,5641.0,1180
2025-11-25 13:00:00+05:30,5641.0,5649.5,5636.0,5648.5,2351
2025-11-25 13:15:00+05:30,5648.5,5654.0,5645.0,5651.0,1245
2025-11-25 13:30:00+05:30,5651.0,5666.5,5650.5,5662.0,2852
2025-11-25 13:45:00+05:30,5662.0,5667.0,5660.5,5664.5,1677
2025-11-25 14:00:00+05:30,5664.5,5675.5,5656.5,5670.5,2337
2025-11-25 14:15:00+05:30,5670.5,5672.5,5668.0,5670.0,1820
2025-11-25 14:30:00+05:30,5670.0,5687.0,5665.0,5684.5,10210
2025-11-25 14:45:00+05:30,5684.5,5694.5,5677.5,5689.5,7212
2025-11-25 15:00:00+05:30,5689.5,5708.0,5689.5,5704.0,15063
2025-11-25 15:15:00+05:30,5704.0,5708.0,5663.0,5699.0,12776
2025-11-26 09:15:00+05:30,5645.5,5696.0,5645.5,5678.0,4258
2025-11-26 09:30:00+05:30,5678.0,5708.5,5676.0,5704.5,2996
2025-11-26 09:45:00+05:30,5703.0,5722.5,5702.5,5715.0,2735
2025-11-26 10:00:00+05:30,5719.5,5730.0,5715.5,5723.5,1506
2025-11-26 10:15:00+05:30,5723.5,5737.5,5719.0,5725.0,1455
2025-11-26 10:30:00+05:30,5729.5,5745.0,5723.0,5735.0,2629
2025-11-26 10:45:00+05:30,5735.0,5759.0,5733.0,5754.0,4813
2025-11-26 11:00:00+05:30,5754.0,5758.0,5724.5,5732.5,2733
2025-11-26 11:15:00+05:30,5733.5,5741.0,5733.0,5733.0,1005
2025-11-26 11:30:00+05:30,5733.0,5734.5,5722.5,5727.0,1585
2025-11-26 11:45:00+05:30,5727.0,5730.5,5716.0,5722.5,1591
2025-11-26 12:00:00+05:30,5722.0,5726.0,5703.5,5711.5,4336
2025-11-26 12:15:00+05:30,5711.5,5720.5,5709.5,5712.5,770
2025-11-26 12:30:00+05:30,5712.5,5721.5,5709.5,5711.0,1015
2025-11-26 12:45:00+05:30,5710.5,5714.0,5706.0,5711.5,815
2025-11-26 13:00:00+05:30,5711.5,5715.5,5703.0,5708.5,853
2025-11-26 13:15:00+05:30,5708.5,5713.5,5701.0,5701.0,799
2025-11-26 13:30:00+05:30,5701.0,5726.0,5699.5,5713.0,2207
2025-11-26 13:45:00+05:30,5713.0,5718.0,5708.0,5708.0,1603
2025-11-26 14:00:00+05:30,5708.0,5718.0,5708.0,5715.5,1084
2025-11-26 14:15:00+05:30,5715.5,5744.5,5714.5,5740.0,6383
2025-11-26 14:30:00+05:30,5740.0,5753.0,5737.5,5750.0,3315
2025-11-26 14:45:00+05:30,5750.0,5758.5,5750.0,5755.0,2340
2025-11-26 15:00:00+05:30,5758.0,5782.5,5758.0,5773.0,11974
2025-11-26 15:15:00+05:30,5773.0,5779.0,5755.0,5777.0,20462
2025-11-27 09:15:00+05:30,5785.5,5794.5,5764.5,5773.0,4542
2025-11-27 09:30:00+05:30,5766.5,5787.5,5755.5,5757.0,1290
2025-11-27 09:45:00+05:30,5757.0,5764.0,5750.0,5761.5,801
2025-11-27 10:00:00+05:30,5761.5,5773.0,5758.5,5761.5,1265
2025-11-27 10:15:00+05:30,5761.5,5767.0,5732.5,5743.5,11595
2025-11-27 10:30:00+05:30,5743.5,5750.0,5731.5,5734.0,1518
2025-11-27 10:45:00+05:30,5734.0,5743.5,5728.5,5730.0,2966
2025-11-27 11:00:00+05:30,5730.0,5736.0,5720.5,5729.0,2142
2025-11-27 11:15:00+05:30,5729.0,5734.5,5719.0,5719.5,648
2025-11-27 11:30:00+05:30,5719.5,5722.0,5703.5,5703.5,2662
2025-11-27 11:45:00+05:30,5703.5,5705.5,5689.0,5693.0,4119
2025-11-27 12:00:00+05:30,5693.0,5718.5,5680.0,5691.5,46387
2025-11-27 12:15:00+05:30,5694.5,5701.0,5676.5,5685.5,5083
2025-11-27 12:30:00+05:30,5685.5,5693.5,5677.5,5686.5,3912
2025-11-27 12:45:00+05:30,5686.0,5710.0,5686.0,5708.5,2035
2025-11-27 13:00:00+05:30,5708.5,5715.5,5705.0,5706.5,12493
2025-11-27 13:15:00+05:30,5706.5,5721.5,5706.0,5715.0,2351
2025-11-27 13:30:00+05:30,5715.0,5721.0,5691.5,5692.5,14841
2025-11-27 13:45:00+05:30,5692.5,5695.0,5682.0,5690.5,2618
2025-11-27 14:00:00+05:30,5692.5,5696.0,5684.5,5686.5,2443
2025-11-27 14:15:00+05:30,5686.5,5697.5,5686.5,5695.5,1593
2025-11-27 14:30:00+05:30,5695.5,5701.0,5691.5,5692.5,1588
2025-11-27 14:45:00+05:30,5692.5,5695.0,5671.0,5682.0,6972
2025-11-27 15:00:00+05:30,5682.5,5686.5,5673.5,5685.0,14184
2025-11-27 15:15:00+05:30,5682.5,5729.5,5680.0,5680.0,13616
2025-11-28 09:15:00+05:30,5703.0,5724.0,5690.5,5707.5,2615
2025-11-28 09:30:00+05:30,5707.5,5721.0,5688.5,5701.5,2261
2025-11-28 09:45:00+05:30,5700.5,5714.5,5697.5,5698.5,1379
2025-11-28 10:00:00+05:30,5698.5,5704.5,5695.0,5695.0,913
2025-11-28 10:15:00+05:30,5695.0,5697.5,5679.0,5689.0,1448
2025-11-28 10:30:00+05:30,5689.0,5693.0,5684.5,5684.5,521
2025-11-28 10:45:00+05:30,5684.5,5720.0,5684.0,5716.5,1556
2025-11-28 11:00:00+05:30,5716.5,5740.0,5712.0,5740.0,1767
2025-11-28 11:15:00+05:30,5733.5,5748.5,5730.0,5740.0,1815
2025-11-28 11:30:00+05:30,5740.0,5746.5,5736.5,5744.5,1171
2025-11-28 11:45:00+05:30,5744.5,5747.0,5714.5,5714.5,2274
2025-11-28 12:00:00+05:30,5714.5,5714.5,5703.0,5707.5,2415
2025-11-28 12:15:00+05:30,5704.5,5705.0,5695.0,5700.0,1480
2025-11-28 12:30:00+05:30,5700.0,5700.0,5689.5,5696.5,1544
2025-11-28 12:45:00+05:30,5696.5,5699.0,5689.0,5696.0,681
2025-11-28 13:00:00+05:30,5695.5,5700.0,5692.0,5696.0,1457
2025-11-28 13:15:00+05:30,5696.0,5704.5,5695.0,5704.0,1340
2025-11-28 13:30:00+05:30,5704.0,5708.0,5697.0,5697.5,1539
2025-11-28 13:45:00+05:30,5698.0,5707.0,5695.0,5702.5,959
2025-11-28 14:00:00+05:30,5702.5,5709.0,5692.5,5695.5,8911
2025-11-28 14:15:00+05:30,5695.5,5700.0,5692.5,5700.0,1465
2025-11-28 14:30:00+05:30,5700.0,5700.0,5692.5,5694.0,922
2025-11-28 14:45:00+05:30,5694.0,5694.0,5683.5,5692.0,957
2025-11-28 15:00:00+05:30,5691.0,5694.0,5679.5,5683.5,6694
2025-11-28 15:15:00+05:30,5683.0,5688.0,5677.0,5677.5,8895
2025-12-01 09:15:00+05:30,5712.0,5712.0,5672.5,5696.5,2911
2025-12-01 09:30:00+05:30,5696.5,5700.5,5660.0,5668.5,1949
2025-12-01 09:45:00+05:30,5668.5,5673.5,5656.0,5664.0,1077
2025-12-01 10:00:00+05:30,5664.0,5676.0,5662.0,5671.5,465
2025-12-01 10:15:00+05:30,5671.5,5682.0,5671.5,5679.0,1447
2025-12-01 10:30:00+05:30,5679.0,5680.5,5670.0,5672.0,522
2025-12-01 10:45:00+05:30,5672.0,5672.5,5665.0,5665.5,696
2025-12-01 11:00:00+05:30,5665.5,5669.0,5665.5,5669.0,202
2025-12-01 11:15:00+05:30,5669.0,5677.0,5667.0,5675.0,482
2025-12-01 11:30:00+05:30,5675.0,5676.0,5653.0,5659.5,1256
2025-12-01 11:45:00+05:30,5656.0,5656.0,5622.5,5636.5,12010
2025-12-01 12:00:00+05:30,5635.0,5647.0,5626.0,5640.0,10495
2025-12-01 12:15:00+05:30,5640.0,5653.0,5629.0,5652.0,8306
2025-12-01 12:30:00+05:30,5652.0,5655.5,5629.5,5632.0,3219
2025-12-01 12:45:00+05:30,5632.0,5635.0,5619.5,5629.5,2634
2025-12-01 13:00:00+05:30,5629.5,5634.5,5626.5,5630.0,2387
2025-12-01 13:15:00+05:30,5630.0,5634.0,5611.5,5619.0,2491
2025-12-01 13:30:00+05:30,5620.0,5623.5,5615.5,5620.0,780
2025-12-01 13:45:00+05:30,5620.0,5626.5,5618.5,5618.5,778
2025-12-01 14:00:00+05:30,5618.5,5628.0,5617.0,5619.0,1641
2025-12-01 14:15:00+05:30,5619.0,5620.5,5607.5,5610.0,3122
2025-12-01 14:30:00+05:30,5610.0,5612.0,5601.0,5605.0,1242
2025-12-01 14:45:00+05:30,5605.0,5605.5,5581.0,5588.0,2791
2025-12-01 15:00:00+05:30,5595.0,5617.5,5595.0,5617.0,5563
2025-12-01 15:15:00+05:30,5619.5,5622.0,5590.0,5590.0,10350
2025-12-02 09:15:00+05:30,5624.0,5624.0,5591.0,5612.5,4344
2025-12-02 09:30:00+05:30,5612.5,5637.5,5603.0,5634.5,3694
2025-12-02 09:45:00+05:30,5633.5,5634.0,5616.5,5616.5,1200
2025-12-02 10:00:00+05:30,5616.5,5618.5,5586.0,5588.0,2704
2025-12-02 10:15:00+05:30,5588.0,5599.5,5587.0,5594.5,1226
2025-12-02 10:30:00+05:30,5594.5,5607.5,5591.0,5607.0,1412
2025-12-02 10:45:00+05:30,5607.0,5626.0,5605.0,5620.5,1542
2025-12-02 11:00:00+05:30,5620.5,5632.0,5617.0,5627.5,1033
2025-12-02 11:15:00+05:30,5627.5,5627.5,5619.5,5623.5,551
2025-12-02 11:30:00+05:30,5623.5,5627.0,5612.5,5614.5,905
2025-12-02 11:45:00+05:30,5614.5,5619.5,5613.0,5619.0,707
2025-12-02 12:00:00+05:30,5619.0,5619.0,5602.5,5613.5,2952
2025-12-02 12:15:00+05:30,5613.5,5622.5,5612.5,5622.5,846
2025-12-02 12:30:00+05:30,5622.5,5627.0,5615.0,5617.0,1270
2025-12-02 12:45:00+05:30,5617.0,5624.5,5616.5,5619.0,725
2025-12-02 13:00:00+05:30,5619.0,5622.5,5613.0,5622.5,812
2025-12-02 13:15:00+05:30,5622.5,5624.5,5605.0,5614.5,2096
2025-12-02 13:30:00+05:30,5614.5,5623.5,5614.0,5623.5,592
2025-12-02 13:45:00+05:30,5623.5,5638.5,5620.0,5632.5,1258
2025-12-02 14:00:00+05:30,5632.5,5633.0,5629.0,5631.0,514
2025-12-02 14:15:00+05:30,5631.0,5631.0,5619.5,5624.5,1769
2025-12-02 14:30:00+05:30,5624.5,5629.0,5616.5,5617.5,1360
2025-12-02 14:45:00+05:30,5617.5,5626.5,5607.0,5613.0,2743
2025-12-02 15:00:00+05:30,5617.0,5642.5,5617.0,5641.5,6435
2025-12-02 15:15:00+05:30,5643.0,5654.0,5625.0,5625.0,11330
2025-12-03 09:15:00+05:30,5640.0,5687.0,5631.0,5646.0,3163
2025-12-03 09:30:00+05:30,5646.0,5653.0,5634.0,5637.5,1168
2025-12-03 09:45:00+05:30,5637.5,5650.5,5635.5,5640.5,2314
2025-12-03 10:00:00+05:30,5644.5,5644.5,5618.0,5629.0,3019
2025-12-03 10:15:00+05:30,5629.0,5633.0,5621.0,5621.0,1320
2025-12-03 10:30:00+05:30,5616.5,5625.0,5614.5,5619.5,1007
2025-12-03 10:45:00+05:30,5619.5,5626.5,5610.0,5615.0,760
2025-12-03 11:00:00+05:30,5615.0,5621.0,5609.0,5615.0,753
2025-12-03 11:15:00+05:30,5615.0,5618.5,5603.0,5609.0,1335
2025-12-03 11:30:00+05:30,5609.0,5635.5,5605.0,5630.0,1547
2025-12-03 11:45:00+05:30,5630.0,5634.5,5621.0,5628.5,973
2025-12-03 12:00:00+05:30,5628.5,5641.0,5627.0,5640.0,508
2025-12-03 12:15:00+05:30,5640.0,5642.5,5636.0,5636.0,640
2025-12-03 12:30:00+05:30,5636.0,5640.0,5633.5,5639.5,331
2025-12-03 12:45:00+05:30,5639.5,5647.0,5633.5,5634.5,755
2025-12-03 13:00:00+05:30,5634.5,5642.5,5632.0,5640.0,831
2025-12-03 13:15:00+05:30,5640.0,5645.0,5635.0,5643.5,913
2025-12-03 13:30:00+05:30,5643.5,5648.5,5642.0,5647.0,929
2025-12-03 13:45:00+05:30,5647.0,5651.0,5645.0,5648.0,812
2025-12-03 14:00:00+05:30,5648.0,5650.5,5637.0,5650.5,819
2025-12-03 14:15:00+05:30,5650.5,5652.0,5644.5,5644.5,644
2025-12-03 14:30:00+05:30,5644.0,5648.0,5638.5,5645.5,1435
2025-12-03 14:45:00+05:30,5645.5,5650.5,5639.5,5650.5,1377
2025-12-03 15:00:00+05:30,5650.5,5657.0,5639.5,5650.0,6117
2025-12-03 15:15:00+05:30,5649.5,5659.5,5617.5,5648.0,7846
2025-12-04 09:15:00+05:30,5669.0,5673.0,5638.0,5641.5,1871
2025-12-04 09:30:00+05:30,5641.5,5671.0,5641.5,5670.0,1541
2025-12-04 09:45:00+05:30,5670.0,5680.5,5670.0,5679.0,2050
2025-12-04 10:00:00+05:30,5679.0,5688.0,5670.0,5680.0,1895
2025-12-04 10:15:00+05:30,5680.0,5685.0,5671.0,5675.0,1768
2025-12-04 10:30:00+05:30,5675.0,5680.0,5672.5,5674.5,1101
2025-12-04 10:45:00+05:30,5674.5,5688.0,5674.5,5686.0,1229
2025-12-04 11:00:00+05:30,5686.0,5692.0,5682.0,5684.5,1137
2025-12-04 11:15:00+05:30,5685.5,5692.5,5685.0,5686.0,1272
2025-12-04 11:30:00+05:30,5686.0,5689.5,5677.5,5681.5,1493
2025-12-04 11:45:00+05:30,5681.0,5687.0,5673.0,5673.0,1376
2025-12-04 12:00:00+05:30,5673.0,5675.0,5662.0,5672.0,17023
2025-12-04 12:15:00+05:30,5672.0,5685.0,5670.0,5675.0,14607
2025-12-04 12:30:00+05:30,5675.0,5682.0,5675.0,5675.0,2117
2025-12-04 12:45:00+05:30,5675.5,5679.5,5668.0,5675.0,3086
2025-12-04 13:00:00+05:30,5675.5,5684.0,5672.5,5682.0,1408
2025-12-04 13:15:00+05:30,5681.5,5684.0,5674.0,5678.0,2470
2025-12-04 13:30:00+05:30,5678.0,5681.0,5660.5,5667.5,2400
2025-12-04 13:45:00+05:30,5667.5,5670.5,5662.0,5665.5,1715
2025-12-04 14:00:00+05:30,5666.0,5675.0,5665.5,5669.5,1896
2025-12-04 14:15:00+05:30,5669.5,5673.0,5665.0,5665.0,2332
2025-12-04 14:30:00+05:30,5665.0,5667.0,5656.5,5656.5,2154
2025-12-04 14:45:00+05:30,5656.5,5656.5,5647.5,5655.0,2213
2025-12-04 15:00:00+05:30,5656.0,5662.0,5654.0,5658.0,6172
2025-12-04 15:15:00+05:30,5658.0,5661.5,5638.5,5638.5,11558
2025-12-05 09:15:00+05:30,5638.0,5673.0,5631.0,5659.0,2251
2025-12-05 09:30:00+05:30,5659.0,5672.0,5655.0,5669.0,2822
2025-12-05 09:45:00+05:30,5669.0,5670.5,5656.5,5661.5,1989
2025-12-05 10:00:00+05:30,5661.5,5677.0,5658.0,5662.5,2831
2025-12-05 10:15:00+05:30,5662.5,5672.5,5659.5,5665.5,2677
2025-12-05 10:30:00+05:30,5665.5,5680.5,5659.5,5680.0,930
2025-12-05 10:45:00+05:30,5681.0,5689.5,5675.5,5688.0,1930
2025-12-05 11:00:00+05:30,5688.0,5710.0,5687.0,5709.5,2024
2025-12-05 11:15:00+05:30,5709.5,5722.5,5709.5,5722.5,3423
2025-12-05 11:30:00+05:30,5722.5,5722.5,5708.0,5714.0,3266
2025-12-05 11:45:00+05:30,5714.0,5719.5,5711.0,5716.0,1111
2025-12-05 12:00:00+05:30,5716.0,5718.5,5712.0,5718.0,741
2025-12-05 12:15:00+05:30,5718.0,5734.0,5714.0,5730.0,2338
2025-12-05 12:30:00+05:30,5730.0,5736.0,5717.0,5726.5,2953
2025-12-05 12:45:00+05:30,5727.0,5732.0,5712.5,5717.0,1728
2025-12-05 13:00:00+05:30,5717.0,5725.0,5707.5,5708.0,1533
2025-12-05 13:15:00+05:30,5708.0,5712.0,5697.5,5709.0,2489
2025-12-05 13:30:00+05:30,5708.5,5708.5,5678.0,5680.0,3942
2025-12-05 13:45:00+05:30,5680.0,5684.5,5679.5,5679.5,4601
2025-12-05 14:00:00+05:30,5679.5,5684.0,5679.5,5681.0,2547
2025-12-05 14:15:00+05:30,5681.0,5707.0,5679.5,5691.0,4980
2025-12-05 14:30:00+05:30,5690.0,5692.0,5686.5,5687.5,2215
2025-12-05 14:45:00+05:30,5687.5,5687.5,5653.5,5660.0,18078
2025-12-05 15:00:00+05:30,5661.0,5674.5,5661.0,5670.0,29562
2025-12-05 15:15:00+05:30,5669.5,5710.5,5669.5,5685.0,13963
2025-12-08 09:15:00+05:30,5653.5,5706.0,5653.5,5681.5,2300
2025-12-08 09:30:00+05:30,5681.5,5698.5,5676.0,5695.5,1450
2025-12-08 09:45:00+05:30,5695.5,5710.0,5670.5,5672.5,6698
2025-12-08 10:00:00+05:30,5675.5,5682.5,5668.5,5675.5,4080
2025-12-08 10:15:00+05:30,5673.5,5684.5,5671.0,5683.5,4519
2025-12-08 10:30:00+05:30,5683.5,5707.5,5679.5,5694.0,5717
2025-12-08 10:45:00+05:30,5691.0,5694.5,5687.0,5687.5,4180
2025-12-08 11:00:00+05:30,5687.5,5689.5,5678.0,5684.0,4227
2025-12-08 11:15:00+05:30,5684.0,5701.5,5682.5,5696.0,4682
2025-12-08 11:30:00+05:30,5693.0,5700.0,5684.0,5700.0,5206
2025-12-08 11:45:00+05:30,5696.0,5703.5,5685.5,5691.0,5087
2025-12-08 12:00:00+05:30,5691.0,5691.0,5679.5,5685.0,5091
2025-12-08 12:15:00+05:30,5685.0,5695.5,5683.5,5685.0,6216
2025-12-08 12:30:00+05:30,5685.0,5687.5,5649.5,5660.0,4742
2025-12-08 12:45:00+05:30,5660.5,5661.0,5644.5,5650.0,4009
2025-12-08 13:00:00+05:30,5649.0,5652.0,5627.5,5633.0,4596
2025-12-08 13:15:00+05:30,5633.0,5633.0,5605.5,5610.0,5393
2025-12-08 13:30:00+05:30,5610.0,5613.0,5597.0,5604.0,8924
2025-12-08 13:45:00+05:30,5604.0,5622.0,5604.0,5609.5,2682
2025-12-08 14:00:00+05:30,5609.5,5616.5,5599.5,5611.0,3379
2025-12-08 14:15:00+05:30,5611.0,5614.0,5601.5,5605.0,5586
2025-12-08 14:30:00+05:30,5605.0,5605.0,5593.0,5596.5,5758
2025-12-08 14:45:00+05:30,5596.5,5600.0,5596.0,5599.5,7386
2025-12-08 15:00:00+05:30,5600.0,5601.0,5592.5,5600.0,21327
2025-12-08 15:15:00+05:30,5600.0,5600.0,5594.0,5595.0,15910
2025-12-09 09:15:00+05:30,5570.0,5615.5,5563.0,5563.0,1394
2025-12-09 09:30:00+05:30,5563.0,5573.5,5550.0,5567.0,1031
2025-12-09 09:45:00+05:30,5567.0,5575.5,5556.5,5561.0,622
2025-12-09 10:00:00+05:30,5561.0,5584.5,5557.5,5584.0,1582
2025-12-09 10:15:00+05:30,5584.0,5620.0,5583.0,5615.5,1573
2025-12-09 10:30:00+05:30,5615.5,5616.0,5601.5,5610.5,1033
2025-12-09 10:45:00+05:30,5610.5,5620.0,5603.5,5619.5,1205
2025-12-09 11:00:00+05:30,5619.5,5639.0,5614.0,5634.0,1097
2025-12-09 11:15:00+05:30,5632.0,5639.0,5631.5,5634.0,872
2025-12-09 11:30:00+05:30,5634.0,5637.5,5627.5,5629.0,915
2025-12-09 11:45:00+05:30,5631.0,5643.5,5617.0,5640.5,1953
2025-12-09 12:00:00+05:30,5640.5,5664.5,5637.5,5659.0,7066
2025-12-09 12:15:00+05:30,5659.0,5665.0,5656.5,5658.0,1591
2025-12-09 12:30:00+05:30,5658.0,5659.0,5633.5,5636.5,4314
2025-12-09 12:45:00+05:30,5636.5,5642.5,5634.0,5638.5,3339
2025-12-09 13:00:00+05:30,5638.5,5659.0,5632.5,5656.5,6535
2025-12-09 13:15:00+05:30,5656.5,5669.0,5656.5,5669.0,1156
2025-12-09 13:30:00+05:30,5669.0,5676.0,5660.5,5666.5,3790
2025-12-09 13:45:00+05:30,5666.5,5672.5,5662.0,5668.5,1458
2025-12-09 14:00:00+05:30,5668.5,5670.5,5661.0,5670.5,971
2025-12-09 14:15:00+05:30,5670.5,5670.5,5649.0,5651.5,2325
2025-12-09 14:30:00+05:30,5651.0,5654.5,5639.0,5650.5,2502
2025-12-09 14:45:00+05:30,5650.5,5652.5,5639.0,5649.5,1624
2025-12-09 15:00:00+05:30,5652.5,5674.0,5651.5,5668.5,13356
2025-12-09 15:15:00+05:30,5668.5,5678.5,5652.0,5672.0,14587
2025-12-10 09:15:00+05:30,5672.0,5690.0,5650.0,5661.0,3402
2025-12-10 09:30:00+05:30,5661.0,5670.5,5659.5,5669.5,909
2025-12-10 09:45:00+05:30,5669.5,5703.5,5657.0,5699.0,9461
2025-12-10 10:00:00+05:30,5698.0,5720.0,5697.0,5717.5,2243
2025-12-10 10:15:00+05:30,5715.0,5727.5,5710.0,5721.0,1958
2025-12-10 10:30:00+05:30,5721.0,5724.5,5702.5,5704.0,2857
2025-12-10 10:45:00+05:30,5704.0,5704.5,5668.5,5668.5,6208
2025-12-10 11:00:00+05:30,5668.5,5674.0,5658.0,5663.5,1178
2025-12-10 11:15:00+05:30,5663.5,5663.5,5635.0,5638.5,1852
2025-12-10 11:30:00+05:30,5638.5,5666.5,5638.5,5660.5,21576
2025-12-10 11:45:00+05:30,5660.5,5660.5,5646.5,5650.0,1153
2025-12-10 12:00:00+05:30,5650.0,5653.5,5642.5,5643.0,1794
2025-12-10 12:15:00+05:30,5643.0,5647.5,5638.5,5642.5,633
2025-12-10 12:30:00+05:30,5642.5,5644.0,5631.5,5636.5,518
2025-12-10 12:45:00+05:30,5634.0,5638.0,5632.5,5633.0,543
2025-12-10 13:00:00+05:30,5633.0,5636.0,5627.5,5629.5,1381
2025-12-10 13:15:00+05:30,5629.5,5634.5,5623.5,5625.0,2902
2025-12-10 13:30:00+05:30,5625.0,5626.0,5616.5,5616.5,908
2025-12-10 13:45:00+05:30,5616.5,5624.5,5613.5,5622.5,506
2025-12-10 14:00:00+05:30,5622.5,5625.0,5610.0,5611.0,896
2025-12-10 14:15:00+05:30,5611.0,5613.0,5601.0,5601.5,1308
2025-12-10 14:30:00+05:30,5601.5,5609.0,5600.0,5607.0,1312
2025-12-10 14:45:00+05:30,5607.0,5610.0,5577.0,5597.0,2298
2025-12-10 15:00:00+05:30,5597.5,5604.5,5593.0,5599.0,5357
2025-12-10 15:15:00+05:30,5599.0,5606.0,5577.5,5582.0,5836
2025-12-11 09:15:00+05:30,5584.0,5625.5,5577.0,5605.0,3328
2025-12-11 09:30:00+05:30,5605.0,5607.0,5583.0,5591.5,425
2025-12-11 09:45:00+05:30,5591.5,5600.0,5582.5,5592.0,942
2025-12-11 10:00:00+05:30,5592.0,5604.5,5589.5,5601.0,439
2025-12-11 10:15:00+05:30,5604.0,5612.0,5602.5,5603.5,674
2025-12-11 10:30:00+05:30,5603.5,5626.0,5601.0,5624.0,428
2025-12-11 10:45:00+05:30,5624.0,5627.5,5606.0,5610.5,880
2025-12-11 11:00:00+05:30,5610.5,5610.5,5596.5,5598.5,287
2025-12-11 11:15:00+05:30,5598.5,5623.0,5598.5,5622.0,1210
2025-12-11 11:30:00+05:30,5622.0,5623.5,5610.5,5623.0,752
2025-12-11 11:45:00+05:30,5623.0,5629.0,5614.0,5625.0,454
2025-12-11 12:00:00+05:30,5625.0,5648.0,5625.0,5648.0,517
2025-12-11 12:15:00+05:30,5648.0,5650.5,5646.5,5646.5,325
2025-12-11 12:30:00+05:30,5646.5,5660.0,5640.5,5660.0,826
2025-12-11 12:45:00+05:30,5660.0,5670.5,5658.0,5660.5,506
2025-12-11 13:00:00+05:30,5660.5,5660.5,5635.0,5638.0,646
2025-12-11 13:15:00+05:30,5638.0,5640.0,5625.5,5629.0,1379
2025-12-11 13:30:00+05:30,5629.0,5635.0,5623.0,5623.5,2866
2025-12-11 13:45:00+05:30,5623.5,5629.5,5615.0,5618.5,6331
2025-12-11 14:00:00+05:30,5618.5,5622.5,5618.5,5621.5,892
2025-12-11 14:15:00+05:30,5621.5,5625.0,5615.0,5622.5,1269
2025-12-11 14:30:00+05:30,5622.5,5625.0,5597.0,5597.0,6469
2025-12-11 14:45:00+05:30,5597.0,5615.5,5597.0,5612.0,20813
2025-12-11 15:00:00+05:30,5617.5,5630.0,5617.5,5627.5,5663
2025-12-11 15:15:00+05:30,5628.0,5630.0,5618.5,5618.5,5439
2025-12-12 09:15:00+05:30,5666.0,5676.0,5618.5,5630.0,1569
2025-12-12 09:30:00+05:30,5630.0,5647.0,5627.0,5632.5,581
2025-12-12 09:45:00+05:30,5632.5,5650.0,5632.5,5637.0,981
2025-12-12 10:00:00+05:30,5637.0,5641.5,5625.0,5627.0,896
2025-12-12 10:15:00+05:30,5627.0,5637.5,5624.5,5632.5,890
2025-12-12 10:30:00+05:30,5632.5,5639.0,5630.0,5635.5,293
2025-12-12 10:45:00+05:30,5635.5,5635.5,5600.5,5602.0,4761
2025-12-12 11:00:00+05:30,5602.0,5608.0,5599.5,5603.0,793
2025-12-12 11:15:00+05:30,5603.0,5610.0,5601.5,5608.5,2120
2025-12-12 11:30:00+05:30,5608.5,5608.5,5587.5,5593.0,4709
2025-12-12 11:45:00+05:30,5593.0,5595.0,5587.5,5595.0,1417
2025-12-12 12:00:00+05:30,5595.0,5605.0,5593.0,5602.0,1322
2025-12-12 12:15:00+05:30,5602.0,5620.5,5602.0,5617.0,1711
2025-12-12 12:30:00+05:30,5617.0,5618.0,5604.5,5608.5,693
2025-12-12 12:45:00+05:30,5608.5,5620.0,5607.5,5617.0,732
2025-12-12 13:00:00+05:30,5617.0,5618.5,5611.0,5617.0,509
2025-12-12 13:15:00+05:30,5617.0,5618.0,5614.5,5617.0,319
2025-12-12 13:30:00+05:30,5617.0,5625.0,5612.5,5622.0,539
2025-12-12 13:45:00+05:30,5622.0,5629.5,5622.0,5625.0,609
2025-12-12 14:00:00+05:30,5625.0,5651.0,5624.5,5650.0,720
2025-12-12 14:15:00+05:30,5650.0,5650.0,5640.5,5643.5,577
2025-12-12 14:30:00+05:30,5643.5,5643.5,5620.0,5622.5,685
2025-12-12 14:45:00+05:30,5622.5,5632.5,5622.5,5632.5,1112
2025-12-12 15:00:00+05:30,5632.5,5640.5,5629.5,5635.0,3293
2025-12-12 15:15:00+05:30,5632.5,5635.0,5614.5,5614.5,3952
2025-12-15 09:15:00+05:30,5611.0,5630.0,5579.5,5587.0,1628
2025-12-15 09:30:00+05:30,5587.0,5599.0,5583.5,5591.5,741
2025-12-15 09:45:00+05:30,5591.5,5596.5,5580.5,5591.5,1082
2025-12-15 10:00:00+05:30,5594.5,5599.0,5587.0,5592.0,927
2025-12-15 10:15:00+05:30,5592.0,5599.0,5588.5,5595.5,468
2025-12-15 10:30:00+05:30,5598.5,5607.5,5595.0,5605.5,1125
2025-12-15 10:45:00+05:30,5605.5,5622.5,5603.5,5621.0,753
2025-12-15 11:00:00+05:30,5621.0,5624.5,5611.0,5614.5,899
2025-12-15 11:15:00+05:30,5614.5,5619.0,5603.0,5607.5,1081
2025-12-15 11:30:00+05:30,5607.5,5610.0,5602.5,5606.0,428
2025-12-15 11:45:00+05:30,5606.0,5606.0,5600.5,5601.5,214
2025-12-15 12:00:00+05:30,5601.5,5605.5,5593.5,5603.0,706
2025-12-15 12:15:00+05:30,5603.0,5608.0,5599.5,5607.0,360
2025-12-15 12:30:00+05:30,5607.0,5607.0,5604.0,5607.0,178
2025-12-15 12:45:00+05:30,5607.0,5607.0,5601.0,5607.0,321
2025-12-15 13:00:00+05:30,5607.0,5609.0,5603.0,5608.5,251
2025-12-15 13:15:00+05:30,5608.5,5620.0,5606.5,5619.5,398
2025-12-15 13:30:00+05:30,5619.5,5622.0,5619.5,5619.5,376
2025-12-15 13:45:00+05:30,5619.5,5622.0,5613.5,5616.0,359
2025-12-15 14:00:00+05:30,5616.0,5617.5,5612.5,5615.5,297
2025-12-15 14:15:00+05:30,5615.5,5625.0,5614.0,5621.0,686
2025-12-15 14:30:00+05:30,5621.0,5621.0,5601.0,5607.0,437
2025-12-15 14:45:00+05:30,5607.0,5607.0,5602.5,5602.5,290
2025-12-15 15:00:00+05:30,5604.0,5632.0,5601.0,5625.5,3801
2025-12-15 15:15:00+05:30,5630.0,5632.5,5600.0,5611.0,3219
2025-12-16 09:15:00+05:30,5601.0,5619.5,5584.0,5602.5,2808
2025-12-16 09:30:00+05:30,5602.5,5616.0,5597.5,5606.5,4152
2025-12-16 09:45:00+05:30,5609.0,5618.0,5604.5,5606.5,2740
2025-12-16 10:00:00+05:30,5606.5,5623.5,5591.0,5623.5,4584
2025-12-16 10:15:00+05:30,5623.5,5629.5,5612.5,5627.5,4305
2025-12-16 10:30:00+05:30,5627.5,5631.0,5616.0,5628.0,1637
2025-12-16 10:45:00+05:30,5628.0,5634.5,5621.0,5621.5,4664
2025-12-16 11:00:00+05:30,5621.5,5632.0,5618.5,5626.5,2243
2025-12-16 11:15:00+05:30,5626.5,5631.0,5618.5,5629.5,1726
2025-12-16 11:30:00+05:30,5629.5,5638.5,5623.0,5637.5,1784
2025-12-16 11:45:00+05:30,5634.5,5648.0,5631.5,5634.5,4435
2025-12-16 12:00:00+05:30,5634.5,5639.5,5628.5,5639.5,1243
2025-12-16 12:15:00+05:30,5638.0,5650.0,5634.5,5647.0,2375
2025-12-16 12:30:00+05:30,5647.0,5656.5,5642.0,5648.5,1378
2025-12-16 12:45:00+05:30,5648.5,5648.5,5632.0,5641.0,2516
2025-12-16 13:00:00+05:30,5641.0,5654.5,5640.0,5652.0,3166
2025-12-16 13:15:00+05:30,5650.0,5659.0,5650.0,5659.0,2720
2025-12-16 13:30:00+05:30,5658.5,5670.0,5655.5,5660.5,1963
2025-12-16 13:45:00+05:30,5660.5,5661.5,5650.0,5658.5,1317
2025-12-16 14:00:00+05:30,5658.5,5659.0,5651.0,5654.0,672
2025-12-16 14:15:00+05:30,5654.0,5666.5,5651.5,5659.5,2353
2025-12-16 14:30:00+05:30,5657.5,5660.0,5651.0,5659.0,1875
2025-12-16 14:45:00+05:30,5659.0,5659.0,5650.5,5655.0,1238
2025-12-16 15:00:00+05:30,5655.0,5666.0,5655.0,5665.5,9788
2025-12-16 15:15:00+05:30,5665.5,5678.5,5653.5,5675.0,25098
2025-12-17 09:15:00+05:30,5660.0,5697.5,5660.0,5683.5,2360
2025-12-17 09:30:00+05:30,5683.5,5685.0,5667.0,5679.0,1825
2025-12-17 09:45:00+05:30,5679.0,5689.0,5678.0,5685.0,1059
2025-12-17 10:00:00+05:30,5685.0,5689.5,5665.0,5665.0,1079
2025-12-17 10:15:00+05:30,5666.0,5667.5,5652.0,5652.0,700
2025-12-17 10:30:00+05:30,5652.0,5659.0,5646.0,5647.0,772
2025-12-17 10:45:00+05:30,5647.0,5647.0,5621.5,5626.0,592
2025-12-17 11:00:00+05:30,5630.0,5643.0,5616.5,5643.0,1281
2025-12-17 11:15:00+05:30,5643.0,5647.5,5634.0,5639.5,565
2025-12-17 11:30:00+05:30,5639.5,5642.0,5633.0,5640.5,436
2025-12-17 11:45:00+05:30,5640.5,5647.0,5637.5,5641.0,636
2025-12-17 12:00:00+05:30,5641.0,5641.5,5636.0,5639.0,138
2025-12-17 12:15:00+05:30,5639.0,5640.5,5634.5,5636.5,123
2025-12-17 12:30:00+05:30,5636.5,5636.5,5629.5,5629.5,93
2025-12-17 12:45:00+05:30,5629.5,5629.5,5616.5,5616.5,371
2025-12-17 13:00:00+05:30,5616.5,5619.0,5605.5,5608.0,280
2025-12-17 13:15:00+05:30,5608.0,5608.0,5596.0,5597.5,1303
2025-12-17 13:30:00+05:30,5597.5,5599.0,5592.0,5596.5,240
2025-12-17 13:45:00+05:30,5596.5,5597.5,5577.5,5594.5,1258
2025-12-17 14:00:00+05:30,5594.5,5607.0,5592.0,5600.5,612
2025-12-17 14:15:00+05:30,5600.5,5607.5,5596.5,5601.0,494
2025-12-17 14:30:00+05:30,5601.0,5605.0,5590.0,5591.0,520
2025-12-17 14:45:00+05:30,5591.0,5612.5,5590.5,5610.0,1200
2025-12-17 15:00:00+05:30,5614.0,5649.5,5614.0,5630.5,7960
2025-12-17 15:15:00+05:30,5631.0,5631.0,5614.0,5627.5,10048
2025-12-18 09:15:00+05:30,5628.5,5629.5,5528.0,5584.5,8370
2025-12-18 09:30:00+05:30,5584.5,5595.5,5566.0,5570.0,2448
2025-12-18 09:45:00+05:30,5570.0,5573.5,5560.5,5564.5,854
2025-12-18 10:00:00+05:30,5564.5,5586.0,5560.5,5582.5,629
2025-12-18 10:15:00+05:30,5582.5,5593.0,5580.5,5584.0,493
2025-12-18 10:30:00+05:30,5584.0,5600.0,5584.0,5596.0,1579
2025-12-18 10:45:00+05:30,5596.0,5600.5,5589.0,5594.5,367
2025-12-18 11:00:00+05:30,5594.5,5594.5,5587.5,5590.5,559
2025-12-18 11:15:00+05:30,5590.5,5598.0,5585.5,5585.5,508
2025-12-18 11:30:00+05:30,5585.5,5594.5,5584.5,5591.5,427
2025-12-18 11:45:00+05:30,5591.5,5600.0,5591.5,5597.5,347
2025-12-18 12:00:00+05:30,5597.5,5597.5,5579.5,5582.5,446
2025-12-18 12:15:00+05:30,5582.5,5589.5,5580.0,5587.0,350
2025-12-18 12:30:00+05:30,5587.0,5587.0,5565.5,5565.5,785
2025-12-18 12:45:00+05:30,5565.5,5570.0,5560.0,5564.0,664
2025-12-18 13:00:00+05:30,5564.0,5567.0,5555.0,5557.5,480
2025-12-18 13:15:00+05:30,5557.5,5560.5,5550.0,5560.5,523
2025-12-18 13:30:00+05:30,5560.5,5560.5,5545.5,5549.0,569
2025-12-18 13:45:00+05:30,5549.0,5552.5,5540.0,5548.5,451
2025-12-18 14:00:00+05:30,5548.5,5550.5,5531.5,5532.0,464
2025-12-18 14:15:00+05:30,5532.0,5536.0,5528.5,5530.0,770
2025-12-18 14:30:00+05:30,5530.0,5546.0,5510.0,5510.0,1798
2025-12-18 14:45:00+05:30,5510.0,5517.0,5504.0,5513.0,1216
2025-12-18 15:00:00+05:30,5517.0,5533.0,5513.0,5515.0,4198
2025-12-18 15:15:00+05:30,5514.0,5530.0,5506.0,5506.0,5394
2025-12-19 09:15:00+05:30,5506.0,5593.0,5506.0,5574.5,2957
2025-12-19 09:30:00+05:30,5574.5,5579.0,5563.5,5570.0,822
2025-12-19 09:45:00+05:30,5570.0,5571.5,5543.5,5543.5,762
2025-12-19 10:00:00+05:30,5543.5,5558.5,5539.5,5544.0,787
2025-12-19 10:15:00+05:30,5544.0,5548.0,5537.0,5546.0,267
2025-12-19 10:30:00+05:30,5546.0,5548.5,5539.0,5539.0,302
2025-12-19 10:45:00+05:30,5539.0,5539.0,5513.0,5518.5,924
2025-12-19 11:00:00+05:30,5518.5,5520.0,5511.5,5513.0,172
2025-12-19 11:15:00+05:30,5513.0,5516.5,5504.0,5504.0,657
2025-12-19 11:30:00+05:30,5504.0,5510.5,5499.0,5503.0,526
2025-12-19 11:45:00+05:30,5503.0,5516.0,5500.0,5505.0,346
2025-12-19 12:00:00+05:30,5500.5,5520.5,5500.5,5519.5,560
2025-12-19 12:15:00+05:30,5519.5,5527.5,5518.0,5524.0,473
2025-12-19 12:30:00+05:30,5524.0,5531.0,5524.0,5525.5,464
2025-12-19 12:45:00+05:30,5525.5,5530.5,5525.0,5526.0,162
2025-12-19 13:00:00+05:30,5526.0,5535.5,5526.0,5530.0,138
2025-12-19 13:15:00+05:30,5530.0,5556.5,5530.0,5550.5,363
2025-12-19 13:30:00+05:30,5550.5,5551.0,5541.0,5545.0,246
2025-12-19 13:45:00+05:30,5545.0,5545.0,5535.0,5535.0,253
2025-12-19 14:00:00+05:30,5535.0,5537.5,5530.5,5533.0,473
2025-12-19 14:15:00+05:30,5533.0,5542.0,5533.0,5535.0,158
2025-12-19 14:30:00+05:30,5535.0,5550.0,5535.0,5548.5,576
2025-12-19 14:45:00+05:30,5548.5,5568.5,5544.5,5555.5,4351
2025-12-19 15:00:00+05:30,5555.5,5560.0,5546.5,5551.0,19129
2025-12-19 15:15:00+05:30,5552.0,5590.0,5548.0,5582.5,15725
2025-12-22 09:15:00+05:30,5555.5,5625.0,5555.5,5613.5,3525
2025-12-22 09:30:00+05:30,5613.5,5618.0,5596.5,5614.0,1219
2025-12-22 09:45:00+05:30,5614.0,5614.0,5583.0,5592.0,772
2025-12-22 10:00:00+05:30,5593.5,5598.5,5578.0,5593.5,872
2025-12-22 10:15:00+05:30,5593.5,5602.0,5591.0,5601.0,499
2025-12-22 10:30:00+05:30,5601.0,5601.0,5590.5,5595.5,231
2025-12-22 10:45:00+05:30,5595.5,5600.5,5594.0,5600.5,266
2025-12-22 11:00:00+05:30,5600.5,5608.0,5593.0,5595.5,353
2025-12-22 11:15:00+05:30,5595.5,5606.0,5595.5,5606.0,118
2025-12-22 11:30:00+05:30,5606.0,5630.0,5605.0,5628.0,3289
2025-12-22 11:45:00+05:30,5628.0,5642.5,5617.0,5641.5,4963
2025-12-22 12:00:00+05:30,5641.5,5652.0,5635.0,5640.0,1580
2025-12-22 12:15:00+05:30,5640.0,5644.0,5633.0,5640.5,998
2025-12-22 12:30:00+05:30,5640.0,5642.0,5626.5,5626.5,676
2025-12-22 12:45:00+05:30,5626.5,5631.0,5621.5,5627.0,924
2025-12-22 13:00:00+05:30,5627.0,5628.5,5619.0,5626.0,1461
2025-12-22 13:15:00+05:30,5626.0,5631.0,5620.0,5628.5,1243
2025-12-22 13:30:00+05:30,5628.5,5628.5,5610.5,5617.5,1128
2025-12-22 13:45:00+05:30,5617.5,5634.5,5613.0,5632.0,3323
2025-12-22 14:00:00+05:30,5632.0,5644.5,5629.5,5643.5,3284
2025-12-22 14:15:00+05:30,5643.5,5650.0,5643.0,5649.5,6021
2025-12-22 14:30:00+05:30,5650.0,5650.0,5631.5,5643.0,2789
2025-12-22 14:45:00+05:30,5643.0,5654.5,5625.5,5643.5,20934
2025-12-22 15:00:00+05:30,5643.5,5652.0,5625.0,5627.0,8313
2025-12-22 15:15:00+05:30,5627.0,5627.0,5610.0,5619.5,13317
2025-12-23 09:15:00+05:30,5611.0,5651.5,5605.0,5608.0,1481
2025-12-23 09:30:00+05:30,5606.5,5626.5,5606.5,5614.0,896
2025-12-23 09:45:00+05:30,5614.0,5647.0,5614.0,5647.0,767
2025-12-23 10:00:00+05:30,5647.0,5649.5,5638.5,5645.5,456
2025-12-23 10:15:00+05:30,5645.0,5645.0,5627.5,5635.5,624
2025-12-23 10:30:00+05:30,5635.5,5660.0,5635.0,5643.0,3653
2025-12-23 10:45:00+05:30,5643.0,5650.0,5640.5,5648.0,187
2025-12-23 11:00:00+05:30,5648.0,5649.0,5637.5,5637.5,546
2025-12-23 11:15:00+05:30,5637.5,5642.5,5620.0,5620.0,1394
2025-12-23 11:30:00+05:30,5620.0,5625.0,5611.0,5619.0,790
2025-12-23 11:45:00+05:30,5619.0,5621.5,5605.0,5608.5,1677
2025-12-23 12:00:00+05:30,5606.0,5607.5,5588.0,5590.5,1390
2025-12-23 12:15:00+05:30,5590.5,5592.5,5575.0,5579.5,855
2025-12-23 12:30:00+05:30,5579.5,5582.0,5570.0,5581.0,2197
2025-12-23 12:45:00+05:30,5581.0,5585.0,5560.5,5560.5,526
2025-12-23 13:00:00+05:30,5560.5,5577.0,5560.5,5572.5,718
2025-12-23 13:15:00+05:30,5572.5,5584.0,5571.5,5584.0,758
2025-12-23 13:30:00+05:30,5584.0,5586.5,5575.0,5583.5,461
2025-12-23 13:45:00+05:30,5583.5,5590.0,5581.5,5587.0,218
2025-12-23 14:00:00+05:30,5587.0,5592.5,5580.5,5584.5,356
2025-12-23 14:15:00+05:30,5584.5,5594.5,5584.5,5591.0,364
2025-12-23 14:30:00+05:30,5593.0,5593.0,5563.5,5563.5,982
2025-12-23 14:45:00+05:30,5563.5,5576.0,5562.0,5576.0,587
2025-12-23 15:00:00+05:30,5576.0,5603.0,5576.0,5599.5,2868
2025-12-23 15:15:00+05:30,5599.5,5603.0,5585.5,5600.0,3533
2025-12-26 09:15:00+05:30,5539.0,5578.0,5539.0,5575.5,1735
2025-12-26 09:30:00+05:30,5575.5,5581.0,5535.5,5536.5,953
2025-12-26 09:45:00+05:30,5536.5,5543.5,5517.0,5521.0,1801
2025-12-26 10:00:00+05:30,5521.0,5524.0,5508.0,5514.5,1767
2025-12-26 10:15:00+05:30,5514.5,5532.0,5508.5,5528.5,2118
2025-12-26 10:30:00+05:30,5526.5,5529.0,5521.5,5525.5,608
2025-12-26 10:45:00+05:30,5525.5,5530.0,5520.0,5529.5,1354
2025-12-26 11:00:00+05:30,5529.5,5530.0,5521.5,5526.0,932
2025-12-26 11:15:00+05:30,5526.0,5533.5,5523.5,5527.5,808
2025-12-26 11:30:00+05:30,5527.5,5533.5,5521.0,5524.5,1340
2025-12-26 11:45:00+05:30,5524.5,5529.5,5520.0,5524.0,527
2025-12-26 12:00:00+05:30,5524.0,5529.0,5523.5,5527.0,281
2025-12-26 12:15:00+05:30,5527.0,5529.0,5523.0,5526.5,180
2025-12-26 12:30:00+05:30,5526.5,5527.0,5521.0,5521.0,218
2025-12-26 12:45:00+05:30,5521.0,5526.0,5520.0,5522.5,76
2025-12-26 13:00:00+05:30,5522.5,5527.5,5520.0,5527.5,180
2025-12-26 13:15:00+05:30,5527.5,5527.5,5522.5,5526.5,277
2025-12-26 13:30:00+05:30,5526.5,5528.0,5522.5,5526.5,181
2025-12-26 13:45:00+05:30,5526.5,5529.5,5520.5,5525.0,735
2025-12-26 14:00:00+05:30,5525.0,5527.5,5520.5,5521.0,275
2025-12-26 14:15:00+05:30,5521.0,5529.0,5520.0,5522.0,1205
2025-12-26 14:30:00+05:30,5520.0,5530.5,5520.0,5523.0,3018
2025-12-26 14:45:00+05:30,5523.0,5538.0,5520.0,5536.5,7264
2025-12-26 15:00:00+05:30,5536.5,5548.0,5535.0,5544.5,2758
2025-12-26 15:15:00+05:30,5544.5,5547.5,5520.0,5537.0,9612
2025-12-29 09:15:00+05:30,5573.0,5573.0,5511.0,5525.5,3804
2025-12-29 09:30:00+05:30,5525.5,5547.0,5525.5,5533.5,1289
2025-12-29 09:45:00+05:30,5533.5,5538.0,5515.0,5520.0,2875
2025-12-29 10:00:00+05:30,5520.0,5524.5,5511.5,5518.5,1940
2025-12-29 10:15:00+05:30,5518.5,5528.0,5511.0,5521.0,1728
2025-12-29 10:30:00+05:30,5521.0,5527.5,5515.5,5522.0,1647
2025-12-29 10:45:00+05:30,5522.0,5532.0,5520.5,5526.5,961
2025-12-29 11:00:00+05:30,5526.5,5526.5,5511.0,5511.0,694
2025-12-29 11:15:00+05:30,5511.0,5529.5,5505.5,5527.0,2427
2025-12-29 11:30:00+05:30,5527.0,5532.5,5519.0,5532.5,1414
2025-12-29 11:45:00+05:30,5532.5,5540.0,5527.5,5534.0,1235
2025-12-29 12:00:00+05:30,5534.0,5540.0,5531.5,5536.0,1735
2025-12-29 12:15:00+05:30,5536.0,5540.0,5530.5,5537.0,642
2025-12-29 12:30:00+05:30,5537.0,5539.5,5526.5,5535.0,716
2025-12-29 12:45:00+05:30,5535.0,5539.5,5528.0,5533.0,360
2025-12-29 13:00:00+05:30,5533.0,5539.0,5528.0,5528.5,484
2025-12-29 13:15:00+05:30,5528.5,5530.5,5525.0,5526.0,274
2025-12-29 13:30:00+05:30,5526.0,5532.5,5526.0,5526.5,94
2025-12-29 13:45:00+05:30,5526.5,5537.0,5526.5,5530.5,480
2025-12-29 14:00:00+05:30,5530.5,5536.5,5525.0,5527.0,557
2025-12-29 14:15:00+05:30,5527.0,5528.5,5520.0,5520.0,2580
2025-12-29 14:30:00+05:30,5520.0,5521.0,5507.5,5508.5,298
2025-12-29 14:45:00+05:30,5508.5,5519.0,5498.5,5508.0,973
2025-12-29 15:00:00+05:30,5510.0,5511.5,5501.5,5508.5,5836
2025-12-29 15:15:00+05:30,5508.5,5510.0,5481.0,5481.0,3951
2025-12-30 09:15:00+05:30,5485.0,5496.5,5455.5,5469.0,2398
2025-12-30 09:30:00+05:30,5469.0,5474.0,5457.5,5470.5,1082
2025-12-30 09:45:00+05:30,5470.5,5470.5,5445.0,5445.0,907
2025-12-30 10:00:00+05:30,5444.5,5448.0,5430.5,5445.5,1897
2025-12-30 10:15:00+05:30,5444.5,5472.0,5441.5,5466.0,2062
2025-12-30 10:30:00+05:30,5466.0,5479.5,5466.0,5466.5,1437
2025-12-30 10:45:00+05:30,5466.5,5467.0,5456.5,5456.5,711
2025-12-30 11:00:00+05:30,5456.5,5472.5,5448.0,5449.5,1274
2025-12-30 11:15:00+05:30,5449.5,5452.5,5442.0,5448.0,1153
2025-12-30 11:30:00+05:30,5448.0,5459.0,5443.5,5457.0,441
2025-12-30 11:45:00+05:30,5457.0,5457.0,5440.0,5445.5,624
2025-12-30 12:00:00+05:30,5445.5,5446.5,5437.0,5437.5,624
2025-12-30 12:15:00+05:30,5437.5,5454.0,5436.0,5439.0,2488
2025-12-30 12:30:00+05:30,5439.0,5442.0,5427.0,5437.5,6120
2025-12-30 12:45:00+05:30,5436.5,5441.0,5423.0,5432.5,5879
2025-12-30 13:00:00+05:30,5432.5,5437.0,5424.0,5429.0,6874
2025-12-30 13:15:00+05:30,5429.0,5436.5,5411.5,5424.5,8733
2025-12-30 13:30:00+05:30,5424.5,5448.0,5411.0,5432.5,6309
2025-12-30 13:45:00+05:30,5435.5,5445.5,5430.5,5444.0,6788
2025-12-30 14:00:00+05:30,5444.0,5468.5,5438.0,5464.0,8751
2025-12-30 14:15:00+05:30,5464.0,5469.0,5446.0,5460.0,9594
2025-12-30 14:30:00+05:30,5457.5,5462.0,5446.5,5460.0,8833
2025-12-30 14:45:00+05:30,5460.0,5462.0,5445.0,5451.5,9204
2025-12-30 15:00:00+05:30,5451.5,5483.0,5451.5,5469.5,27647
2025-12-30 15:15:00+05:30,5469.5,5483.5,5405.0,5431.5,23283
2025-12-31 09:15:00+05:30,5450.0,5479.5,5426.5,5472.0,3378
2025-12-31 09:30:00+05:30,5472.0,5472.0,5446.5,5447.0,958
2025-12-31 09:45:00+05:30,5447.0,5462.5,5442.0,5461.5,688
2025-12-31 10:00:00+05:30,5461.5,5479.0,5461.5,5477.5,1266
2025-12-31 10:15:00+05:30,5476.5,5500.0,5476.5,5498.5,1859
2025-12-31 10:30:00+05:30,5498.5,5516.5,5494.0,5513.5,2134
2025-12-31 10:45:00+05:30,5513.5,5524.0,5496.0,5506.0,1797
2025-12-31 11:00:00+05:30,5506.0,5512.5,5506.0,5510.5,524
2025-12-31 11:15:00+05:30,5510.5,5510.5,5486.0,5486.0,1243
2025-12-31 11:30:00+05:30,5486.0,5492.5,5485.0,5492.5,561
2025-12-31 11:45:00+05:30,5492.5,5494.5,5486.5,5488.5,591
2025-12-31 12:00:00+05:30,5488.5,5510.5,5488.0,5509.5,1288
2025-12-31 12:15:00+05:30,5507.5,5510.0,5497.0,5497.0,979
2025-12-31 12:30:00+05:30,5497.0,5515.0,5497.0,5507.0,1531
2025-12-31 12:45:00+05:30,5507.0,5509.5,5501.0,5501.5,700
2025-12-31 13:00:00+05:30,5501.5,5501.5,5490.5,5494.0,780
2025-12-31 13:15:00+05:30,5494.0,5502.5,5490.0,5502.0,423
2025-12-31 13:30:00+05:30,5502.0,5502.0,5492.5,5495.5,576
2025-12-31 13:45:00+05:30,5495.5,5499.0,5493.5,5497.0,475
2025-12-31 14:00:00+05:30,5499.0,5506.0,5496.0,5504.5,472
2025-12-31 14:15:00+05:30,5504.5,5513.0,5499.0,5499.0,1265
2025-12-31 14:30:00+05:30,5504.0,5518.5,5502.5,5516.0,2422
2025-12-31 14:45:00+05:30,5517.5,5528.5,5507.5,5523.0,2098
2025-12-31 15:00:00+05:30,5527.0,5527.0,5502.0,5510.0,4315
2025-12-31 15:15:00+05:30,5510.0,5513.0,5470.0,5470.0,5126
2026-01-01 09:15:00+05:30,5477.0,5519.5,5456.0,5465.0,1698
2026-01-01 09:30:00+05:30,5456.0,5461.5,5422.5,5427.5,2056
2026-01-01 09:45:00+05:30,5427.5,5427.5,5410.0,5411.5,4016
2026-01-01 10:00:00+05:30,5411.5,5423.5,5400.0,5402.0,2228
2026-01-01 10:15:00+05:30,5402.0,5409.5,5384.0,5408.5,4604
2026-01-01 10:30:00+05:30,5405.0,5418.0,5395.5,5395.5,2290
2026-01-01 10:45:00+05:30,5395.5,5412.0,5395.5,5410.5,1000
2026-01-01 11:00:00+05:30,5410.5,5432.0,5405.0,5426.0,2029
2026-01-01 11:15:00+05:30,5426.0,5449.5,5419.5,5443.0,2721
2026-01-01 11:30:00+05:30,5443.0,5455.0,5439.0,5447.5,1692
2026-01-01 11:45:00+05:30,5447.0,5459.0,5445.0,5453.0,1116
2026-01-01 12:00:00+05:30,5453.0,5459.5,5451.0,5452.5,474
2026-01-01 12:15:00+05:30,5452.5,5458.5,5451.0,5457.5,303
2026-01-01 12:30:00+05:30,5457.5,5458.5,5451.0,5455.0,2744
2026-01-01 12:45:00+05:30,5455.0,5463.0,5448.0,5454.5,1217
2026-01-01 13:00:00+05:30,5454.5,5461.0,5454.0,5454.0,858
2026-01-01 13:15:00+05:30,5454.5,5460.0,5454.0,5459.0,432
2026-01-01 13:30:00+05:30,5459.0,5464.5,5457.0,5460.0,1451
2026-01-01 13:45:00+05:30,5460.0,5462.0,5460.0,5460.0,308
2026-01-01 14:00:00+05:30,5460.0,5467.0,5460.0,5465.5,341
2026-01-01 14:15:00+05:30,5465.5,5476.5,5461.0,5463.5,949
2026-01-01 14:30:00+05:30,5463.5,5470.0,5460.0,5470.0,844
2026-01-01 14:45:00+05:30,5470.0,5474.0,5460.0,5467.5,1749
2026-01-01 15:00:00+05:30,5467.5,5471.0,5460.0,5466.0,1779
2026-01-01 15:15:00+05:30,5466.5,5468.0,5460.0,5465.0,5035
2026-01-02 09:15:00+05:30,5498.0,5498.0,5462.0,5466.0,1959
2026-01-02 09:30:00+05:30,5460.5,5466.5,5448.5,5460.0,402
2026-01-02 09:45:00+05:30,5460.0,5469.0,5457.0,5469.0,956
2026-01-02 10:00:00+05:30,5469.0,5476.5,5467.5,5471.5,259
2026-01-02 10:15:00+05:30,5473.0,5497.0,5471.0,5493.0,1131
2026-01-02 10:30:00+05:30,5493.0,5496.5,5477.0,5481.5,955
2026-01-02 10:45:00+05:30,5481.5,5495.0,5480.0,5492.5,309
2026-01-02 11:00:00+05:30,5492.5,5505.0,5488.0,5502.5,1128
2026-01-02 11:15:00+05:30,5504.5,5513.0,5504.5,5507.0,1031
2026-01-02 11:30:00+05:30,5507.0,5509.5,5505.0,5505.5,410
2026-01-02 11:45:00+05:30,5505.5,5541.0,5505.5,5535.5,2246
2026-01-02 12:00:00+05:30,5535.5,5557.5,5527.5,5557.5,2558
2026-01-02 12:15:00+05:30,5557.5,5561.5,5527.5,5527.5,1181
2026-01-02 12:30:00+05:30,5527.5,5534.5,5525.0,5531.5,581
2026-01-02 12:45:00+05:30,5531.5,5535.5,5524.5,5533.0,353
2026-01-02 13:00:00+05:30,5533.0,5540.0,5529.5,5540.0,226
2026-01-02 13:15:00+05:30,5540.0,5540.0,5528.5,5529.5,359
2026-01-02 13:30:00+05:30,5532.0,5538.0,5529.5,5530.0,270
2026-01-02 13:45:00+05:30,5530.0,5538.5,5526.5,5530.0,301
2026-01-02 14:00:00+05:30,5529.5,5542.5,5527.0,5539.5,388
2026-01-02 14:15:00+05:30,5539.5,5550.5,5539.5,5550.5,934
2026-01-02 14:30:00+05:30,5545.0,5569.0,5545.0,5565.0,1143
2026-01-02 14:45:00+05:30,5565.0,5590.0,5564.0,5590.0,2499
2026-01-02 15:00:00+05:30,5590.5,5598.5,5588.5,5597.5,7141
2026-01-02 15:15:00+05:30,5594.0,5600.0,5563.5,5585.0,8913
2026-01-05 09:15:00+05:30,5599.0,5610.0,5565.5,5590.5,2302
2026-01-05 09:30:00+05:30,5590.5,5601.5,5587.0,5598.0,680
2026-01-05 09:45:00+05:30,5598.0,5611.0,5594.0,5603.5,1035
2026-01-05 10:00:00+05:30,5603.5,5603.5,5579.0,5585.5,1311
2026-01-05 10:15:00+05:30,5586.5,5600.0,5582.0,5584.0,584
2026-01-05 10:30:00+05:30,5584.0,5592.0,5577.0,5585.5,1018
2026-01-05 10:45:00+05:30,5585.5,5616.5,5585.0,5610.0,1363
2026-01-05 11:00:00+05:30,5610.0,5616.5,5601.0,5614.0,692
2026-01-05 11:15:00+05:30,5614.0,5614.0,5595.0,5596.5,491
2026-01-05 11:30:00+05:30,5596.5,5609.5,5583.0,5598.0,994
2026-01-05 11:45:00+05:30,5598.0,5600.0,5592.0,5594.0,519
2026-01-05 12:00:00+05:30,5594.0,5601.5,5591.0,5598.0,1041
2026-01-05 12:15:00+05:30,5598.0,5601.5,5592.0,5598.5,762
2026-01-05 12:30:00+05:30,5598.5,5600.0,5588.5,5598.0,588
2026-01-05 12:45:00+05:30,5598.0,5600.0,5595.0,5597.0,535
2026-01-05 13:00:00+05:30,5597.0,5597.5,5589.5,5595.0,799
2026-01-05 13:15:00+05:30,5595.0,5595.0,5580.5,5582.0,953
2026-01-05 13:30:00+05:30,5582.0,5582.0,5571.0,5582.0,1072
2026-01-05 13:45:00+05:30,5582.0,5584.0,5565.5,5567.0,982
2026-01-05 14:00:00+05:30,5567.0,5568.0,5538.5,5546.5,3851
2026-01-05 14:15:00+05:30,5547.0,5553.0,5539.5,5546.5,857
2026-01-05 14:30:00+05:30,5546.5,5549.5,5531.5,5539.0,2649
2026-01-05 14:45:00+05:30,5539.0,5549.0,5536.5,5539.0,5392
2026-01-05 15:00:00+05:30,5543.5,5564.0,5537.5,5563.0,5537
2026-01-05 15:15:00+05:30,5564.0,5569.5,5539.0,5569.5,5612
2026-01-06 09:15:00+05:30,5554.5,5612.5,5554.5,5590.5,4689
2026-01-06 09:30:00+05:30,5590.5,5618.5,5588.5,5604.0,3867
2026-01-06 09:45:00+05:30,5604.0,5616.5,5599.5,5613.0,3401
2026-01-06 10:00:00+05:30,5613.0,5614.5,5586.0,5586.5,3739
2026-01-06 10:15:00+05:30,5586.0,5588.5,5568.0,5568.0,2306
2026-01-06 10:30:00+05:30,5573.5,5589.0,5570.0,5580.0,1754
2026-01-06 10:45:00+05:30,5580.0,5585.0,5578.0,5579.0,1413
2026-01-06 11:00:00+05:30,5579.0,5585.0,5578.5,5578.5,3493
2026-01-06 11:15:00+05:30,5577.0,5585.0,5575.0,5585.0,2247
2026-01-06 11:30:00+05:30,5585.0,5610.5,5584.0,5610.5,8150
2026-01-06 11:45:00+05:30,5610.5,5612.0,5586.0,5602.0,1928
2026-01-06 12:00:00+05:30,5602.0,5603.5,5586.5,5594.0,1526
2026-01-06 12:15:00+05:30,5594.0,5603.5,5585.5,5602.0,2436
2026-01-06 12:30:00+05:30,5602.0,5615.0,5593.5,5615.0,1799
2026-01-06 12:45:00+05:30,5615.0,5632.0,5615.0,5632.0,2703
2026-01-06 13:00:00+05:30,5632.0,5648.0,5629.0,5640.5,2049
2026-01-06 13:15:00+05:30,5640.5,5642.0,5630.5,5634.5,2494
2026-01-06 13:30:00+05:30,5634.5,5648.5,5625.0,5648.0,2680
2026-01-06 13:45:00+05:30,5648.0,5660.0,5640.5,5646.0,5025
2026-01-06 14:00:00+05:30,5646.0,5648.5,5631.5,5637.0,1512
2026-01-06 14:15:00+05:30,5637.0,5644.0,5627.5,5639.0,1817
2026-01-06 14:30:00+05:30,5639.0,5639.5,5618.5,5627.5,2638
2026-01-06 14:45:00+05:30,5627.5,5643.0,5625.0,5643.0,3645
2026-01-06 15:00:00+05:30,5645.5,5660.0,5645.5,5657.5,6906
2026-01-06 15:15:00+05:30,5658.0,5679.5,5650.0,5655.5,11729
2026-01-07 09:15:00+05:30,5675.0,5699.0,5634.5,5686.5,6775
2026-01-07 09:30:00+05:30,5688.0,5722.0,5687.0,5715.0,7182
2026-01-07 09:45:00+05:30,5718.0,5790.5,5710.0,5784.5,9316
2026-01-07 10:00:00+05:30,5788.0,5825.0,5785.0,5795.5,9560
2026-01-07 10:15:00+05:30,5795.5,5810.0,5753.0,5757.5,5415
2026-01-07 10:30:00+05:30,5757.5,5772.0,5747.5,5765.0,2084
2026-01-07 10:45:00+05:30,5765.0,5767.0,5720.0,5745.0,9421
2026-01-07 11:00:00+05:30,5746.0,5755.0,5734.5,5755.0,6162
2026-01-07 11:15:00+05:30,5757.0,5796.5,5755.5,5783.5,2568
2026-01-07 11:30:00+05:30,5783.5,5801.0,5780.0,5789.5,4156
2026-01-07 11:45:00+05:30,5789.5,5792.5,5773.5,5791.0,3378
2026-01-07 12:00:00+05:30,5791.0,5799.5,5779.5,5798.0,2998
2026-01-07 12:15:00+05:30,5798.0,5800.0,5775.0,5776.5,3163
2026-01-07 12:30:00+05:30,5775.5,5790.0,5775.5,5778.5,2459
2026-01-07 12:45:00+05:30,5778.5,5797.5,5776.5,5790.0,9045
2026-01-07 13:00:00+05:30,5789.0,5833.0,5787.5,5822.0,30154
2026-01-07 13:15:00+05:30,5822.0,5833.0,5817.0,5825.5,6903
2026-01-07 13:30:00+05:30,5825.5,5830.0,5811.0,5829.5,6243
2026-01-07 13:45:00+05:30,5828.5,5829.5,5813.5,5822.0,7294
2026-01-07 14:00:00+05:30,5820.0,5825.0,5813.0,5821.5,6826
2026-01-07 14:15:00+05:30,5821.5,5825.0,5791.5,5807.5,9489
2026-01-07 14:30:00+05:30,5804.5,5805.5,5789.0,5796.5,9201
2026-01-07 14:45:00+05:30,5797.5,5815.0,5790.0,5813.5,8762
2026-01-07 15:00:00+05:30,5815.0,5824.0,5809.5,5811.5,10176
2026-01-07 15:15:00+05:30,5811.5,5812.5,5784.5,5806.0,9718
2026-01-08 09:15:00+05:30,5805.5,5820.0,5784.5,5791.0,5390
2026-01-08 09:30:00+05:30,5791.0,5802.0,5763.5,5797.0,1732
2026-01-08 09:45:00+05:30,5797.0,5832.0,5790.5,5831.0,1361
2026-01-08 10:00:00+05:30,5830.5,5847.5,5825.5,5833.0,5196
2026-01-08 10:15:00+05:30,5833.0,5838.5,5810.0,5825.0,2671
2026-01-08 10:30:00+05:30,5825.0,5830.0,5814.5,5826.5,1059
2026-01-08 10:45:00+05:30,5826.5,5826.5,5812.5,5812.5,359
2026-01-08 11:00:00+05:30,5816.0,5825.0,5809.0,5812.5,879
2026-01-08 11:15:00+05:30,5812.5,5833.0,5809.0,5827.5,2446
2026-01-08 11:30:00+05:30,5827.5,5827.5,5815.5,5825.0,8558
2026-01-08 11:45:00+05:30,5825.0,5825.0,5817.0,5820.5,3913
2026-01-08 12:00:00+05:30,5823.5,5825.0,5802.0,5816.0,5821
2026-01-08 12:15:00+05:30,5816.0,5825.0,5810.5,5825.0,3115
2026-01-08 12:30:00+05:30,5825.0,5825.0,5812.0,5825.0,2495
2026-01-08 12:45:00+05:30,5822.5,5825.0,5810.0,5812.5,3537
2026-01-08 13:00:00+05:30,5812.5,5823.5,5805.0,5819.5,2456
2026-01-08 13:15:00+05:30,5819.5,5820.0,5796.0,5800.0,4897
2026-01-08 13:30:00+05:30,5799.5,5806.0,5796.0,5800.0,3610
2026-01-08 13:45:00+05:30,5800.0,5800.0,5788.0,5797.0,4315
2026-01-08 14:00:00+05:30,5797.0,5800.0,5790.5,5799.0,7074
2026-01-08 14:15:00+05:30,5799.0,5817.0,5782.0,5782.0,8605
2026-01-08 14:30:00+05:30,5782.0,5797.0,5773.5,5796.0,8496
2026-01-08 14:45:00+05:30,5796.0,5813.0,5792.0,5810.0,9821
2026-01-08 15:00:00+05:30,5810.0,5811.0,5787.5,5800.0,16074
2026-01-08 15:15:00+05:30,5800.0,5800.0,5775.5,5790.0,19114
2026-01-09 09:15:00+05:30,5775.5,5825.0,5730.0,5736.0,6682
2026-01-09 09:30:00+05:30,5736.0,5744.0,5707.0,5721.5,2475
2026-01-09 09:45:00+05:30,5721.5,5810.0,5721.0,5804.5,4099
2026-01-09 10:00:00+05:30,5804.5,5805.0,5789.0,5790.0,1675
2026-01-09 10:15:00+05:30,5789.5,5804.5,5787.0,5804.5,889
2026-01-09 10:30:00+05:30,5804.5,5804.5,5791.5,5795.5,947
2026-01-09 10:45:00+05:30,5795.5,5813.5,5795.5,5801.5,515
2026-01-09 11:00:00+05:30,5801.5,5810.0,5798.0,5804.5,549
2026-01-09 11:15:00+05:30,5803.0,5804.5,5792.5,5800.0,359
2026-01-09 11:30:00+05:30,5800.0,5810.0,5781.5,5790.5,1209
2026-01-09 11:45:00+05:30,5788.5,5789.5,5767.0,5772.0,393
2026-01-09 12:00:00+05:30,5772.0,5776.0,5761.0,5761.0,430
2026-01-09 12:15:00+05:30,5763.0,5770.0,5760.0,5760.0,2292
2026-01-09 12:30:00+05:30,5760.0,5768.0,5760.0,5762.5,415
2026-01-09 12:45:00+05:30,5762.5,5795.0,5762.5,5795.0,3582
2026-01-09 13:00:00+05:30,5795.0,5800.0,5775.5,5780.0,8461
2026-01-09 13:15:00+05:30,5780.0,5791.5,5777.0,5786.0,6144
2026-01-09 13:30:00+05:30,5786.0,5805.5,5772.5,5795.5,12804
2026-01-09 13:45:00+05:30,5795.5,5799.5,5783.0,5793.5,14254
2026-01-09 14:00:00+05:30,5793.5,5798.0,5767.0,5771.0,8003
2026-01-09 14:15:00+05:30,5770.0,5777.5,5743.5,5747.0,8537
2026-01-09 14:30:00+05:30,5747.0,5786.0,5742.5,5784.0,8771
2026-01-09 14:45:00+05:30,5781.0,5800.0,5775.5,5797.0,10194
2026-01-09 15:00:00+05:30,5798.5,5804.5,5784.5,5804.0,14268
2026-01-09 15:15:00+05:30,5805.0,5810.0,5782.5,5785.5,16388
2026-01-12 09:15:00+05:30,5799.0,5812.0,5727.0,5727.5,3742
2026-01-12 09:30:00+05:30,5727.5,5754.5,5726.0,5733.5,2048
2026-01-12 09:45:00+05:30,5733.5,5785.5,5722.0,5753.5,2186
2026-01-12 10:00:00+05:30,5756.5,5797.5,5752.5,5773.5,2810
2026-01-12 10:15:00+05:30,5773.5,5790.0,5764.0,5784.5,1000
2026-01-12 10:30:00+05:30,5784.5,5784.5,5757.5,5764.5,4048
2026-01-12 10:45:00+05:30,5764.5,5777.5,5746.5,5749.0,6736
2026-01-12 11:00:00+05:30,5749.0,5750.5,5726.0,5727.5,5727
2026-01-12 11:15:00+05:30,5727.5,5737.5,5723.0,5726.5,1294
2026-01-12 11:30:00+05:30,5726.5,5742.0,5713.5,5737.5,6634
2026-01-12 11:45:00+05:30,5737.5,5753.0,5737.5,5750.0,2299
2026-01-12 12:00:00+05:30,5750.0,5769.0,5737.5,5769.0,2464
2026-01-12 12:15:00+05:30,5773.0,5780.5,5765.5,5773.0,891
2026-01-12 12:30:00+05:30,5773.0,5784.5,5769.0,5782.0,708
2026-01-12 12:45:00+05:30,5782.0,5787.5,5775.0,5777.0,631
2026-01-12 13:00:00+05:30,5777.0,5781.5,5771.5,5778.5,285
2026-01-12 13:15:00+05:30,5781.0,5786.0,5773.0,5775.5,1327
2026-01-12 13:30:00+05:30,5775.5,5786.5,5774.0,5780.0,344
2026-01-12 13:45:00+05:30,5780.0,5787.5,5780.0,5783.5,1141
2026-01-12 14:00:00+05:30,5783.5,5813.0,5780.0,5809.5,4753
2026-01-12 14:15:00+05:30,5809.5,5826.5,5804.0,5814.5,10349
2026-01-12 14:30:00+05:30,5814.5,5846.0,5806.0,5842.5,11564
2026-01-12 14:45:00+05:30,5842.5,5868.0,5835.0,5858.5,14008
2026-01-12 15:00:00+05:30,5858.5,5868.0,5847.0,5868.0,14129
2026-01-12 15:15:00+05:30,5868.0,5886.0,5864.5,5886.0,16595
2026-01-13 09:15:00+05:30,5907.0,5933.5,5870.0,5875.5,20212
2026-01-13 09:30:00+05:30,5874.0,5875.0,5819.0,5834.5,9751
2026-01-13 09:45:00+05:30,5843.0,5898.5,5832.0,5832.0,10445
2026-01-13 10:00:00+05:30,5832.0,5873.5,5829.5,5863.5,6328
2026-01-13 10:15:00+05:30,5861.5,5875.0,5851.0,5868.0,5329
2026-01-13 10:30:00+05:30,5866.0,5882.0,5851.0,5864.0,8731
2026-01-13 10:45:00+05:30,5860.0,5879.5,5853.0,5870.0,5800
2026-01-13 11:00:00+05:30,5870.0,5884.0,5858.5,5883.5,5743
2026-01-13 11:15:00+05:30,5879.5,5885.0,5868.0,5881.5,5341
2026-01-13 11:30:00+05:30,5880.0,5883.0,5845.5,5851.5,5958
2026-01-13 11:45:00+05:30,5848.0,5848.5,5821.5,5826.5,4547
2026-01-13 12:00:00+05:30,5823.0,5842.5,5821.0,5828.0,5894
2026-01-13 12:15:00+05:30,5828.0,5844.0,5827.0,5835.5,6601
2026-01-13 12:30:00+05:30,5835.0,5846.0,5826.5,5836.5,4916
2026-01-13 12:45:00+05:30,5834.5,5840.5,5813.5,5820.0,4967
2026-01-13 13:00:00+05:30,5817.0,5846.0,5815.0,5843.5,6807
2026-01-13 13:15:00+05:30,5843.0,5853.5,5838.0,5845.0,7207
2026-01-13 13:30:00+05:30,5842.5,5853.5,5833.5,5852.0,7800
2026-01-13 13:45:00+05:30,5849.5,5861.5,5836.5,5842.0,5079
2026-01-13 14:00:00+05:30,5837.5,5842.0,5819.5,5834.0,9867
2026-01-13 14:15:00+05:30,5831.5,5835.5,5821.0,5831.0,4663
2026-01-13 14:30:00+05:30,5827.5,5851.0,5822.0,5847.5,5624
2026-01-13 14:45:00+05:30,5847.5,5872.0,5846.0,5870.0,5611
2026-01-13 15:00:00+05:30,5870.0,5873.0,5861.0,5862.5,8410
2026-01-13 15:15:00+05:30,5862.5,5868.0,5850.0,5865.0,10870
2026-01-14 09:15:00+05:30,5888.0,5888.5,5832.0,5848.0,3940
2026-01-14 09:30:00+05:30,5852.0,5856.5,5815.5,5817.5,998
2026-01-14 09:45:00+05:30,5817.5,5820.0,5801.0,5814.5,892
2026-01-14 10:00:00+05:30,5814.5,5820.0,5785.0,5786.0,2520
2026-01-14 10:15:00+05:30,5788.5,5802.5,5778.5,5802.5,2409
2026-01-14 10:30:00+05:30,5802.5,5802.5,5784.0,5784.0,2334
2026-01-14 10:45:00+05:30,5784.0,5814.5,5778.5,5814.0,5542
2026-01-14 11:00:00+05:30,5814.0,5830.0,5811.5,5829.5,4351
2026-01-14 11:15:00+05:30,5827.0,5835.0,5825.0,5830.5,2779
2026-01-14 11:30:00+05:30,5830.5,5831.5,5805.0,5813.5,3297
2026-01-14 11:45:00+05:30,5813.5,5825.5,5811.5,5824.0,2599
2026-01-14 12:00:00+05:30,5823.5,5825.5,5816.5,5822.5,2867
2026-01-14 12:15:00+05:30,5818.5,5823.5,5811.0,5817.0,2433
2026-01-14 12:30:00+05:30,5817.0,5830.0,5813.5,5826.5,1998
2026-01-14 12:45:00+05:30,5826.5,5835.5,5820.5,5821.0,14437
2026-01-14 13:00:00+05:30,5823.0,5830.5,5821.0,5829.0,1194
2026-01-14 13:15:00+05:30,5829.0,5830.0,5815.0,5816.0,3423
2026-01-14 13:30:00+05:30,5819.0,5831.5,5802.5,5810.0,6467
2026-01-14 13:45:00+05:30,5814.5,5822.0,5809.0,5822.0,1918
2026-01-14 14:00:00+05:30,5822.0,5822.0,5817.5,5820.0,929
2026-01-14 14:15:00+05:30,5820.0,5835.0,5820.0,5832.0,1485
2026-01-14 14:30:00+05:30,5833.5,5842.0,5825.0,5839.0,2909
2026-01-14 14:45:00+05:30,5839.0,5846.0,5835.0,5839.0,2285
2026-01-14 15:00:00+05:30,5839.0,5839.0,5827.5,5830.0,8095
2026-01-14 15:15:00+05:30,5830.0,5830.0,5822.0,5822.5,6622
2026-01-16 09:15:00+05:30,5836.0,5879.5,5822.0,5853.0,4003
2026-01-16 09:30:00+05:30,5853.0,5858.0,5818.5,5824.0,2635
2026-01-16 09:45:00+05:30,5818.0,5823.5,5796.5,5800.5,1648
2026-01-16 10:00:00+05:30,5800.5,5844.5,5800.5,5841.5,1264
2026-01-16 10:15:00+05:30,5841.5,5847.5,5837.0,5844.5,1108
2026-01-16 10:30:00+05:30,5843.0,5860.0,5827.5,5847.0,3728
2026-01-16 10:45:00+05:30,5847.0,5857.0,5844.5,5855.5,1271
2026-01-16 11:00:00+05:30,5855.5,5857.0,5840.0,5846.5,1742
2026-01-16 11:15:00+05:30,5846.5,5859.0,5844.5,5845.5,1100
2026-01-16 11:30:00+05:30,5845.5,5862.0,5845.0,5847.0,27841
2026-01-16 11:45:00+05:30,5846.5,5857.0,5838.5,5842.0,4666
2026-01-16 12:00:00+05:30,5840.5,5850.5,5840.5,5850.0,690
2026-01-16 12:15:00+05:30,5850.0,5850.0,5837.5,5843.0,5419
2026-01-16 12:30:00+05:30,5843.0,5857.5,5838.0,5845.0,13681
2026-01-16 12:45:00+05:30,5845.0,5851.5,5826.5,5830.0,2314
2026-01-16 13:00:00+05:30,5829.5,5847.0,5825.5,5837.5,1640
2026-01-16 13:15:00+05:30,5837.5,5846.0,5820.5,5830.5,3092
2026-01-16 13:30:00+05:30,5830.5,5833.0,5820.0,5830.5,1888
2026-01-16 13:45:00+05:30,5830.5,5831.5,5824.0,5828.5,1963
2026-01-16 14:00:00+05:30,5828.5,5833.0,5822.0,5829.0,2609
2026-01-16 14:15:00+05:30,5829.0,5831.0,5818.0,5825.5,3364
2026-01-16 14:30:00+05:30,5827.0,5833.0,5821.5,5829.0,5046
2026-01-16 14:45:00+05:30,5829.0,5842.0,5826.0,5837.5,7898
2026-01-16 15:00:00+05:30,5833.0,5843.0,5832.5,5839.0,7588
2026-01-16 15:15:00+05:30,5839.0,5842.5,5830.0,5840.0,11789
2026-01-19 09:15:00+05:30,5835.0,5844.5,5795.5,5803.0,10075
2026-01-19 09:30:00+05:30,5807.0,5811.5,5763.5,5767.5,3481
2026-01-19 09:45:00+05:30,5767.5,5776.5,5755.5,5766.0,1890
2026-01-19 10:00:00+05:30,5769.0,5776.0,5744.5,5770.5,4592
2026-01-19 10:15:00+05:30,5770.5,5774.0,5743.5,5744.0,1292
2026-01-19 10:30:00+05:30,5744.0,5753.0,5724.0,5736.0,2876
2026-01-19 10:45:00+05:30,5735.5,5745.5,5727.5,5737.0,1184
2026-01-19 11:00:00+05:30,5737.0,5739.0,5720.0,5727.0,3196
2026-01-19 11:15:00+05:30,5727.0,5733.5,5716.0,5729.5,1539
2026-01-19 11:30:00+05:30,5729.5,5744.0,5720.0,5743.0,1671
2026-01-19 11:45:00+05:30,5743.0,5743.0,5720.0,5725.5,2322
2026-01-19 12:00:00+05:30,5725.5,5736.5,5725.0,5733.0,1190
2026-01-19 12:15:00+05:30,5733.0,5733.0,5718.0,5727.0,3329
2026-01-19 12:30:00+05:30,5727.0,5729.0,5724.0,5727.0,3226
2026-01-19 12:45:00+05:30,5727.0,5740.5,5727.0,5731.0,1486
2026-01-19 13:00:00+05:30,5731.0,5734.0,5726.0,5726.0,1474
2026-01-19 13:15:00+05:30,5726.0,5732.0,5723.0,5729.0,3720
2026-01-19 13:30:00+05:30,5725.5,5730.5,5718.0,5730.5,5305
2026-01-19 13:45:00+05:30,5730.5,5738.0,5725.0,5737.5,2573
2026-01-19 14:00:00+05:30,5737.5,5740.0,5702.0,5709.5,5905
2026-01-19 14:15:00+05:30,5709.0,5726.5,5699.0,5717.0,21394
2026-01-19 14:30:00+05:30,5717.0,5735.5,5716.0,5735.5,8229
2026-01-19 14:45:00+05:30,5737.0,5767.0,5735.5,5755.0,6684
2026-01-19 15:00:00+05:30,5755.0,5765.0,5742.0,5743.5,13053
2026-01-19 15:15:00+05:30,5747.0,5755.0,5725.0,5725.0,16597
2026-01-20 09:15:00+05:30,5745.0,5760.0,5714.5,5718.5,8961
2026-01-20 09:30:00+05:30,5718.5,5744.5,5711.5,5726.5,2473
2026-01-20 09:45:00+05:30,5726.0,5736.5,5707.5,5736.5,5429
2026-01-20 10:00:00+05:30,5736.5,5745.5,5730.0,5739.5,2214
2026-01-20 10:15:00+05:30,5737.5,5737.5,5713.5,5725.5,749
2026-01-20 10:30:00+05:30,5725.5,5784.0,5725.5,5769.5,50778
2026-01-20 10:45:00+05:30,5769.5,5785.0,5766.0,5780.0,1308
2026-01-20 11:00:00+05:30,5781.5,5781.5,5750.5,5753.5,2280
2026-01-20 11:15:00+05:30,5753.5,5759.5,5746.5,5748.0,1632
2026-01-20 11:30:00+05:30,5748.0,5750.5,5728.5,5731.5,745
2026-01-20 11:45:00+05:30,5731.5,5731.5,5712.0,5715.0,1560
2026-01-20 12:00:00+05:30,5715.0,5725.5,5705.5,5725.0,1561
2026-01-20 12:15:00+05:30,5725.0,5732.0,5721.0,5725.0,2703
2026-01-20 12:30:00+05:30,5725.5,5728.0,5723.5,5727.0,2780
2026-01-20 12:45:00+05:30,5727.0,5737.0,5722.0,5735.5,5931
2026-01-20 13:00:00+05:30,5735.5,5738.5,5724.0,5729.5,672
2026-01-20 13:15:00+05:30,5729.5,5732.0,5723.0,5726.0,562
2026-01-20 13:30:00+05:30,5726.0,5728.0,5720.5,5726.0,4366
2026-01-20 13:45:00+05:30,5726.0,5726.0,5722.0,5725.0,7258
2026-01-20 14:00:00+05:30,5727.5,5735.0,5719.0,5731.0,2397
2026-01-20 14:15:00+05:30,5733.0,5735.0,5723.5,5728.5,1434
2026-01-20 14:30:00+05:30,5728.5,5740.5,5723.0,5736.0,1541
2026-01-20 14:45:00+05:30,5732.5,5738.0,5731.0,5731.0,2971
2026-01-20 15:00:00+05:30,5731.0,5731.0,5717.0,5722.5,30195
2026-01-20 15:15:00+05:30,5714.0,5714.0,5670.5,5673.0,4813
2026-01-21 09:15:00+05:30,5680.5,5769.0,5680.5,5725.0,13307
2026-01-21 09:30:00+05:30,5724.0,5755.0,5715.5,5725.0,6932
2026-01-21 09:45:00+05:30,5725.0,5736.0,5710.0,5718.5,1780
2026-01-21 10:00:00+05:30,5718.5,5734.0,5716.5,5722.0,1273
2026-01-21 10:15:00+05:30,5718.5,5724.0,5691.5,5699.5,2988
2026-01-21 10:30:00+05:30,5699.5,5702.0,5645.0,5647.5,2942
2026-01-21 10:45:00+05:30,5647.5,5651.5,5614.0,5634.5,2358
2026-01-21 11:00:00+05:30,5634.5,5647.0,5634.0,5641.0,931
2026-01-21 11:15:00+05:30,5641.0,5655.0,5637.0,5649.5,2421
2026-01-21 11:30:00+05:30,5649.5,5661.5,5646.5,5647.0,4075
2026-01-21 11:45:00+05:30,5647.0,5650.0,5626.5,5632.5,1217
2026-01-21 12:00:00+05:30,5627.0,5660.0,5627.0,5650.0,2012
2026-01-21 12:15:00+05:30,5650.0,5657.5,5637.5,5637.5,811
2026-01-21 12:30:00+05:30,5637.5,5651.5,5637.5,5650.0,355
2026-01-21 12:45:00+05:30,5650.0,5664.5,5645.5,5659.0,1212
2026-01-21 13:00:00+05:30,5659.0,5660.5,5646.5,5647.0,1215
2026-01-21 13:15:00+05:30,5647.0,5655.5,5634.0,5637.5,1020
2026-01-21 13:30:00+05:30,5637.5,5637.5,5625.0,5626.0,632
2026-01-21 13:45:00+05:30,5626.0,5626.0,5595.0,5604.0,2162
2026-01-21 14:00:00+05:30,5603.5,5609.0,5587.0,5587.0,1571
2026-01-21 14:15:00+05:30,5587.0,5618.5,5586.5,5609.5,2887
2026-01-21 14:30:00+05:30,5609.5,5637.0,5609.5,5634.0,3396
2026-01-21 14:45:00+05:30,5634.0,5647.5,5631.0,5647.5,3650
2026-01-21 15:00:00+05:30,5642.0,5664.0,5642.0,5657.5,8202
2026-01-21 15:15:00+05:30,5657.5,5664.0,5630.0,5630.0,7330
2026-01-22 09:15:00+05:30,5680.5,5711.5,5655.0,5703.5,2979
2026-01-22 09:30:00+05:30,5705.0,5722.5,5700.0,5702.5,2547
2026-01-22 09:45:00+05:30,5702.5,5729.5,5702.0,5714.5,1368
2026-01-22 10:00:00+05:30,5722.5,5745.5,5722.5,5727.0,6951
2026-01-22 10:15:00+05:30,5727.0,5733.0,5721.5,5728.5,954
2026-01-22 10:30:00+05:30,5728.5,5747.0,5722.0,5746.5,836
2026-01-22 10:45:00+05:30,5746.5,5757.5,5721.0,5730.0,54911
2026-01-22 11:00:00+05:30,5732.5,5747.0,5726.0,5731.0,53438
2026-01-22 11:15:00+05:30,5731.0,5740.0,5729.5,5737.0,1049
2026-01-22 11:30:00+05:30,5737.0,5740.0,5725.5,5725.5,9419
2026-01-22 11:45:00+05:30,5725.5,5734.5,5724.5,5731.0,18836
2026-01-22 12:00:00+05:30,5731.0,5735.5,5728.0,5734.0,5493
2026-01-22 12:15:00+05:30,5736.0,5740.0,5729.0,5733.5,1378
2026-01-22 12:30:00+05:30,5732.5,5736.0,5723.0,5733.5,9658
2026-01-22 12:45:00+05:30,5736.0,5736.0,5727.0,5731.0,8156
2026-01-22 13:00:00+05:30,5731.0,5731.0,5712.0,5725.5,4631
2026-01-22 13:15:00+05:30,5725.5,5729.0,5721.5,5723.5,10696
2026-01-22 13:30:00+05:30,5727.0,5729.0,5724.0,5727.5,1884
2026-01-22 13:45:00+05:30,5727.5,5731.0,5723.0,5731.0,1582
2026-01-22 14:00:00+05:30,5731.0,5733.0,5727.5,5731.0,5691
2026-01-22 14:15:00+05:30,5731.0,5733.5,5726.5,5731.5,3509
2026-01-22 14:30:00+05:30,5731.5,5740.0,5725.5,5731.5,4349
2026-01-22 14:45:00+05:30,5731.5,5754.5,5727.0,5754.5,5411
2026-01-22 15:00:00+05:30,5754.5,5755.5,5737.5,5745.5,10097
2026-01-22 15:15:00+05:30,5745.5,5784.5,5741.0,5744.5,21935
2026-01-23 09:15:00+05:30,5785.0,5808.5,5745.5,5799.0,3334
2026-01-23 09:30:00+05:30,5799.0,5801.5,5787.0,5797.0,1806
2026-01-23 09:45:00+05:30,5795.0,5801.0,5785.0,5794.0,3203
2026-01-23 10:00:00+05:30,5794.0,5797.0,5784.5,5794.5,2634
2026-01-23 10:15:00+05:30,5794.5,5800.0,5787.0,5795.5,1211
2026-01-23 10:30:00+05:30,5795.5,5809.0,5790.0,5800.5,4983
2026-01-23 10:45:00+05:30,5800.0,5807.0,5781.5,5794.5,8784
2026-01-23 11:00:00+05:30,5794.5,5796.5,5791.5,5796.0,704
2026-01-23 11:15:00+05:30,5796.0,5811.5,5794.5,5805.0,2629
2026-01-23 11:30:00+05:30,5805.0,5807.0,5783.0,5786.5,1525
2026-01-23 11:45:00+05:30,5786.5,5795.5,5782.5,5788.0,791
2026-01-23 12:00:00+05:30,5788.0,5794.5,5773.0,5773.0,1439
2026-01-23 12:15:00+05:30,5773.0,5792.5,5771.0,5785.5,1821
2026-01-23 12:30:00+05:30,5781.5,5793.5,5773.0,5793.0,3366
2026-01-23 12:45:00+05:30,5793.0,5794.0,5786.0,5786.0,1336
2026-01-23 13:00:00+05:30,5786.0,5793.5,5770.5,5775.5,1492
2026-01-23 13:15:00+05:30,5775.5,5789.0,5775.5,5780.5,4151
2026-01-23 13:30:00+05:30,5780.5,5782.5,5746.5,5752.0,4406
2026-01-23 13:45:00+05:30,5752.0,5773.5,5743.5,5754.0,4466
2026-01-23 14:00:00+05:30,5753.0,5775.0,5749.5,5770.0,1564
2026-01-23 14:15:00+05:30,5770.0,5785.5,5766.5,5775.0,1806
2026-01-23 14:30:00+05:30,5775.0,5778.5,5761.0,5771.0,2749
2026-01-23 14:45:00+05:30,5771.0,5777.0,5758.0,5765.0,2759
2026-01-23 15:00:00+05:30,5769.0,5775.0,5740.0,5744.0,6187
2026-01-23 15:15:00+05:30,5744.0,5756.5,5724.0,5749.0,8129
2026-01-27 09:15:00+05:30,5812.5,5812.5,5714.0,5771.5,8151
2026-01-27 09:30:00+05:30,5766.0,5788.5,5753.0,5788.0,3403
2026-01-27 09:45:00+05:30,5785.5,5800.0,5768.5,5780.0,3433
2026-01-27 10:00:00+05:30,5782.5,5782.5,5754.5,5774.0,2200
2026-01-27 10:15:00+05:30,5775.0,5777.5,5767.0,5770.0,1563
2026-01-27 10:30:00+05:30,5770.5,5778.5,5764.0,5767.0,3964
2026-01-27 10:45:00+05:30,5767.0,5781.0,5764.0,5775.0,5899
2026-01-27 11:00:00+05:30,5774.0,5783.0,5771.5,5775.0,6323
2026-01-27 11:15:00+05:30,5775.0,5779.5,5762.5,5769.0,1405
2026-01-27 11:30:00+05:30,5769.0,5780.0,5765.0,5779.0,1803
2026-01-27 11:45:00+05:30,5779.0,5780.0,5763.5,5771.0,2256
2026-01-27 12:00:00+05:30,5771.0,5774.0,5752.5,5755.0,2795
2026-01-27 12:15:00+05:30,5755.0,5760.0,5743.0,5759.0,2445
2026-01-27 12:30:00+05:30,5759.0,5762.0,5754.5,5760.5,2667
2026-01-27 12:45:00+05:30,5760.5,5760.5,5754.5,5760.0,2001
2026-01-27 13:00:00+05:30,5760.0,5760.5,5740.5,5752.0,3610
2026-01-27 13:15:00+05:30,5752.0,5752.0,5740.5,5746.5,3134
2026-01-27 13:30:00+05:30,5746.5,5747.5,5737.0,5740.0,1989
2026-01-27 13:45:00+05:30,5740.0,5745.0,5728.5,5733.0,3688
2026-01-27 14:00:00+05:30,5733.0,5733.0,5716.5,5722.0,1458
2026-01-27 14:15:00+05:30,5722.0,5730.0,5707.0,5713.5,1990
2026-01-27 14:30:00+05:30,5713.5,5746.0,5710.5,5746.0,2176
2026-01-27 14:45:00+05:30,5746.0,5747.5,5738.0,5742.5,2402
2026-01-27 15:00:00+05:30,5744.0,5751.0,5741.0,5750.0,9824
2026-01-27 15:15:00+05:30,5750.0,5770.0,5734.0,5755.0,18471
2026-01-28 09:15:00+05:30,5748.5,5789.5,5748.0,5780.0,3143
2026-01-28 09:30:00+05:30,5777.0,5784.0,5760.5,5766.5,103619
2026-01-28 09:45:00+05:30,5766.5,5767.5,5752.0,5763.5,1745
2026-01-28 10:00:00+05:30,5763.5,5763.5,5752.0,5752.0,1106
2026-01-28 10:15:00+05:30,5752.0,5761.5,5744.5,5749.5,949
2026-01-28 10:30:00+05:30,5749.5,5755.5,5723.0,5737.5,5154
2026-01-28 10:45:00+05:30,5737.5,5744.5,5731.0,5739.0,2441
2026-01-28 11:00:00+05:30,5740.5,5742.5,5723.0,5723.0,1562
2026-01-28 11:15:00+05:30,5723.0,5727.5,5698.5,5698.5,2368
2026-01-28 11:30:00+05:30,5699.5,5723.5,5690.0,5700.5,3076
2026-01-28 11:45:00+05:30,5700.5,5711.0,5696.0,5704.0,1732
2026-01-28 12:00:00+05:30,5704.0,5714.5,5698.5,5700.0,2068
2026-01-28 12:15:00+05:30,5700.0,5700.0,5682.5,5684.5,2004
2026-01-28 12:30:00+05:30,5683.5,5703.0,5682.5,5700.0,2507
2026-01-28 12:45:00+05:30,5695.5,5699.5,5661.0,5662.5,5167
2026-01-28 13:00:00+05:30,5662.5,5673.5,5653.5,5669.5,2232
2026-01-28 13:15:00+05:30,5669.5,5679.0,5661.0,5664.5,785
2026-01-28 13:30:00+05:30,5664.5,5667.5,5660.0,5667.0,1935
2026-01-28 13:45:00+05:30,5667.0,5673.0,5650.5,5672.5,3375
2026-01-28 14:00:00+05:30,5672.5,5694.5,5671.5,5680.0,2064
2026-01-28 14:15:00+05:30,5678.0,5688.5,5676.0,5685.5,1101
2026-01-28 14:30:00+05:30,5683.5,5689.5,5678.5,5685.5,877
2026-01-28 14:45:00+05:30,5685.5,5702.5,5667.0,5699.5,2608
2026-01-28 15:00:00+05:30,5701.5,5728.5,5699.5,5724.0,7431
2026-01-28 15:15:00+05:30,5723.0,5740.0,5716.0,5720.0,7539
2026-01-29 09:15:00+05:30,5750.0,5750.0,5678.5,5686.5,6085
2026-01-29 09:30:00+05:30,5681.5,5691.0,5648.0,5662.0,5052
2026-01-29 09:45:00+05:30,5660.5,5666.0,5644.0,5653.5,1598
2026-01-29 10:00:00+05:30,5653.5,5654.0,5629.5,5633.0,718
2026-01-29 10:15:00+05:30,5633.0,5648.5,5613.5,5648.5,1617
2026-01-29 10:30:00+05:30,5651.5,5667.0,5648.0,5659.0,1612
2026-01-29 10:45:00+05:30,5659.0,5663.0,5651.0,5653.0,1379
2026-01-29 11:00:00+05:30,5653.0,5676.5,5653.0,5660.0,1192
2026-01-29 11:15:00+05:30,5662.0,5674.5,5652.0,5659.5,1130
2026-01-29 11:30:00+05:30,5659.5,5676.0,5659.5,5672.0,1239
2026-01-29 11:45:00+05:30,5670.0,5672.0,5660.0,5666.0,684
2026-01-29 12:00:00+05:30,5665.0,5670.5,5658.5,5664.5,916
2026-01-29 12:15:00+05:30,5664.5,5666.5,5645.0,5645.0,912
2026-01-29 12:30:00+05:30,5645.0,5656.5,5645.0,5645.0,829
2026-01-29 12:45:00+05:30,5645.0,5654.5,5642.5,5648.0,982
2026-01-29 13:00:00+05:30,5648.0,5665.0,5645.5,5664.5,2002
2026-01-29 13:15:00+05:30,5664.5,5665.0,5657.0,5657.0,1339
2026-01-29 13:30:00+05:30,5657.0,5678.5,5657.0,5677.0,1245
2026-01-29 13:45:00+05:30,5677.0,5692.5,5675.5,5685.0,1575
2026-01-29 14:00:00+05:30,5685.0,5695.0,5679.5,5690.5,1482
2026-01-29 14:15:00+05:30,5694.0,5698.5,5685.0,5696.0,2066
2026-01-29 14:30:00+05:30,5696.0,5704.5,5689.0,5697.0,3480
2026-01-29 14:45:00+05:30,5697.0,5720.0,5686.0,5713.0,4983
2026-01-29 15:00:00+05:30,5720.5,5728.5,5702.5,5702.5,10553
2026-01-29 15:15:00+05:30,5704.0,5720.0,5696.5,5713.0,9671
2026-01-30 09:15:00+05:30,5690.0,5690.0,5640.0,5675.0,9816
2026-01-30 09:30:00+05:30,5675.0,5728.0,5657.0,5723.5,11038
2026-01-30 09:45:00+05:30,5723.5,5750.0,5723.5,5723.5,3392
2026-01-30 10:00:00+05:30,5723.5,5723.5,5683.5,5699.5,2549
2026-01-30 10:15:00+05:30,5699.5,5701.5,5687.0,5695.0,1012
2026-01-30 10:30:00+05:30,5695.0,5700.0,5695.0,5700.0,1371
2026-01-30 10:45:00+05:30,5700.0,5701.5,5693.0,5693.0,6484
2026-01-30 11:00:00+05:30,5693.0,5697.0,5676.0,5682.0,2920
2026-01-30 11:15:00+05:30,5679.5,5697.5,5668.5,5687.5,1578
2026-01-30 11:30:00+05:30,5688.5,5695.0,5673.5,5678.5,1910
2026-01-30 11:45:00+05:30,5678.5,5680.0,5670.0,5670.0,1014
2026-01-30 12:00:00+05:30,5670.0,5683.5,5668.0,5683.5,676
2026-01-30 12:15:00+05:30,5683.5,5685.5,5672.5,5678.0,833
2026-01-30 12:30:00+05:30,5678.0,5681.0,5670.0,5675.5,751
2026-01-30 12:45:00+05:30,5675.5,5683.0,5673.0,5678.0,783
2026-01-30 13:00:00+05:30,5678.0,5679.0,5651.0,5658.0,1404
2026-01-30 13:15:00+05:30,5658.0,5661.5,5651.5,5655.5,1604
2026-01-30 13:30:00+05:30,5655.5,5672.5,5653.5,5671.0,3390
2026-01-30 13:45:00+05:30,5671.0,5677.5,5663.0,5676.5,1346
2026-01-30 14:00:00+05:30,5676.5,5694.0,5670.5,5692.0,21317
2026-01-30 14:15:00+05:30,5692.0,5692.5,5674.5,5678.0,5420
2026-01-30 14:30:00+05:30,5678.5,5694.5,5674.0,5682.5,7751
2026-01-30 14:45:00+05:30,5682.5,5703.0,5681.5,5694.5,18721
2026-01-30 15:00:00+05:30,5694.5,5696.0,5662.0,5664.5,28967
2026-01-30 15:15:00+05:30,5664.0,5689.5,5655.5,5655.5,24452
2026-02-01 09:15:00+05:30,5690.0,5707.5,5651.0,5652.0,3109
2026-02-01 09:30:00+05:30,5652.0,5656.5,5650.0,5655.0,299
2026-02-01 09:45:00+05:30,5655.0,5659.5,5641.5,5651.5,1435
2026-02-01 10:00:00+05:30,5651.5,5659.0,5647.0,5649.5,391
2026-02-01 10:15:00+05:30,5649.5,5649.5,5633.5,5643.5,559
2026-02-01 10:30:00+05:30,5643.5,5643.5,5614.5,5625.0,566
2026-02-01 10:45:00+05:30,5627.0,5627.5,5614.5,5621.0,602
2026-02-01 11:00:00+05:30,5621.0,5655.0,5617.0,5637.0,438
2026-02-01 11:15:00+05:30,5637.0,5641.0,5626.5,5637.0,296
2026-02-01 11:30:00+05:30,5637.0,5637.0,5627.0,5632.5,281
2026-02-01 11:45:00+05:30,5632.5,5633.5,5627.0,5633.0,200
2026-02-01 12:00:00+05:30,5633.0,5633.0,5598.5,5602.0,1027
2026-02-01 12:15:00+05:30,5602.0,5602.0,5552.0,5561.0,909
2026-02-01 12:30:00+05:30,5561.0,5570.0,5506.0,5565.0,6336
2026-02-01 12:45:00+05:30,5565.0,5607.0,5550.5,5597.5,968
2026-02-01 13:00:00+05:30,5597.5,5610.0,5594.0,5610.0,499
2026-02-01 13:15:00+05:30,5610.0,5617.0,5606.0,5617.0,1145
2026-02-01 13:30:00+05:30,5617.0,5617.5,5591.5,5608.5,886
2026-02-01 13:45:00+05:30,5608.5,5629.5,5606.5,5620.0,761
2026-02-01 14:00:00+05:30,5620.0,5620.0,5605.5,5611.5,367
2026-02-01 14:15:00+05:30,5611.5,5618.0,5608.5,5618.0,14
2026-02-01 14:30:00+05:30,5618.0,5618.0,5599.0,5603.5,104
2026-02-01 14:45:00+05:30,5603.5,5603.5,5563.5,5565.5,176
2026-02-01 15:00:00+05:30,5569.0,5576.0,5558.5,5560.5,397
2026-02-01 15:15:00+05:30,5560.5,5595.0,5550.0,5590.0,2205
2026-02-02 09:15:00+05:30,5616.0,5616.0,5535.0,5562.0,4591
2026-02-02 09:30:00+05:30,5562.0,5584.5,5550.5,5550.5,1508
2026-02-02 09:45:00+05:30,5553.5,5554.5,5521.0,5525.5,3031
2026-02-02 10:00:00+05:30,5525.5,5538.0,5520.0,5530.5,1164
2026-02-02 10:15:00+05:30,5530.5,5531.5,5508.5,5510.0,1098
2026-02-02 10:30:00+05:30,5510.5,5519.5,5508.0,5510.0,473
2026-02-02 10:45:00+05:30,5509.5,5509.5,5480.5,5485.0,1372
2026-02-02 11:00:00+05:30,5485.0,5486.5,5455.0,5461.5,2721
2026-02-02 11:15:00+05:30,5461.5,5461.5,5421.5,5434.0,3976
2026-02-02 11:30:00+05:30,5434.0,5461.5,5427.5,5459.0,3966
2026-02-02 11:45:00+05:30,5462.5,5462.5,5425.0,5431.0,5148
2026-02-02 12:00:00+05:30,5431.0,5432.5,5418.5,5424.0,1169
2026-02-02 12:15:00+05:30,5424.0,5430.0,5418.5,5421.5,1053
2026-02-02 12:30:00+05:30,5421.5,5421.5,5406.0,5413.0,1436
2026-02-02 12:45:00+05:30,5413.0,5428.5,5409.0,5421.5,1283
2026-02-02 13:00:00+05:30,5421.5,5436.5,5415.5,5434.5,1554
2026-02-02 13:15:00+05:30,5434.0,5455.0,5427.5,5455.0,2079
2026-02-02 13:30:00+05:30,5456.5,5477.5,5449.5,5456.5,2255
2026-02-02 13:45:00+05:30,5456.5,5463.5,5445.0,5452.5,35976
2026-02-02 14:00:00+05:30,5452.5,5463.0,5450.0,5454.0,1130
2026-02-02 14:15:00+05:30,5454.0,5476.5,5454.0,5462.5,12592
2026-02-02 14:30:00+05:30,5462.5,5470.5,5452.0,5457.0,8740
2026-02-02 14:45:00+05:30,5457.0,5498.0,5456.0,5488.0,10408
2026-02-02 15:00:00+05:30,5495.5,5520.5,5495.5,5516.5,9348
2026-02-02 15:15:00+05:30,5516.5,5549.0,5515.0,5530.0,10980
2026-02-03 09:15:00+05:30,5714.0,5727.0,5628.0,5660.5,16331
2026-02-03 09:30:00+05:30,5660.5,5670.0,5652.5,5661.0,3730
2026-02-03 09:45:00+05:30,5661.0,5685.0,5656.0,5685.0,9551
2026-02-03 10:00:00+05:30,5684.5,5700.5,5654.5,5664.0,4701
2026-02-03 10:15:00+05:30,5664.0,5672.5,5663.5,5669.5,2580
2026-02-03 10:30:00+05:30,5669.5,5721.5,5665.0,5713.5,19670
2026-02-03 10:45:00+05:30,5716.5,5718.5,5694.0,5708.0,3616
2026-02-03 11:00:00+05:30,5707.5,5720.0,5704.0,5706.5,2836
2026-02-03 11:15:00+05:30,5706.5,5706.5,5686.0,5697.5,6210
2026-02-03 11:30:00+05:30,5697.5,5711.0,5697.0,5701.0,6846
2026-02-03 11:45:00+05:30,5701.0,5707.0,5700.0,5704.0,6735
2026-02-03 12:00:00+05:30,5704.0,5709.5,5696.5,5703.0,7554
2026-02-03 12:15:00+05:30,5701.0,5720.0,5700.0,5712.5,3136
2026-02-03 12:30:00+05:30,5712.5,5738.5,5712.5,5735.5,2735
2026-02-03 12:45:00+05:30,5735.5,5747.0,5726.0,5730.5,4584
2026-02-03 13:00:00+05:30,5730.5,5743.0,5730.5,5735.0,2591
2026-02-03 13:15:00+05:30,5735.0,5736.0,5706.5,5707.0,4158
2026-02-03 13:30:00+05:30,5707.5,5715.0,5686.5,5695.0,4932
2026-02-03 13:45:00+05:30,5695.0,5702.0,5690.5,5699.0,3388
2026-02-03 14:00:00+05:30,5699.0,5715.0,5690.5,5713.0,5600
2026-02-03 14:15:00+05:30,5713.0,5716.0,5709.0,5713.0,14248
2026-02-03 14:30:00+05:30,5713.0,5715.0,5700.0,5710.0,6171
2026-02-03 14:45:00+05:30,5710.0,5711.5,5703.5,5708.5,10162
2026-02-03 15:00:00+05:30,5708.5,5721.0,5693.5,5701.0,10930
2026-02-03 15:15:00+05:30,5700.5,5711.5,5688.5,5695.0,12657
2026-02-04 09:15:00+05:30,5678.0,5719.5,5651.0,5677.0,3925
2026-02-04 09:30:00+05:30,5677.0,5718.5,5677.0,5718.0,1450
2026-02-04 09:45:00+05:30,5718.0,5728.0,5697.5,5699.0,868
2026-02-04 10:00:00+05:30,5699.0,5699.0,5672.0,5677.5,5291
2026-02-04 10:15:00+05:30,5677.5,5680.0,5659.0,5659.0,8052
2026-02-04 10:30:00+05:30,5659.0,5669.0,5636.5,5644.5,2188
2026-02-04 10:45:00+05:30,5646.0,5660.5,5645.5,5658.0,1600
2026-02-04 11:00:00+05:30,5658.0,5663.5,5652.5,5656.0,1623
2026-02-04 11:15:00+05:30,5656.0,5656.0,5638.5,5646.0,1574
2026-02-04 11:30:00+05:30,5646.0,5677.0,5638.5,5677.0,2267
2026-02-04 11:45:00+05:30,5677.0,5679.5,5664.5,5673.0,2710
2026-02-04 12:00:00+05:30,5673.0,5679.5,5668.5,5674.0,1637
2026-02-04 12:15:00+05:30,5674.0,5681.5,5672.0,5680.0,1743
2026-02-04 12:30:00+05:30,5680.0,5680.5,5672.0,5678.5,1746
2026-02-04 12:45:00+05:30,5678.0,5680.5,5677.0,5679.0,2032
2026-02-04 13:00:00+05:30,5679.0,5680.0,5672.5,5673.5,820
2026-02-04 13:15:00+05:30,5673.5,5681.5,5669.0,5681.5,1853
2026-02-04 13:30:00+05:30,5681.5,5686.0,5675.0,5678.5,1894
2026-02-04 13:45:00+05:30,5678.5,5680.5,5675.5,5676.0,1103
2026-02-04 14:00:00+05:30,5676.0,5676.0,5661.0,5663.5,4118
2026-02-04 14:15:00+05:30,5663.5,5665.0,5659.0,5661.5,2042
2026-02-04 14:30:00+05:30,5661.5,5665.0,5660.0,5662.0,1991
2026-02-04 14:45:00+05:30,5662.0,5665.5,5655.0,5663.5,3600
2026-02-04 15:00:00+05:30,5665.0,5666.0,5650.0,5653.5,11980
2026-02-04 15:15:00+05:30,5652.5,5663.0,5635.0,5660.0,10405
2026-02-05 09:15:00+05:30,5650.5,5672.0,5605.0,5613.0,2612
2026-02-05 09:30:00+05:30,5613.0,5619.5,5591.0,5591.0,2386
2026-02-05 09:45:00+05:30,5591.0,5596.5,5584.5,5594.5,1017
2026-02-05 10:00:00+05:30,5594.5,5607.0,5592.5,5607.0,548
2026-02-05 10:15:00+05:30,5607.0,5661.5,5605.5,5657.5,4638
2026-02-05 10:30:00+05:30,5655.5,5665.0,5655.5,5659.0,864
2026-02-05 10:45:00+05:30,5661.0,5686.5,5660.0,5683.0,1423
2026-02-05 11:00:00+05:30,5684.0,5685.0,5650.0,5650.0,8701
2026-02-05 11:15:00+05:30,5651.5,5662.5,5649.0,5660.0,747
2026-02-05 11:30:00+05:30,5660.0,5662.0,5655.5,5661.0,329
2026-02-05 11:45:00+05:30,5661.0,5663.5,5646.5,5651.0,698
2026-02-05 12:00:00+05:30,5651.0,5651.5,5639.0,5639.5,529
2026-02-05 12:15:00+05:30,5641.5,5660.0,5639.5,5660.0,410
2026-02-05 12:30:00+05:30,5660.0,5663.5,5655.0,5663.5,401
2026-02-05 12:45:00+05:30,5663.5,5665.0,5648.0,5650.0,1334
2026-02-05 13:00:00+05:30,5650.0,5652.0,5646.0,5650.0,4365
2026-02-05 13:15:00+05:30,5650.0,5655.0,5646.0,5647.0,9854
2026-02-05 13:30:00+05:30,5647.0,5684.5,5645.5,5668.0,18654
2026-02-05 13:45:00+05:30,5668.5,5674.5,5657.5,5672.5,11826
2026-02-05 14:00:00+05:30,5672.5,5699.0,5668.5,5680.0,4959
2026-02-05 14:15:00+05:30,5680.0,5681.0,5667.5,5673.5,4054
2026-02-05 14:30:00+05:30,5673.5,5677.0,5668.0,5671.0,7307
2026-02-05 14:45:00+05:30,5671.0,5672.5,5666.5,5669.0,3404
2026-02-05 15:00:00+05:30,5673.5,5675.5,5659.0,5665.0,9039
2026-02-05 15:15:00+05:30,5665.0,5665.0,5649.0,5649.0,7970
2026-02-06 09:15:00+05:30,5683.0,5694.5,5586.0,5587.0,3937
2026-02-06 09:30:00+05:30,5587.0,5604.0,5580.5,5587.5,905
2026-02-06 09:45:00+05:30,5587.5,5607.0,5587.5,5595.5,753
2026-02-06 10:00:00+05:30,5595.5,5599.5,5580.0,5580.5,2438
2026-02-06 10:15:00+05:30,5584.5,5614.5,5569.0,5609.0,2782
2026-02-06 10:30:00+05:30,5609.0,5613.5,5600.0,5600.0,1329
2026-02-06 10:45:00+05:30,5600.0,5606.5,5600.0,5603.0,1242
2026-02-06 11:00:00+05:30,5602.5,5619.0,5600.0,5619.0,731
2026-02-06 11:15:00+05:30,5619.0,5631.5,5608.5,5626.0,3268
2026-02-06 11:30:00+05:30,5626.0,5652.0,5621.5,5642.5,1288
2026-02-06 11:45:00+05:30,5642.5,5645.0,5628.0,5630.0,535
2026-02-06 12:00:00+05:30,5632.0,5643.5,5626.5,5634.5,1134
2026-02-06 12:15:00+05:30,5634.5,5654.5,5633.0,5646.0,656
2026-02-06 12:30:00+05:30,5646.0,5652.5,5646.0,5648.0,407
2026-02-06 12:45:00+05:30,5648.0,5651.5,5644.0,5648.0,484
2026-02-06 13:00:00+05:30,5648.5,5650.0,5640.0,5645.0,322
2026-02-06 13:15:00+05:30,5645.0,5650.0,5643.0,5643.0,967
2026-02-06 13:30:00+05:30,5643.0,5666.5,5643.0,5666.0,8841
2026-02-06 13:45:00+05:30,5668.5,5679.0,5661.5,5670.0,1190
2026-02-06 14:00:00+05:30,5670.0,5679.5,5668.5,5674.0,455
2026-02-06 14:15:00+05:30,5674.0,5681.0,5672.5,5677.0,721
2026-02-06 14:30:00+05:30,5676.5,5678.0,5664.5,5676.5,632
2026-02-06 14:45:00+05:30,5673.0,5678.0,5668.5,5674.5,678
2026-02-06 15:00:00+05:30,5675.0,5695.5,5674.5,5693.0,11575
2026-02-06 15:15:00+05:30,5693.0,5706.0,5587.0,5587.5,5339
2026-02-09 09:15:00+05:30,5699.5,5741.0,5670.0,5735.5,7398
2026-02-09 09:30:00+05:30,5739.5,5765.0,5721.0,5740.0,5285
2026-02-09 09:45:00+05:30,5736.0,5741.5,5728.0,5736.0,821
2026-02-09 10:00:00+05:30,5736.0,5749.0,5731.5,5746.5,1463
2026-02-09 10:15:00+05:30,5746.5,5754.5,5744.0,5752.0,951
2026-02-09 10:30:00+05:30,5752.0,5770.0,5745.5,5765.5,3334
2026-02-09 10:45:00+05:30,5765.5,5794.0,5765.0,5779.0,3619
2026-02-09 11:00:00+05:30,5779.0,5789.0,5764.5,5764.5,1306
2026-02-09 11:15:00+05:30,5764.5,5768.5,5734.5,5740.5,3156
2026-02-09 11:30:00+05:30,5740.5,5756.5,5740.0,5756.5,63153
2026-02-09 11:45:00+05:30,5756.5,5756.5,5735.0,5742.5,21885
2026-02-09 12:00:00+05:30,5741.5,5774.0,5741.0,5771.0,8864
2026-02-09 12:15:00+05:30,5771.0,5774.0,5755.0,5761.0,2551
2026-02-09 12:30:00+05:30,5762.5,5767.5,5744.0,5763.0,2036
2026-02-09 12:45:00+05:30,5763.0,5778.0,5762.0,5778.0,888
2026-02-09 13:00:00+05:30,5776.0,5786.0,5773.0,5779.5,1311
2026-02-09 13:15:00+05:30,5779.5,5793.5,5771.0,5786.0,1549
2026-02-09 13:30:00+05:30,5786.0,5800.0,5786.0,5792.0,2220
2026-02-09 13:45:00+05:30,5792.0,5792.0,5750.0,5754.0,8540
2026-02-09 14:00:00+05:30,5754.0,5756.5,5740.5,5743.5,11392
2026-02-09 14:15:00+05:30,5744.5,5751.0,5743.0,5748.0,8158
2026-02-09 14:30:00+05:30,5745.0,5746.0,5736.0,5740.0,1664
2026-02-09 14:45:00+05:30,5736.0,5760.0,5733.5,5757.0,18784
2026-02-09 15:00:00+05:30,5764.0,5766.0,5741.5,5745.0,21342
2026-02-09 15:15:00+05:30,5745.5,5748.5,5736.0,5736.0,25531
2026-02-10 09:15:00+05:30,5750.0,5779.0,5733.0,5778.0,3311
2026-02-10 09:30:00+05:30,5778.0,5793.5,5771.5,5786.0,997
2026-02-10 09:45:00+05:30,5784.5,5789.5,5774.0,5776.5,1332
2026-02-10 10:00:00+05:30,5776.5,5791.0,5774.5,5783.0,707
2026-02-10 10:15:00+05:30,5779.0,5784.5,5760.0,5760.0,1944
2026-02-10 10:30:00+05:30,5760.0,5767.5,5753.0,5762.0,2037
2026-02-10 10:45:00+05:30,5762.0,5775.0,5754.0,5775.0,2412
2026-02-10 11:00:00+05:30,5775.0,5775.0,5764.5,5772.0,2206
2026-02-10 11:15:00+05:30,5772.0,5773.0,5766.0,5768.0,2156
2026-02-10 11:30:00+05:30,5770.0,5775.0,5768.0,5771.0,1611
2026-02-10 11:45:00+05:30,5771.0,5775.0,5757.0,5758.5,2613
2026-02-10 12:00:00+05:30,5758.5,5780.0,5758.0,5780.0,2677
2026-02-10 12:15:00+05:30,5780.0,5780.0,5765.0,5768.0,1852
2026-02-10 12:30:00+05:30,5768.0,5772.5,5766.0,5769.0,1065
2026-02-10 12:45:00+05:30,5769.0,5797.0,5766.5,5796.5,3666
2026-02-10 13:00:00+05:30,5794.5,5798.5,5782.5,5783.0,3080
2026-02-10 13:15:00+05:30,5783.0,5786.5,5777.0,5780.0,2551
2026-02-10 13:30:00+05:30,5778.5,5799.0,5772.0,5799.0,1404
2026-02-10 13:45:00+05:30,5799.0,5804.0,5791.0,5796.0,2061
2026-02-10 14:00:00+05:30,5796.0,5808.0,5787.5,5807.5,3038
2026-02-10 14:15:00+05:30,5805.5,5830.0,5805.5,5825.0,5567
2026-02-10 14:30:00+05:30,5822.0,5828.5,5812.0,5812.5,2263
2026-02-10 14:45:00+05:30,5812.5,5823.5,5808.0,5818.0,2919
2026-02-10 15:00:00+05:30,5817.0,5833.0,5805.5,5811.5,16474
2026-02-10 15:15:00+05:30,5811.5,5826.0,5780.0,5781.0,14178
2026-02-11 09:15:00+05:30,5840.0,5840.0,5775.5,5822.0,7067
2026-02-11 09:30:00+05:30,5822.0,5825.0,5762.0,5763.0,4030
2026-02-11 09:45:00+05:30,5763.0,5779.5,5755.5,5760.0,2573
2026-02-11 10:00:00+05:30,5760.0,5808.0,5745.0,5801.0,5158
2026-02-11 10:15:00+05:30,5801.0,5832.5,5796.0,5831.5,3940
2026-02-11 10:30:00+05:30,5831.5,5853.5,5824.5,5845.0,5674
2026-02-11 10:45:00+05:30,5845.0,5882.0,5845.0,5878.5,5198
2026-02-11 11:00:00+05:30,5878.5,5892.0,5864.0,5889.0,4131
2026-02-11 11:15:00+05:30,5889.0,5912.0,5889.0,5908.5,4261
2026-02-11 11:30:00+05:30,5908.5,5915.0,5882.5,5895.0,6577
2026-02-11 11:45:00+05:30,5895.0,5895.0,5871.0,5891.0,2527
2026-02-11 12:00:00+05:30,5891.0,5897.0,5887.5,5895.0,1497
2026-02-11 12:15:00+05:30,5895.0,5897.5,5885.5,5896.0,1214
2026-02-11 12:30:00+05:30,5896.0,5896.0,5875.5,5888.5,699
2026-02-11 12:45:00+05:30,5888.5,5895.0,5883.0,5893.0,476
2026-02-11 13:00:00+05:30,5893.0,5895.0,5874.5,5882.5,1062
2026-02-11 13:15:00+05:30,5880.0,5895.0,5872.5,5887.0,2790
2026-02-11 13:30:00+05:30,5887.0,5896.5,5887.0,5895.0,1191
2026-02-11 13:45:00+05:30,5895.0,5895.0,5881.0,5883.0,815
2026-02-11 14:00:00+05:30,5884.0,5888.0,5875.5,5888.0,845
2026-02-11 14:15:00+05:30,5888.0,5889.0,5881.0,5881.0,869
2026-02-11 14:30:00+05:30,5881.0,5889.5,5878.5,5886.0,867
2026-02-11 14:45:00+05:30,5886.0,5894.0,5878.5,5885.0,1837
2026-02-11 15:00:00+05:30,5889.5,5895.0,5884.5,5891.5,5711
2026-02-11 15:15:00+05:30,5892.0,5895.0,5875.0,5891.0,7401
2026-02-12 09:15:00+05:30,5894.0,5894.0,5810.0,5848.0,7167
2026-02-12 09:30:00+05:30,5848.0,5878.5,5842.0,5860.0,2479
2026-02-12 09:45:00+05:30,5860.0,5878.0,5843.0,5878.0,3284
2026-02-12 10:00:00+05:30,5878.0,5902.0,5863.0,5889.5,3349
2026-02-12 10:15:00+05:30,5889.5,5906.0,5880.0,5884.0,2963
2026-02-12 10:30:00+05:30,5883.0,5890.0,5860.0,5860.0,4088
2026-02-12 10:45:00+05:30,5860.0,5865.0,5854.0,5855.5,1253
2026-02-12 11:00:00+05:30,5855.5,5865.0,5855.5,5863.5,991
2026-02-12 11:15:00+05:30,5863.5,5863.5,5834.5,5854.0,1405
2026-02-12 11:30:00+05:30,5854.0,5855.5,5839.5,5850.0,1832
2026-02-12 11:45:00+05:30,5850.0,5868.0,5849.0,5852.5,2149
2026-02-12 12:00:00+05:30,5852.5,5862.0,5845.0,5860.0,1103
2026-02-12 12:15:00+05:30,5860.0,5864.5,5852.0,5856.0,1434
2026-02-12 12:30:00+05:30,5856.0,5858.5,5847.5,5856.5,1013
2026-02-12 12:45:00+05:30,5856.5,5858.5,5845.5,5854.0,1434
2026-02-12 13:00:00+05:30,5854.0,5854.0,5834.0,5840.0,1628
2026-02-12 13:15:00+05:30,5840.0,5845.5,5834.5,5837.5,1279
2026-02-12 13:30:00+05:30,5837.5,5850.5,5834.5,5847.0,1636
2026-02-12 13:45:00+05:30,5847.0,5850.5,5835.0,5840.0,983
2026-02-12 14:00:00+05:30,5840.0,5841.5,5832.5,5836.0,640
2026-02-12 14:15:00+05:30,5836.0,5840.0,5830.0,5830.0,726
2026-02-12 14:30:00+05:30,5830.0,5846.0,5830.0,5841.5,1307
2026-02-12 14:45:00+05:30,5841.5,5850.0,5833.0,5848.0,2068
2026-02-12 15:00:00+05:30,5848.0,5885.0,5848.0,5876.0,13189
2026-02-12 15:15:00+05:30,5876.0,5887.0,5811.0,5857.0,10544
2026-02-13 09:15:00+05:30,5850.0,5850.0,5783.0,5798.0,4278
2026-02-13 09:30:00+05:30,5793.5,5800.5,5765.5,5799.0,2018
2026-02-13 09:45:00+05:30,5799.0,5806.0,5791.5,5794.0,399
2026-02-13 10:00:00+05:30,5794.0,5794.0,5768.5,5773.0,448
2026-02-13 10:15:00+05:30,5771.0,5788.0,5752.5,5771.0,1499
2026-02-13 10:30:00+05:30,5771.0,5800.0,5766.5,5788.0,1451
2026-02-13 10:45:00+05:30,5788.0,5793.5,5771.5,5771.5,857
2026-02-13 11:00:00+05:30,5771.5,5785.0,5762.0,5770.5,1341
2026-02-13 11:15:00+05:30,5770.5,5775.0,5760.0,5770.0,1444
2026-02-13 11:30:00+05:30,5770.0,5772.5,5762.5,5767.5,417
2026-02-13 11:45:00+05:30,5771.0,5796.0,5764.0,5792.0,5094
2026-02-13 12:00:00+05:30,5792.0,5796.0,5781.5,5782.0,494
2026-02-13 12:15:00+05:30,5782.0,5811.5,5782.0,5803.5,3596
2026-02-13 12:30:00+05:30,5803.5,5810.0,5794.0,5801.5,741
2026-02-13 12:45:00+05:30,5801.5,5806.5,5772.0,5772.0,648
2026-02-13 13:00:00+05:30,5772.0,5777.0,5728.5,5735.0,3298
2026-02-13 13:15:00+05:30,5735.0,5740.0,5714.0,5722.0,4117
2026-02-13 13:30:00+05:30,5722.5,5742.0,5719.0,5737.0,1828
2026-02-13 13:45:00+05:30,5737.0,5789.5,5678.0,5695.0,41808
2026-02-13 14:00:00+05:30,5695.0,5697.0,5495.0,5530.5,64994
2026-02-13 14:15:00+05:30,5530.5,5547.0,5403.5,5423.0,97308
2026-02-13 14:30:00+05:30,5423.0,5425.5,5331.5,5410.0,116127
2026-02-13 14:45:00+05:30,5410.0,5482.5,5400.5,5402.5,114803
2026-02-13 15:00:00+05:30,5411.5,5423.0,5395.0,5405.5,56671
2026-02-13 15:15:00+05:30,5405.5,5426.0,5372.0,5400.0,68919
2026-02-16 09:15:00+05:30,5431.0,5537.0,5364.0,5493.0,30661
2026-02-16 09:30:00+05:30,5498.0,5526.0,5485.5,5511.5,14519
2026-02-16 09:45:00+05:30,5510.0,5519.0,5472.5,5486.5,8563
2026-02-16 10:00:00+05:30,5486.5,5500.0,5455.5,5490.0,6281
2026-02-16 10:15:00+05:30,5490.0,5505.0,5486.0,5502.5,3427
2026-02-16 10:30:00+05:30,5499.0,5509.5,5465.5,5466.5,5910
2026-02-16 10:45:00+05:30,5466.5,5478.0,5463.0,5468.5,3299
2026-02-16 11:00:00+05:30,5468.5,5475.0,5457.5,5468.0,3015
2026-02-16 11:15:00+05:30,5468.0,5493.5,5465.0,5485.5,3016
2026-02-16 11:30:00+05:30,5483.5,5495.0,5482.5,5485.0,1399
2026-02-16 11:45:00+05:30,5485.0,5488.0,5475.5,5485.0,995
2026-02-16 12:00:00+05:30,5485.0,5491.5,5478.5,5486.5,1447
2026-02-16 12:15:00+05:30,5486.5,5488.0,5481.0,5481.0,684
2026-02-16 12:30:00+05:30,5481.0,5487.0,5480.0,5485.0,735
2026-02-16 12:45:00+05:30,5485.0,5491.0,5470.5,5477.5,2738
2026-02-16 13:00:00+05:30,5477.5,5492.0,5476.0,5488.0,1945
2026-02-16 13:15:00+05:30,5488.0,5504.5,5485.0,5490.5,2021
2026-02-16 13:30:00+05:30,5490.5,5490.5,5476.0,5486.5,1478
2026-02-16 13:45:00+05:30,5486.5,5488.5,5471.5,5478.0,3429
2026-02-16 14:00:00+05:30,5478.0,5485.0,5471.5,5478.0,2633
2026-02-16 14:15:00+05:30,5478.0,5486.5,5472.0,5481.5,2593
2026-02-16 14:30:00+05:30,5481.5,5485.5,5476.5,5480.0,1256
2026-02-16 14:45:00+05:30,5480.0,5490.5,5476.0,5487.0,2258
2026-02-16 15:00:00+05:30,5487.0,5492.5,5470.5,5488.0,12910
2026-02-16 15:15:00+05:30,5488.0,5492.5,5475.0,5475.0,11441
2026-02-17 09:15:00+05:30,5500.0,5510.0,5415.5,5439.0,7590
2026-02-17 09:30:00+05:30,5439.0,5448.0,5422.0,5444.5,7012
2026-02-17 09:45:00+05:30,5444.5,5463.5,5442.5,5454.0,3070
2026-02-17 10:00:00+05:30,5458.0,5463.0,5447.5,5459.0,1216
2026-02-17 10:15:00+05:30,5457.0,5461.0,5431.0,5440.0,2776
2026-02-17 10:30:00+05:30,5440.5,5447.5,5436.0,5445.5,2331
2026-02-17 10:45:00+05:30,5445.5,5446.0,5434.5,5439.0,810
2026-02-17 11:00:00+05:30,5439.0,5444.5,5434.0,5438.5,426
2026-02-17 11:15:00+05:30,5438.5,5439.0,5433.0,5438.0,5008
2026-02-17 11:30:00+05:30,5438.0,5438.0,5421.0,5425.5,1154
2026-02-17 11:45:00+05:30,5425.5,5431.0,5423.0,5430.5,562
2026-02-17 12:00:00+05:30,5430.5,5430.5,5425.0,5428.0,405
2026-02-17 12:15:00+05:30,5428.0,5430.0,5422.0,5428.0,1041
2026-02-17 12:30:00+05:30,5428.0,5429.5,5421.0,5426.5,834
2026-02-17 12:45:00+05:30,5426.5,5433.0,5423.5,5427.5,783
2026-02-17 13:00:00+05:30,5427.5,5441.5,5427.0,5436.0,1373
2026-02-17 13:15:00+05:30,5436.0,5439.5,5426.5,5438.0,11495
2026-02-17 13:30:00+05:30,5438.0,5442.5,5436.0,5442.0,488
2026-02-17 13:45:00+05:30,5442.0,5460.0,5442.0,5455.0,3299
2026-02-17 14:00:00+05:30,5455.0,5461.5,5451.0,5454.0,1060
2026-02-17 14:15:00+05:30,5454.0,5459.0,5440.0,5443.0,819
2026-02-17 14:30:00+05:30,5443.0,5453.0,5440.0,5444.0,2171
2026-02-17 14:45:00+05:30,5444.0,5452.5,5443.5,5451.5,1644
2026-02-17 15:00:00+05:30,5451.5,5459.0,5444.5,5457.0,4915
2026-02-17 15:15:00+05:30,5457.0,5463.5,5443.0,5460.0,12275
2026-02-18 09:15:00+05:30,5460.0,5483.5,5429.0,5468.5,5345
2026-02-18 09:30:00+05:30,5468.5,5470.5,5450.0,5457.5,7700
2026-02-18 09:45:00+05:30,5457.5,5476.0,5449.0,5462.5,5850
2026-02-18 10:00:00+05:30,5462.5,5462.5,5442.5,5445.5,1956
2026-02-18 10:15:00+05:30,5445.5,5446.5,5403.5,5403.5,4320
2026-02-18 10:30:00+05:30,5406.0,5413.5,5401.5,5403.5,2085
2026-02-18 10:45:00+05:30,5403.5,5418.0,5402.0,5409.0,1720
2026-02-18 11:00:00+05:30,5409.0,5416.0,5408.0,5411.5,671
2026-02-18 11:15:00+05:30,5411.5,5424.0,5407.0,5410.0,2920
2026-02-18 11:30:00+05:30,5410.0,5415.0,5408.0,5413.5,666
2026-02-18 11:45:00+05:30,5414.5,5430.0,5414.5,5424.0,1336
2026-02-18 12:00:00+05:30,5424.0,5430.0,5416.0,5416.0,2078
2026-02-18 12:15:00+05:30,5416.0,5431.5,5415.0,5425.0,1649
2026-02-18 12:30:00+05:30,5425.0,5454.0,5423.5,5447.0,1985
2026-02-18 12:45:00+05:30,5447.0,5456.0,5442.0,5452.0,2019
2026-02-18 13:00:00+05:30,5452.0,5455.0,5438.0,5440.5,3722
2026-02-18 13:15:00+05:30,5440.5,5447.0,5440.5,5447.0,547
2026-02-18 13:30:00+05:30,5447.0,5450.5,5445.0,5450.5,2978
2026-02-18 13:45:00+05:30,5450.0,5460.0,5440.5,5457.5,7523
2026-02-18 14:00:00+05:30,5457.5,5468.0,5454.0,5461.5,1964
2026-02-18 14:15:00+05:30,5461.5,5472.0,5458.0,5458.0,4579
2026-02-18 14:30:00+05:30,5455.5,5461.0,5450.0,5454.0,2382
2026-02-18 14:45:00+05:30,5454.0,5466.0,5454.0,5463.0,1183
2026-02-18 15:00:00+05:30,5463.0,5477.0,5463.0,5465.5,6182
2026-02-18 15:15:00+05:30,5465.5,5469.5,5450.0,5460.5,9719
2026-02-19 09:15:00+05:30,5517.0,5517.0,5427.5,5460.0,8800
2026-02-19 09:30:00+05:30,5459.5,5462.0,5429.0,5442.0,6029
2026-02-19 09:45:00+05:30,5442.0,5460.5,5441.0,5456.0,1507
2026-02-19 10:00:00+05:30,5456.0,5463.0,5448.0,5448.0,2530
2026-02-19 10:15:00+05:30,5448.0,5467.5,5447.5,5450.0,1569
2026-02-19 10:30:00+05:30,5450.0,5456.5,5440.5,5451.5,5434
2026-02-19 10:45:00+05:30,5451.5,5481.0,5449.5,5455.5,113430
2026-02-19 11:00:00+05:30,5455.5,5457.0,5424.0,5427.5,11324
2026-02-19 11:15:00+05:30,5425.0,5431.5,5421.0,5428.5,2338
2026-02-19 11:30:00+05:30,5428.5,5433.0,5427.0,5428.0,1446
2026-02-19 11:45:00+05:30,5428.0,5433.5,5426.0,5428.5,1716
2026-02-19 12:00:00+05:30,5428.5,5431.0,5405.0,5408.5,2018
2026-02-19 12:15:00+05:30,5409.0,5417.5,5400.5,5408.5,1045
2026-02-19 12:30:00+05:30,5410.0,5412.5,5402.0,5402.0,2395
2026-02-19 12:45:00+05:30,5402.0,5411.5,5400.5,5410.0,1531
2026-02-19 13:00:00+05:30,5410.0,5413.5,5400.5,5413.5,1417
2026-02-19 13:15:00+05:30,5413.5,5420.0,5405.5,5413.0,2029
2026-02-19 13:30:00+05:30,5413.0,5417.5,5406.5,5407.0,1496
2026-02-19 13:45:00+05:30,5407.0,5416.5,5405.0,5410.0,1553
2026-02-19 14:00:00+05:30,5410.0,5419.0,5406.5,5408.5,1808
2026-02-19 14:15:00+05:30,5408.5,5419.5,5406.5,5409.5,1886
2026-02-19 14:30:00+05:30,5409.5,5414.0,5401.0,5404.0,2241
2026-02-19 14:45:00+05:30,5404.0,5412.0,5396.0,5402.0,2355
2026-02-19 15:00:00+05:30,5402.0,5402.5,5350.5,5361.0,4695
2026-02-19 15:15:00+05:30,5361.0,5382.5,5359.0,5372.5,7219
2026-02-20 09:15:00+05:30,5330.0,5381.5,5330.0,5369.0,5412
2026-02-20 09:30:00+05:30,5356.5,5371.0,5353.5,5363.0,2020
2026-02-20 09:45:00+05:30,5363.0,5385.0,5363.0,5374.5,2396
2026-02-20 10:00:00+05:30,5374.5,5380.0,5348.0,5350.0,2851
2026-02-20 10:15:00+05:30,5350.0,5357.5,5344.0,5344.0,1000
2026-02-20 10:30:00+05:30,5344.0,5360.0,5341.5,5357.5,857
2026-02-20 10:45:00+05:30,5357.5,5357.5,5345.0,5352.0,747
2026-02-20 11:00:00+05:30,5352.0,5352.5,5345.0,5345.0,497
2026-02-20 11:15:00+05:30,5345.0,5351.0,5328.5,5338.5,1963
2026-02-20 11:30:00+05:30,5341.5,5356.0,5335.0,5346.0,1992
2026-02-20 11:45:00+05:30,5346.0,5358.5,5340.0,5352.5,1331
2026-02-20 12:00:00+05:30,5352.5,5367.5,5352.0,5365.5,1601
2026-02-20 12:15:00+05:30,5365.5,5380.0,5363.5,5375.5,1731
2026-02-20 12:30:00+05:30,5376.5,5379.0,5365.5,5370.5,917
2026-02-20 12:45:00+05:30,5370.5,5375.0,5370.0,5372.0,567
2026-02-20 13:00:00+05:30,5372.0,5373.5,5360.5,5369.5,6978
2026-02-20 13:15:00+05:30,5368.5,5374.5,5364.0,5372.5,1387
2026-02-20 13:30:00+05:30,5372.5,5380.0,5372.5,5375.5,474
2026-02-20 13:45:00+05:30,5375.5,5388.5,5375.5,5384.5,997
2026-02-20 14:00:00+05:30,5384.5,5386.5,5375.0,5379.0,834
2026-02-20 14:15:00+05:30,5379.0,5381.5,5375.0,5376.0,1267
2026-02-20 14:30:00+05:30,5376.0,5391.5,5374.5,5385.0,2459
2026-02-20 14:45:00+05:30,5385.0,5394.0,5380.5,5388.5,3275
2026-02-20 15:00:00+05:30,5391.0,5400.0,5378.0,5385.5,7659
2026-02-20 15:15:00+05:30,5388.0,5401.5,5385.0,5395.0,12896
2026-02-23 09:15:00+05:30,5415.0,5423.0,5395.5,5411.0,3450
2026-02-23 09:30:00+05:30,5411.0,5435.0,5409.5,5434.5,4964
2026-02-23 09:45:00+05:30,5431.5,5435.0,5417.0,5418.5,4618
2026-02-23 10:00:00+05:30,5418.5,5428.0,5409.0,5415.5,4124
2026-02-23 10:15:00+05:30,5415.5,5424.0,5408.5,5412.5,3930
2026-02-23 10:30:00+05:30,5412.5,5412.5,5400.0,5401.5,2164
2026-02-23 10:45:00+05:30,5401.5,5414.5,5401.0,5405.5,2147
2026-02-23 11:00:00+05:30,5403.5,5425.0,5403.5,5420.0,2254
2026-02-23 11:15:00+05:30,5420.0,5445.0,5418.0,5443.0,2354
2026-02-23 11:30:00+05:30,5443.0,5451.5,5439.0,5451.5,2564
2026-02-23 11:45:00+05:30,5451.5,5451.5,5436.5,5449.0,3312
2026-02-23 12:00:00+05:30,5449.0,5454.0,5435.5,5445.0,2882
2026-02-23 12:15:00+05:30,5445.0,5449.5,5439.5,5443.0,1659
2026-02-23 12:30:00+05:30,5443.0,5453.0,5442.0,5448.5,1753
2026-02-23 12:45:00+05:30,5448.5,5470.0,5448.5,5467.5,4910
2026-02-23 13:00:00+05:30,5464.5,5470.0,5459.0,5461.0,2716
2026-02-23 13:15:00+05:30,5464.0,5473.0,5460.5,5470.5,2243
2026-02-23 13:30:00+05:30,5470.5,5475.0,5464.5,5467.5,2063
2026-02-23 13:45:00+05:30,5467.5,5475.0,5467.5,5473.5,1558
2026-02-23 14:00:00+05:30,5473.5,5494.5,5467.5,5494.5,8063
2026-02-23 14:15:00+05:30,5490.0,5499.5,5488.0,5490.0,3694
2026-02-23 14:30:00+05:30,5490.0,5497.0,5489.0,5490.5,2906
2026-02-23 14:45:00+05:30,5490.5,5499.5,5489.0,5495.0,11249
2026-02-23 15:00:00+05:30,5495.0,5504.0,5486.5,5496.5,18878
2026-02-23 15:15:00+05:30,5495.5,5502.0,5470.5,5487.0,37379
2026-02-24 09:15:00+05:30,5500.0,5500.0,5463.5,5476.0,2307
2026-02-24 09:30:00+05:30,5476.0,5479.0,5468.5,5473.5,1158
2026-02-24 09:45:00+05:30,5473.5,5479.0,5468.0,5474.0,700
2026-02-24 10:00:00+05:30,5474.0,5482.0,5471.5,5477.5,1886
2026-02-24 10:15:00+05:30,5477.5,5496.0,5476.5,5496.0,1586
2026-02-24 10:30:00+05:30,5496.0,5499.0,5479.5,5485.0,2144
2026-02-24 10:45:00+05:30,5485.0,5486.0,5460.5,5465.0,7130
2026-02-24 11:00:00+05:30,5465.0,5477.0,5459.5,5470.5,1917
2026-02-24 11:15:00+05:30,5470.0,5475.0,5466.5,5470.0,3975
2026-02-24 11:30:00+05:30,5470.0,5476.0,5462.0,5465.5,2290
2026-02-24 11:45:00+05:30,5465.0,5466.5,5463.0,5465.5,2964
2026-02-24 12:00:00+05:30,5465.5,5466.0,5456.5,5458.5,2715
2026-02-24 12:15:00+05:30,5459.0,5459.0,5451.0,5454.0,2370
2026-02-24 12:30:00+05:30,5453.5,5457.0,5448.0,5451.5,1240
2026-02-24 12:45:00+05:30,5451.5,5461.0,5451.5,5460.0,2447
2026-02-24 13:00:00+05:30,5460.0,5470.5,5456.5,5466.0,4592
2026-02-24 13:15:00+05:30,5466.0,5470.5,5466.0,5468.0,1868
2026-02-24 13:30:00+05:30,5468.0,5474.0,5465.5,5471.0,2217
2026-02-24 13:45:00+05:30,5471.0,5483.5,5469.0,5479.0,2988
2026-02-24 14:00:00+05:30,5479.0,5481.5,5466.0,5472.0,2816
2026-02-24 14:15:00+05:30,5472.0,5473.0,5465.0,5469.5,4203
2026-02-24 14:30:00+05:30,5469.5,5473.0,5467.0,5471.5,4130
2026-02-24 14:45:00+05:30,5471.5,5495.5,5471.0,5495.5,9542
2026-02-24 15:00:00+05:30,5492.0,5508.5,5484.0,5494.5,23377
2026-02-24 15:15:00+05:30,5494.5,5505.0,5482.0,5482.0,26269
2026-02-25 09:15:00+05:30,5508.5,5509.5,5468.0,5502.0,2918
2026-02-25 09:30:00+05:30,5502.0,5522.0,5501.0,5513.0,2333
2026-02-25 09:45:00+05:30,5513.0,5523.0,5502.5,5504.0,2649
2026-02-25 10:00:00+05:30,5504.0,5516.5,5498.5,5500.5,3039
2026-02-25 10:15:00+05:30,5501.5,5536.5,5500.0,5524.5,5830
2026-02-25 10:30:00+05:30,5524.5,5550.0,5514.0,5530.5,6446
2026-02-25 10:45:00+05:30,5530.5,5534.5,5521.0,5522.5,1770
2026-02-25 11:00:00+05:30,5522.5,5535.0,5517.0,5523.0,36745
2026-02-25 11:15:00+05:30,5523.0,5574.0,5522.5,5540.5,83715
2026-02-25 11:30:00+05:30,5540.5,5550.5,5532.5,5541.5,4311
2026-02-25 11:45:00+05:30,5541.5,5556.0,5534.5,5535.0,7716
2026-02-25 12:00:00+05:30,5535.0,5543.5,5528.0,5537.0,2193
2026-02-25 12:15:00+05:30,5540.0,5544.0,5528.0,5530.0,1858
2026-02-25 12:30:00+05:30,5530.0,5544.0,5520.0,5530.0,4114
2026-02-25 12:45:00+05:30,5530.0,5535.5,5523.0,5523.0,4710
2026-02-25 13:00:00+05:30,5523.0,5550.0,5523.0,5544.5,8777
2026-02-25 13:15:00+05:30,5544.5,5581.5,5542.0,5576.0,5155
2026-02-25 13:30:00+05:30,5576.0,5584.5,5565.5,5570.0,1515
2026-02-25 13:45:00+05:30,5573.0,5589.0,5570.0,5583.5,1954
2026-02-25 14:00:00+05:30,5583.5,5583.5,5572.5,5578.0,1546
2026-02-25 14:15:00+05:30,5578.0,5595.0,5575.5,5585.0,2681
2026-02-25 14:30:00+05:30,5585.0,5592.0,5582.5,5583.5,1799
2026-02-25 14:45:00+05:30,5583.5,5599.0,5571.0,5597.0,3556
2026-02-25 15:00:00+05:30,5598.0,5629.5,5593.5,5623.0,14567
2026-02-25 15:15:00+05:30,5620.5,5655.0,5615.5,5646.0,18747
2026-02-26 09:15:00+05:30,5635.0,5650.0,5622.5,5635.0,3935
2026-02-26 09:30:00+05:30,5635.0,5731.0,5626.5,5727.0,8070
2026-02-26 09:45:00+05:30,5727.0,5757.0,5725.5,5746.5,7085
2026-02-26 10:00:00+05:30,5746.5,5764.5,5725.0,5753.5,3357
2026-02-26 10:15:00+05:30,5753.5,5756.0,5701.5,5701.5,4325
2026-02-26 10:30:00+05:30,5701.5,5701.5,5690.0,5694.5,4232
2026-02-26 10:45:00+05:30,5694.5,5712.0,5681.5,5681.5,6717
2026-02-26 11:00:00+05:30,5681.5,5690.0,5676.0,5689.0,1946
2026-02-26 11:15:00+05:30,5689.0,5696.0,5674.0,5685.0,1291
2026-02-26 11:30:00+05:30,5685.0,5685.0,5642.5,5671.0,3821
2026-02-26 11:45:00+05:30,5671.0,5679.0,5661.0,5673.0,1048
2026-02-26 12:00:00+05:30,5673.0,5679.0,5670.0,5671.0,287
2026-02-26 12:15:00+05:30,5671.0,5691.0,5650.5,5691.0,2842
2026-02-26 12:30:00+05:30,5690.0,5698.0,5681.0,5692.0,1027
2026-02-26 12:45:00+05:30,5692.0,5699.5,5677.5,5678.0,721
2026-02-26 13:00:00+05:30,5678.0,5692.0,5678.0,5687.5,637
2026-02-26 13:15:00+05:30,5687.5,5699.0,5687.5,5699.0,673
2026-02-26 13:30:00+05:30,5699.0,5707.5,5694.5,5704.0,937
2026-02-26 13:45:00+05:30,5704.0,5709.0,5700.0,5703.5,1473
2026-02-26 14:00:00+05:30,5703.5,5719.5,5701.0,5713.5,2113
2026-02-26 14:15:00+05:30,5713.5,5730.0,5709.0,5725.0,1985
2026-02-26 14:30:00+05:30,5725.0,5732.5,5714.0,5731.0,6633
2026-02-26 14:45:00+05:30,5731.0,5744.5,5726.5,5742.5,3057
2026-02-26 15:00:00+05:30,5742.5,5763.5,5737.0,5754.5,7663
2026-02-26 15:15:00+05:30,5754.5,5760.5,5749.0,5760.0,8210
2026-02-27 09:15:00+05:30,5752.0,5781.5,5723.0,5755.5,4914
2026-02-27 09:30:00+05:30,5755.5,5760.5,5739.0,5739.5,2105
2026-02-27 09:45:00+05:30,5739.5,5739.5,5712.0,5712.0,1440
2026-02-27 10:00:00+05:30,5712.0,5715.0,5688.5,5697.0,1929
2026-02-27 10:15:00+05:30,5697.0,5716.0,5690.5,5703.5,1454
2026-02-27 10:30:00+05:30,5703.5,5729.0,5703.0,5713.0,1032
2026-02-27 10:45:00+05:30,5713.0,5713.0,5696.5,5696.5,766
2026-02-27 11:00:00+05:30,5696.5,5705.0,5695.0,5700.5,642
2026-02-27 11:15:00+05:30,5700.5,5703.0,5670.5,5676.5,1765
2026-02-27 11:30:00+05:30,5676.5,5676.5,5663.0,5673.0,799
2026-02-27 11:45:00+05:30,5673.0,5685.0,5671.5,5677.5,496
2026-02-27 12:00:00+05:30,5677.5,5680.0,5671.5,5672.5,463
2026-02-27 12:15:00+05:30,5672.5,5677.5,5664.0,5673.0,730
2026-02-27 12:30:00+05:30,5673.0,5675.0,5661.0,5662.0,663
2026-02-27 12:45:00+05:30,5662.0,5679.5,5660.5,5666.0,644
2026-02-27 13:00:00+05:30,5666.0,5680.0,5666.0,5677.5,565
2026-02-27 13:15:00+05:30,5677.5,5681.0,5668.5,5673.0,634
2026-02-27 13:30:00+05:30,5673.0,5682.0,5652.0,5653.0,17724
2026-02-27 13:45:00+05:30,5653.0,5676.5,5653.0,5676.0,1024
2026-02-27 14:00:00+05:30,5676.0,5676.0,5660.0,5660.0,903
2026-02-27 14:15:00+05:30,5660.0,5662.0,5655.0,5659.0,1065
2026-02-27 14:30:00+05:30,5656.0,5673.0,5656.0,5665.0,1416
2026-02-27 14:45:00+05:30,5665.0,5678.5,5661.5,5677.0,2422
2026-02-27 15:00:00+05:30,5677.0,5677.5,5627.0,5637.0,39335
2026-02-27 15:15:00+05:30,5637.0,5670.0,5614.0,5614.0,44551
2026-03-02 09:15:00+05:30,5415.0,5619.5,5415.0,5572.0,4378
2026-03-02 09:30:00+05:30,5572.0,5591.5,5572.0,5591.0,1776
2026-03-02 09:45:00+05:30,5591.0,5594.0,5576.0,5579.0,590
2026-03-02 10:00:00+05:30,5579.0,5582.5,5558.5,5560.0,335
2026-03-02 10:15:00+05:30,5560.0,5574.5,5556.0,5563.0,767
2026-03-02 10:30:00+05:30,5563.0,5578.0,5560.0,5560.0,602
2026-03-02 10:45:00+05:30,5560.0,5563.5,5538.0,5552.0,1076
2026-03-02 11:00:00+05:30,5552.0,5556.0,5539.0,5540.5,2197
2026-03-02 11:15:00+05:30,5540.5,5548.0,5508.0,5508.5,1294
2026-03-02 11:30:00+05:30,5508.5,5540.0,5508.5,5529.0,2317
2026-03-02 11:45:00+05:30,5529.0,5536.0,5503.0,5508.5,3345
2026-03-02 12:00:00+05:30,5508.5,5519.5,5490.5,5499.5,4408
2026-03-02 12:15:00+05:30,5499.5,5500.0,5488.5,5493.5,2828
2026-03-02 12:30:00+05:30,5493.5,5500.0,5490.0,5493.0,1816
2026-03-02 12:45:00+05:30,5493.0,5496.5,5481.0,5486.0,2695
2026-03-02 13:00:00+05:30,5486.0,5491.5,5472.5,5490.0,3155
2026-03-02 13:15:00+05:30,5490.0,5523.5,5487.0,5510.0,2661
2026-03-02 13:30:00+05:30,5510.0,5524.0,5508.0,5522.5,735
2026-03-02 13:45:00+05:30,5522.5,5533.0,5512.5,5520.0,663
2026-03-02 14:00:00+05:30,5523.0,5544.5,5516.5,5543.0,1520
2026-03-02 14:15:00+05:30,5543.0,5553.0,5533.5,5544.0,3275
2026-03-02 14:30:00+05:30,5544.0,5567.5,5536.0,5562.5,1024
2026-03-02 14:45:00+05:30,5562.5,5567.5,5537.5,5542.0,1074
2026-03-02 15:00:00+05:30,5542.0,5567.5,5537.0,5561.5,2089
2026-03-02 15:15:00+05:30,5563.5,5587.5,5557.5,5582.5,3950
2026-03-04 09:15:00+05:30,5489.5,5536.0,5477.5,5489.0,13990
2026-03-04 09:30:00+05:30,5490.5,5498.0,5481.0,5493.5,14234
2026-03-04 09:45:00+05:30,5493.5,5494.0,5442.5,5446.5,2211
2026-03-04 10:00:00+05:30,5446.5,5461.0,5432.0,5460.0,2435
2026-03-04 10:15:00+05:30,5462.5,5479.5,5456.0,5474.5,2726
2026-03-04 10:30:00+05:30,5474.5,5475.0,5451.5,5458.0,2165
2026-03-04 10:45:00+05:30,5458.0,5463.0,5451.0,5457.5,1768
2026-03-04 11:00:00+05:30,5457.5,5476.0,5453.0,5468.0,1997
2026-03-04 11:15:00+05:30,5468.0,5468.0,5451.0,5453.0,1776
2026-03-04 11:30:00+05:30,5453.0,5464.0,5449.5,5459.5,1686
2026-03-04 11:45:00+05:30,5459.5,5473.5,5456.5,5464.0,1737
2026-03-04 12:00:00+05:30,5464.0,5469.5,5458.0,5460.0,1372
2026-03-04 12:15:00+05:30,5460.0,5460.0,5445.0,5446.5,1426
2026-03-04 12:30:00+05:30,5446.5,5448.0,5433.5,5441.5,1934
2026-03-04 12:45:00+05:30,5441.5,5472.5,5441.5,5470.0,1824
2026-03-04 13:00:00+05:30,5470.0,5480.5,5466.0,5479.5,2836
2026-03-04 13:15:00+05:30,5479.5,5488.5,5472.5,5481.0,1914
2026-03-04 13:30:00+05:30,5481.0,5482.5,5474.0,5478.5,1759
2026-03-04 13:45:00+05:30,5478.5,5478.5,5467.5,5472.5,1433
2026-03-04 14:00:00+05:30,5472.5,5499.0,5469.5,5499.0,1921
2026-03-04 14:15:00+05:30,5498.0,5508.0,5483.0,5486.0,2175
2026-03-04 14:30:00+05:30,5486.0,5502.5,5483.5,5501.5,2168
2026-03-04 14:45:00+05:30,5501.5,5501.5,5480.5,5486.5,2615
2026-03-04 15:00:00+05:30,5486.5,5486.5,5460.0,5464.5,9128
2026-03-04 15:15:00+05:30,5464.0,5471.0,5460.0,5460.0,9764
2026-03-05 09:15:00+05:30,5476.5,5521.5,5476.5,5502.0,5274
2026-03-05 09:30:00+05:30,5501.5,5542.0,5501.5,5522.5,7650
2026-03-05 09:45:00+05:30,5522.5,5534.5,5515.0,5525.0,8697
2026-03-05 10:00:00+05:30,5525.5,5531.5,5503.5,5506.5,2742
2026-03-05 10:15:00+05:30,5506.5,5512.0,5498.0,5505.5,1504
2026-03-05 10:30:00+05:30,5502.0,5505.0,5469.0,5469.5,1917
2026-03-05 10:45:00+05:30,5469.5,5488.0,5468.0,5483.0,2806
2026-03-05 11:00:00+05:30,5483.0,5487.0,5471.0,5481.5,2900
2026-03-05 11:15:00+05:30,5478.5,5494.5,5473.0,5474.0,1960
2026-03-05 11:30:00+05:30,5475.5,5480.0,5462.0,5462.0,1653
2026-03-05 11:45:00+05:30,5463.0,5480.5,5454.0,5475.0,2651
2026-03-05 12:00:00+05:30,5475.0,5492.0,5470.0,5487.5,2710
2026-03-05 12:15:00+05:30,5487.5,5507.5,5485.5,5500.0,4619
2026-03-05 12:30:00+05:30,5500.0,5500.5,5479.5,5485.5,1576
2026-03-05 12:45:00+05:30,5485.5,5489.5,5478.5,5489.0,1616
2026-03-05 13:00:00+05:30,5487.0,5489.5,5476.5,5480.5,1711
2026-03-05 13:15:00+05:30,5480.5,5495.0,5480.0,5491.5,1981
2026-03-05 13:30:00+05:30,5491.5,5500.0,5490.5,5496.0,1171
2026-03-05 13:45:00+05:30,5496.0,5503.5,5492.0,5498.5,1952
2026-03-05 14:00:00+05:30,5498.5,5517.0,5497.0,5500.5,3146
2026-03-05 14:15:00+05:30,5500.5,5508.0,5485.0,5508.0,9238
2026-03-05 14:30:00+05:30,5508.0,5539.0,5501.5,5536.0,11304
2026-03-05 14:45:00+05:30,5536.0,5573.5,5534.5,5572.5,3102
2026-03-05 15:00:00+05:30,5573.0,5573.0,5534.0,5534.5,5189
2026-03-05 15:15:00+05:30,5537.0,5567.0,5534.0,5541.5,7099
2026-03-06 09:15:00+05:30,5580.0,5583.0,5548.0,5567.0,3576
2026-03-06 09:30:00+05:30,5567.5,5570.0,5542.0,5545.5,1121
2026-03-06 09:45:00+05:30,5542.5,5548.0,5525.0,5529.0,1919
2026-03-06 10:00:00+05:30,5529.0,5540.0,5525.5,5539.0,523
2026-03-06 10:15:00+05:30,5539.0,5544.5,5528.0,5532.0,1679
2026-03-06 10:30:00+05:30,5532.0,5536.5,5522.5,5525.0,619
2026-03-06 10:45:00+05:30,5525.0,5532.0,5501.5,5510.5,2124
2026-03-06 11:00:00+05:30,5510.5,5517.5,5497.0,5497.0,552
2026-03-06 11:15:00+05:30,5500.0,5517.5,5499.0,5517.5,581
2026-03-06 11:30:00+05:30,5519.0,5527.5,5514.5,5518.5,631
2026-03-06 11:45:00+05:30,5518.5,5536.0,5515.5,5535.0,400
2026-03-06 12:00:00+05:30,5535.0,5546.5,5532.0,5539.5,544
2026-03-06 12:15:00+05:30,5539.5,5539.5,5503.0,5506.0,1161
2026-03-06 12:30:00+05:30,5506.0,5527.0,5504.0,5525.5,914
2026-03-06 12:45:00+05:30,5525.5,5525.5,5513.0,5515.5,305
2026-03-06 13:00:00+05:30,5515.5,5528.5,5515.5,5524.0,748
2026-03-06 13:15:00+05:30,5524.0,5547.5,5524.0,5547.0,3922
2026-03-06 13:30:00+05:30,5547.0,5547.5,5533.5,5537.5,821
2026-03-06 13:45:00+05:30,5537.5,5549.5,5530.5,5546.0,769
2026-03-06 14:00:00+05:30,5546.0,5558.5,5541.5,5555.5,801
2026-03-06 14:15:00+05:30,5555.5,5567.0,5550.0,5550.0,1694
2026-03-06 14:30:00+05:30,5550.0,5553.5,5540.0,5541.5,1546
2026-03-06 14:45:00+05:30,5541.5,5546.0,5524.5,5528.0,2838
2026-03-06 15:00:00+05:30,5527.5,5537.0,5523.5,5533.0,5178
2026-03-06 15:15:00+05:30,5534.5,5542.0,5525.0,5525.0,4842
2026-03-09 09:15:00+05:30,5500.0,5518.5,5435.5,5469.0,6744
2026-03-09 09:30:00+05:30,5457.0,5482.0,5453.5,5464.5,2420
2026-03-09 09:45:00+05:30,5461.5,5477.0,5454.5,5468.0,1343
2026-03-09 10:00:00+05:30,5468.0,5490.0,5448.5,5460.0,2387
2026-03-09 10:15:00+05:30,5461.0,5462.5,5430.5,5436.0,1713
2026-03-09 10:30:00+05:30,5433.0,5433.0,5422.0,5427.0,1114
2026-03-09 10:45:00+05:30,5427.0,5465.5,5421.0,5461.0,1650
2026-03-09 11:00:00+05:30,5461.0,5461.0,5446.0,5451.5,759
2026-03-09 11:15:00+05:30,5451.5,5471.0,5448.5,5466.0,674
2026-03-09 11:30:00+05:30,5465.0,5486.0,5462.0,5480.0,1366
2026-03-09 11:45:00+05:30,5480.0,5481.5,5469.0,5474.5,782
2026-03-09 12:00:00+05:30,5474.5,5476.0,5443.0,5445.0,1603
2026-03-09 12:15:00+05:30,5449.5,5464.0,5449.5,5458.0,404
2026-03-09 12:30:00+05:30,5458.0,5463.5,5454.0,5462.5,545
2026-03-09 12:45:00+05:30,5460.5,5477.5,5455.0,5473.0,819
2026-03-09 13:00:00+05:30,5472.5,5475.5,5463.0,5467.5,1361
2026-03-09 13:15:00+05:30,5467.5,5480.0,5464.5,5475.0,592
2026-03-09 13:30:00+05:30,5475.0,5488.0,5470.0,5484.5,621
2026-03-09 13:45:00+05:30,5484.5,5487.5,5473.5,5475.0,597
2026-03-09 14:00:00+05:30,5474.0,5478.0,5466.5,5473.5,2108
2026-03-09 14:15:00+05:30,5471.5,5473.5,5446.0,5452.5,1403
2026-03-09 14:30:00+05:30,5452.5,5471.0,5452.5,5464.5,820
2026-03-09 14:45:00+05:30,5464.5,5485.0,5462.0,5470.5,1684
2026-03-09 15:00:00+05:30,5474.0,5474.0,5452.5,5462.5,3185
2026-03-09 15:15:00+05:30,5462.5,5471.0,5451.0,5471.0,4801
2026-03-10 09:15:00+05:30,5509.5,5577.5,5500.0,5571.0,5434
2026-03-10 09:30:00+05:30,5571.0,5582.0,5559.0,5582.0,5121
2026-03-10 09:45:00+05:30,5582.0,5606.0,5572.0,5580.0,11513
2026-03-10 10:00:00+05:30,5580.0,5590.0,5555.0,5571.5,3490
2026-03-10 10:15:00+05:30,5571.5,5590.0,5565.0,5589.0,1544
2026-03-10 10:30:00+05:30,5588.0,5619.5,5583.5,5619.5,9418
2026-03-10 10:45:00+05:30,5619.5,5622.0,5610.5,5618.5,7691
2026-03-10 11:00:00+05:30,5618.5,5627.5,5613.0,5620.0,2582
2026-03-10 11:15:00+05:30,5620.0,5627.0,5616.0,5625.0,4300
2026-03-10 11:30:00+05:30,5625.0,5633.0,5625.0,5629.0,1348
2026-03-10 11:45:00+05:30,5629.0,5631.0,5606.5,5613.0,4475
2026-03-10 12:00:00+05:30,5613.0,5625.0,5611.0,5611.5,2906
2026-03-10 12:15:00+05:30,5611.5,5616.0,5602.0,5614.5,2411
2026-03-10 12:30:00+05:30,5614.5,5614.5,5591.0,5595.0,2371
2026-03-10 12:45:00+05:30,5595.0,5611.5,5595.0,5610.0,1134
2026-03-10 13:00:00+05:30,5610.0,5614.0,5601.0,5601.0,1024
2026-03-10 13:15:00+05:30,5601.0,5608.0,5595.0,5601.0,762
2026-03-10 13:30:00+05:30,5601.0,5620.0,5597.5,5616.0,900
2026-03-10 13:45:00+05:30,5616.0,5623.5,5613.0,5621.5,777
2026-03-10 14:00:00+05:30,5620.0,5627.5,5617.5,5624.0,872
2026-03-10 14:15:00+05:30,5624.0,5635.0,5622.0,5631.0,1554
2026-03-10 14:30:00+05:30,5631.0,5664.5,5624.0,5638.5,5077
2026-03-10 14:45:00+05:30,5638.5,5646.5,5625.0,5625.5,2043
2026-03-10 15:00:00+05:30,5625.5,5631.5,5601.5,5603.0,13934
2026-03-10 15:15:00+05:30,5603.0,5638.5,5600.0,5601.0,30649
2026-03-11 09:15:00+05:30,5662.0,5665.0,5611.0,5618.0,4364
2026-03-11 09:30:00+05:30,5618.0,5622.0,5582.0,5582.0,2945
2026-03-11 09:45:00+05:30,5582.0,5585.0,5540.0,5542.5,7816
2026-03-11 10:00:00+05:30,5542.5,5550.0,5536.5,5543.5,2779
2026-03-11 10:15:00+05:30,5543.5,5595.0,5541.0,5590.0,5057
2026-03-11 10:30:00+05:30,5590.0,5600.0,5575.0,5585.5,3291
2026-03-11 10:45:00+05:30,5585.5,5609.0,5582.5,5609.0,2037
2026-03-11 11:00:00+05:30,5609.0,5621.5,5595.5,5603.5,2366
2026-03-11 11:15:00+05:30,5605.5,5610.0,5590.0,5602.5,2019
2026-03-11 11:30:00+05:30,5602.5,5611.5,5594.5,5610.0,1931
2026-03-11 11:45:00+05:30,5608.5,5611.0,5589.0,5595.5,1243
2026-03-11 12:00:00+05:30,5595.5,5601.5,5587.0,5592.5,1862
2026-03-11 12:15:00+05:30,5592.5,5602.0,5588.0,5598.5,1814
2026-03-11 12:30:00+05:30,5598.5,5616.5,5598.5,5615.0,1457
2026-03-11 12:45:00+05:30,5615.0,5615.0,5598.0,5602.5,1529
2026-03-11 13:00:00+05:30,5602.5,5605.5,5592.0,5598.0,1629
2026-03-11 13:15:00+05:30,5598.0,5616.5,5598.0,5616.5,1218
2026-03-11 13:30:00+05:30,5614.0,5615.0,5602.0,5609.5,2150
2026-03-11 13:45:00+05:30,5609.5,5616.5,5595.0,5598.5,2522
2026-03-11 14:00:00+05:30,5598.5,5612.0,5590.0,5601.5,2243
2026-03-11 14:15:00+05:30,5601.5,5645.5,5600.0,5644.5,16571
2026-03-11 14:30:00+05:30,5644.0,5647.5,5612.5,5624.5,9183
2026-03-11 14:45:00+05:30,5624.5,5624.5,5569.0,5570.0,6291
2026-03-11 15:00:00+05:30,5573.0,5578.5,5528.0,5536.5,40894
2026-03-11 15:15:00+05:30,5534.0,5547.0,5514.5,5530.0,22382
2026-03-12 09:15:00+05:30,5515.5,5528.0,5450.5,5457.0,5188
2026-03-12 09:30:00+05:30,5455.0,5477.0,5438.5,5461.5,4803
2026-03-12 09:45:00+05:30,5461.5,5499.0,5461.5,5488.5,18147
2026-03-12 10:00:00+05:30,5484.5,5486.5,5463.5,5467.5,1121
2026-03-12 10:15:00+05:30,5467.5,5471.5,5454.5,5464.5,2368
2026-03-12 10:30:00+05:30,5464.5,5482.0,5461.5,5469.5,5518
2026-03-12 10:45:00+05:30,5469.5,5478.0,5464.5,5473.5,1992
2026-03-12 11:00:00+05:30,5473.5,5490.5,5470.5,5489.5,10723
2026-03-12 11:15:00+05:30,5489.5,5497.0,5478.0,5494.0,2253
2026-03-12 11:30:00+05:30,5494.0,5500.0,5486.5,5487.5,2981
2026-03-12 11:45:00+05:30,5487.5,5492.0,5483.0,5489.0,1441
2026-03-12 12:00:00+05:30,5492.0,5492.5,5461.5,5469.0,2175
2026-03-12 12:15:00+05:30,5468.0,5491.0,5461.0,5468.0,2532
2026-03-12 12:30:00+05:30,5468.0,5471.0,5433.5,5436.5,3094
2026-03-12 12:45:00+05:30,5432.5,5437.0,5428.5,5434.0,1857
2026-03-12 13:00:00+05:30,5434.0,5439.5,5421.0,5439.0,2853
2026-03-12 13:15:00+05:30,5436.5,5444.0,5431.0,5439.0,2222
2026-03-12 13:30:00+05:30,5444.0,5452.5,5432.0,5439.0,3595
2026-03-12 13:45:00+05:30,5439.0,5446.0,5412.0,5412.0,2001
2026-03-12 14:00:00+05:30,5412.0,5414.5,5402.0,5407.0,3788
2026-03-12 14:15:00+05:30,5407.0,5411.5,5402.5,5402.5,2493
2026-03-12 14:30:00+05:30,5400.0,5440.0,5400.0,5430.0,5245
2026-03-12 14:45:00+05:30,5430.0,5446.0,5429.5,5437.5,10032
2026-03-12 15:00:00+05:30,5437.5,5452.5,5434.0,5446.0,10109
2026-03-12 15:15:00+05:30,5444.0,5450.5,5440.0,5440.5,13209
2026-03-13 09:15:00+05:30,5422.0,5471.0,5412.0,5449.5,11317
2026-03-13 09:30:00+05:30,5447.0,5464.5,5440.0,5448.0,1692
2026-03-13 09:45:00+05:30,5447.5,5447.5,5421.5,5424.0,1325
2026-03-13 10:00:00+05:30,5424.0,5429.5,5414.0,5418.5,1634
2026-03-13 10:15:00+05:30,5418.5,5438.5,5418.0,5431.5,3143
2026-03-13 10:30:00+05:30,5431.5,5440.0,5426.5,5440.0,1936
2026-03-13 10:45:00+05:30,5440.0,5460.0,5434.0,5444.5,1503
2026-03-13 11:00:00+05:30,5444.5,5445.5,5430.0,5433.5,964
2026-03-13 11:15:00+05:30,5433.5,5457.0,5429.5,5456.5,1181
2026-03-13 11:30:00+05:30,5456.5,5471.5,5454.0,5464.0,1266
2026-03-13 11:45:00+05:30,5464.0,5465.5,5422.5,5428.0,2021
2026-03-13 12:00:00+05:30,5428.0,5435.0,5422.0,5428.5,1399
2026-03-13 12:15:00+05:30,5428.5,5433.5,5402.5,5403.0,2226
2026-03-13 12:30:00+05:30,5403.0,5408.0,5396.5,5401.0,1531
2026-03-13 12:45:00+05:30,5401.0,5406.0,5381.5,5390.0,1660
2026-03-13 13:00:00+05:30,5390.0,5395.0,5373.0,5375.0,1605
2026-03-13 13:15:00+05:30,5375.0,5385.0,5373.0,5383.0,1890
2026-03-13 13:30:00+05:30,5383.0,5395.5,5372.0,5378.5,1241
2026-03-13 13:45:00+05:30,5378.5,5390.0,5367.0,5367.0,8068
2026-03-13 14:00:00+05:30,5367.0,5386.0,5358.5,5386.0,2181
2026-03-13 14:15:00+05:30,5386.0,5390.5,5371.0,5382.5,1965
2026-03-13 14:30:00+05:30,5382.5,5390.5,5355.5,5358.5,10210
2026-03-13 14:45:00+05:30,5362.5,5369.5,5351.5,5360.0,16279
2026-03-13 15:00:00+05:30,5360.0,5369.0,5335.5,5344.0,16133
2026-03-13 15:15:00+05:30,5344.0,5384.0,5338.5,5384.0,8907
2026-03-16 09:15:00+05:30,5393.0,5407.0,5319.0,5326.0,5715
2026-03-16 09:30:00+05:30,5326.0,5366.0,5326.0,5349.0,2582
2026-03-16 09:45:00+05:30,5349.0,5353.0,5311.5,5311.5,43641
2026-03-16 10:00:00+05:30,5311.5,5322.0,5263.5,5263.5,7941
2026-03-16 10:15:00+05:30,5274.5,5278.0,5235.0,5235.0,2919
2026-03-16 10:30:00+05:30,5235.5,5283.0,5233.0,5270.0,3707
2026-03-16 10:45:00+05:30,5270.0,5278.0,5237.5,5257.5,13045
2026-03-16 11:00:00+05:30,5257.5,5270.0,5240.0,5265.0,2389
2026-03-16 11:15:00+05:30,5265.0,5277.5,5264.5,5277.0,1672
2026-03-16 11:30:00+05:30,5277.0,5284.0,5260.0,5260.0,1346
2026-03-16 11:45:00+05:30,5260.0,5274.0,5253.5,5267.0,1112
2026-03-16 12:00:00+05:30,5267.0,5277.0,5262.5,5267.5,703
2026-03-16 12:15:00+05:30,5267.5,5277.5,5265.5,5273.5,2673
2026-03-16 12:30:00+05:30,5273.5,5275.0,5268.0,5273.0,2659
2026-03-16 12:45:00+05:30,5273.0,5278.0,5270.0,5276.0,10936
2026-03-16 13:00:00+05:30,5276.0,5282.0,5271.0,5276.5,9874
2026-03-16 13:15:00+05:30,5276.5,5303.5,5274.5,5300.0,53953
2026-03-16 13:30:00+05:30,5300.0,5311.0,5298.0,5304.5,5463
2026-03-16 13:45:00+05:30,5303.5,5308.0,5300.5,5304.0,739
2026-03-16 14:00:00+05:30,5304.0,5323.5,5303.0,5316.5,2732
2026-03-16 14:15:00+05:30,5316.5,5343.0,5313.0,5339.0,1919
2026-03-16 14:30:00+05:30,5339.0,5357.0,5326.0,5329.0,2543
2026-03-16 14:45:00+05:30,5329.0,5341.0,5323.5,5337.5,1904
2026-03-16 15:00:00+05:30,5337.5,5340.5,5311.0,5318.5,12466
2026-03-16 15:15:00+05:30,5318.5,5326.0,5290.0,5290.0,9645
2026-03-17 09:15:00+05:30,5317.0,5339.5,5295.0,5317.5,4455
2026-03-17 09:30:00+05:30,5317.5,5320.0,5301.0,5312.0,780
2026-03-17 09:45:00+05:30,5312.0,5316.0,5292.0,5293.0,1313
2026-03-17 10:00:00+05:30,5299.0,5305.0,5285.0,5303.5,2230
2026-03-17 10:15:00+05:30,5303.5,5344.5,5302.0,5325.5,2568
2026-03-17 10:30:00+05:30,5325.5,5334.5,5314.5,5325.0,9812
2026-03-17 10:45:00+05:30,5325.0,5342.0,5325.0,5335.0,754
2026-03-17 11:00:00+05:30,5335.0,5336.0,5319.5,5322.0,636
2026-03-17 11:15:00+05:30,5322.0,5326.0,5299.0,5310.5,7149
2026-03-17 11:30:00+05:30,5310.5,5312.5,5303.0,5308.0,10069
2026-03-17 11:45:00+05:30,5308.0,5311.0,5298.5,5311.0,6017
2026-03-17 12:00:00+05:30,5311.0,5330.0,5310.5,5320.0,1298
2026-03-17 12:15:00+05:30,5320.0,5327.5,5319.0,5321.0,2382
2026-03-17 12:30:00+05:30,5321.0,5332.0,5320.0,5332.0,1612
2026-03-17 12:45:00+05:30,5331.0,5344.0,5330.0,5330.0,2172
2026-03-17 13:00:00+05:30,5326.5,5332.5,5320.0,5321.5,3439
2026-03-17 13:15:00+05:30,5321.5,5330.0,5320.5,5325.0,15733
2026-03-17 13:30:00+05:30,5325.0,5336.0,5323.0,5333.5,8480
2026-03-17 13:45:00+05:30,5333.5,5337.0,5327.5,5328.5,3864
2026-03-17 14:00:00+05:30,5331.0,5343.0,5329.5,5335.0,5607
2026-03-17 14:15:00+05:30,5335.0,5339.0,5325.5,5333.0,1806
2026-03-17 14:30:00+05:30,5333.0,5338.5,5320.0,5325.5,4691
2026-03-17 14:45:00+05:30,5325.5,5342.0,5325.5,5331.5,15836
2026-03-17 15:00:00+05:30,5334.0,5338.5,5325.0,5336.0,4679
2026-03-17 15:15:00+05:30,5336.0,5350.0,5335.0,5350.0,9695
2026-03-18 09:15:00+05:30,5335.0,5423.0,5315.0,5383.5,6942
2026-03-18 09:30:00+05:30,5383.5,5415.0,5374.0,5400.5,4029
2026-03-18 09:45:00+05:30,5400.0,5400.0,5369.0,5390.0,3827
2026-03-18 10:00:00+05:30,5390.0,5400.0,5370.5,5385.0,1815
2026-03-18 10:15:00+05:30,5385.0,5389.5,5379.5,5384.0,955
2026-03-18 10:30:00+05:30,5384.0,5402.0,5382.0,5395.5,2354
2026-03-18 10:45:00+05:30,5395.5,5402.0,5385.5,5391.0,1792
2026-03-18 11:00:00+05:30,5391.0,5393.5,5372.0,5380.0,1314
2026-03-18 11:15:00+05:30,5380.0,5384.0,5374.5,5377.5,1113
2026-03-18 11:30:00+05:30,5377.5,5383.0,5374.0,5379.5,1023
2026-03-18 11:45:00+05:30,5379.5,5384.0,5376.0,5379.0,868
2026-03-18 12:00:00+05:30,5379.0,5380.0,5372.5,5377.5,1524
2026-03-18 12:15:00+05:30,5377.5,5382.5,5370.5,5377.0,860
2026-03-18 12:30:00+05:30,5377.0,5377.0,5368.0,5374.0,1129
2026-03-18 12:45:00+05:30,5374.0,5378.5,5370.5,5374.5,879
2026-03-18 13:00:00+05:30,5374.5,5378.5,5368.0,5375.0,1207
2026-03-18 13:15:00+05:30,5375.0,5386.5,5372.5,5373.0,1998
2026-03-18 13:30:00+05:30,5373.0,5373.0,5365.0,5366.5,823
2026-03-18 13:45:00+05:30,5366.5,5376.5,5359.0,5369.5,1600
2026-03-18 14:00:00+05:30,5369.5,5370.0,5355.0,5361.0,5573
2026-03-18 14:15:00+05:30,5361.0,5367.5,5355.0,5355.0,2026
2026-03-18 14:30:00+05:30,5355.0,5356.5,5340.0,5343.5,3215
2026-03-18 14:45:00+05:30,5343.5,5359.5,5343.5,5355.5,4504
2026-03-18 15:00:00+05:30,5355.5,5365.0,5337.0,5357.0,6161
2026-03-18 15:15:00+05:30,5357.0,5360.5,5324.0,5360.5,7863
2026-03-19 09:15:00+05:30,5309.0,5336.0,5253.5,5253.5,8909
2026-03-19 09:30:00+05:30,5243.0,5260.0,5239.5,5247.5,3209
2026-03-19 09:45:00+05:30,5247.5,5265.0,5237.0,5262.0,1971
2026-03-19 10:00:00+05:30,5263.5,5274.0,5255.0,5271.0,882
2026-03-19 10:15:00+05:30,5271.0,5271.0,5251.0,5251.5,1110
2026-03-19 10:30:00+05:30,5254.5,5276.0,5247.0,5262.0,1865
2026-03-19 10:45:00+05:30,5262.0,5264.5,5240.5,5240.5,1067
2026-03-19 11:00:00+05:30,5243.0,5244.5,5232.0,5238.5,1349
2026-03-19 11:15:00+05:30,5238.5,5253.0,5235.0,5249.0,1161
2026-03-19 11:30:00+05:30,5249.0,5258.0,5247.0,5252.0,547
2026-03-19 11:45:00+05:30,5252.0,5261.5,5245.0,5247.5,642
2026-03-19 12:00:00+05:30,5247.5,5248.0,5242.5,5246.5,279
2026-03-19 12:15:00+05:30,5248.5,5260.0,5235.0,5238.0,918
2026-03-19 12:30:00+05:30,5238.0,5249.5,5238.0,5242.5,458
2026-03-19 12:45:00+05:30,5240.0,5251.5,5240.0,5245.5,185
2026-03-19 13:00:00+05:30,5245.5,5255.0,5235.0,5250.0,1302
2026-03-19 13:15:00+05:30,5251.5,5256.0,5232.0,5232.5,1373
2026-03-19 13:30:00+05:30,5232.5,5256.0,5232.0,5255.5,2045
2026-03-19 13:45:00+05:30,5255.5,5260.0,5248.5,5251.0,232
2026-03-19 14:00:00+05:30,5255.0,5255.0,5236.0,5241.0,674
2026-03-19 14:15:00+05:30,5241.0,5248.5,5232.0,5232.0,669
2026-03-19 14:30:00+05:30,5232.0,5257.5,5232.0,5257.5,5166
2026-03-19 14:45:00+05:30,5257.5,5259.5,5238.0,5250.0,13564
2026-03-19 15:00:00+05:30,5250.5,5250.5,5222.5,5224.0,4822
2026-03-19 15:15:00+05:30,5223.0,5261.5,5223.0,5257.0,5280
2026-03-20 09:15:00+05:30,5245.0,5298.5,5241.0,5253.0,4282
2026-03-20 09:30:00+05:30,5253.0,5284.0,5239.5,5241.5,2870
2026-03-20 09:45:00+05:30,5241.5,5265.0,5233.0,5236.5,2805
2026-03-20 10:00:00+05:30,5238.0,5238.0,5222.5,5226.5,1014
2026-03-20 10:15:00+05:30,5226.5,5242.5,5211.0,5238.5,3183
2026-03-20 10:30:00+05:30,5240.5,5252.5,5230.0,5250.5,3064
2026-03-20 10:45:00+05:30,5250.0,5257.0,5245.0,5253.5,2072
2026-03-20 11:00:00+05:30,5256.0,5263.5,5250.0,5258.0,5522
2026-03-20 11:15:00+05:30,5258.0,5265.5,5253.5,5254.0,2620
2026-03-20 11:30:00+05:30,5256.5,5264.0,5252.5,5256.5,1213
2026-03-20 11:45:00+05:30,5259.0,5259.5,5250.0,5251.0,1671
2026-03-20 12:00:00+05:30,5253.5,5256.5,5240.0,5250.0,1647
2026-03-20 12:15:00+05:30,5249.0,5259.0,5248.0,5259.0,5587
2026-03-20 12:30:00+05:30,5259.0,5268.0,5251.0,5268.0,2563
2026-03-20 12:45:00+05:30,5268.0,5284.5,5266.0,5278.5,2318
2026-03-20 13:00:00+05:30,5278.0,5279.5,5253.5,5256.5,4630
2026-03-20 13:15:00+05:30,5256.5,5268.0,5251.5,5265.0,560
2026-03-20 13:30:00+05:30,5265.0,5285.0,5261.5,5268.0,3867
2026-03-20 13:45:00+05:30,5263.0,5278.5,5260.5,5271.0,3080
2026-03-20 14:00:00+05:30,5270.5,5272.5,5259.5,5260.5,910
2026-03-20 14:15:00+05:30,5263.0,5275.0,5260.0,5267.5,916
2026-03-20 14:30:00+05:30,5270.0,5276.5,5260.0,5260.0,3423
2026-03-20 14:45:00+05:30,5260.0,5265.5,5244.0,5257.5,8945
2026-03-20 15:00:00+05:30,5257.5,5271.5,5239.0,5252.0,141422
2026-03-20 15:15:00+05:30,5252.0,5280.0,5240.0,5280.0,115310
2026-03-23 09:15:00+05:30,5260.0,5272.5,5180.5,5181.5,10912
2026-03-23 09:30:00+05:30,5183.5,5186.0,5165.0,5165.0,3969
2026-03-23 09:45:00+05:30,5165.0,5165.0,5133.0,5142.0,5252
2026-03-23 10:00:00+05:30,5142.0,5170.0,5133.0,5162.5,4899
2026-03-23 10:15:00+05:30,5162.5,5166.5,5136.0,5138.0,2367
2026-03-23 10:30:00+05:30,5135.0,5135.5,5111.5,5129.0,2645
2026-03-23 10:45:00+05:30,5127.0,5150.0,5127.0,5130.0,2590
2026-03-23 11:00:00+05:30,5130.0,5162.0,5114.5,5155.5,5765
2026-03-23 11:15:00+05:30,5155.5,5161.5,5148.5,5158.0,4873
2026-03-23 11:30:00+05:30,5158.0,5167.0,5148.5,5160.0,2995
2026-03-23 11:45:00+05:30,5161.5,5167.5,5153.0,5161.5,1486
2026-03-23 12:00:00+05:30,5161.5,5172.5,5154.0,5167.0,2372
2026-03-23 12:15:00+05:30,5170.0,5170.0,5152.5,5162.0,2018
2026-03-23 12:30:00+05:30,5162.0,5162.0,5150.0,5159.0,3316
2026-03-23 12:45:00+05:30,5159.0,5160.0,5150.0,5151.0,2445
2026-03-23 13:00:00+05:30,5151.0,5158.0,5150.0,5156.5,2210
2026-03-23 13:15:00+05:30,5155.0,5160.0,5148.0,5155.0,3347
2026-03-23 13:30:00+05:30,5155.0,5159.0,5150.0,5158.5,2163
2026-03-23 13:45:00+05:30,5158.5,5160.0,5151.5,5154.5,2247
2026-03-23 14:00:00+05:30,5157.0,5160.0,5150.0,5151.0,3977
2026-03-23 14:15:00+05:30,5150.5,5156.5,5150.0,5153.0,3571
2026-03-23 14:30:00+05:30,5153.0,5157.5,5147.5,5156.5,5898
2026-03-23 14:45:00+05:30,5156.5,5156.5,5131.5,5147.0,4443
2026-03-23 15:00:00+05:30,5148.5,5149.0,5131.5,5145.0,12381
2026-03-23 15:15:00+05:30,5145.0,5160.0,5144.5,5160.0,11897
2026-03-24 09:15:00+05:30,5200.0,5243.0,5200.0,5232.0,12733
2026-03-24 09:30:00+05:30,5228.0,5229.0,5206.5,5206.5,1662
2026-03-24 09:45:00+05:30,5207.0,5207.0,5178.0,5200.0,3290
2026-03-24 10:00:00+05:30,5196.5,5198.0,5176.0,5188.5,4077
2026-03-24 10:15:00+05:30,5188.5,5211.5,5184.5,5199.5,3200
2026-03-24 10:30:00+05:30,5199.5,5206.0,5179.5,5189.5,3244
2026-03-24 10:45:00+05:30,5187.5,5197.0,5167.5,5176.5,2424
2026-03-24 11:00:00+05:30,5176.5,5188.0,5172.5,5172.5,1028
2026-03-24 11:15:00+05:30,5172.5,5184.0,5160.5,5175.5,2181
2026-03-24 11:30:00+05:30,5175.5,5190.0,5175.5,5188.5,1131
2026-03-24 11:45:00+05:30,5182.5,5200.0,5180.0,5195.5,1760
2026-03-24 12:00:00+05:30,5195.5,5214.5,5195.5,5200.0,2799
2026-03-24 12:15:00+05:30,5200.0,5228.0,5191.5,5204.5,1415
2026-03-24 12:30:00+05:30,5205.0,5254.5,5205.0,5247.0,887
2026-03-24 12:45:00+05:30,5248.0,5254.5,5240.0,5244.5,1399
2026-03-24 13:00:00+05:30,5244.5,5252.5,5236.0,5244.5,2348
2026-03-24 13:15:00+05:30,5245.5,5247.5,5235.5,5244.5,1395
2026-03-24 13:30:00+05:30,5244.0,5267.5,5240.0,5263.0,1594
2026-03-24 13:45:00+05:30,5266.5,5297.5,5263.5,5294.5,2873
2026-03-24 14:00:00+05:30,5293.0,5300.0,5278.0,5289.0,1734
2026-03-24 14:15:00+05:30,5286.5,5302.0,5282.0,5291.0,1427
2026-03-24 14:30:00+05:30,5291.0,5300.0,5268.5,5273.5,1839
2026-03-24 14:45:00+05:30,5270.0,5285.5,5270.0,5284.0,2850
2026-03-24 15:00:00+05:30,5284.0,5304.5,5265.0,5297.5,9922
2026-03-24 15:15:00+05:30,5298.0,5304.5,5294.0,5301.0,9936
2026-03-25 09:15:00+05:30,5355.0,5355.0,5311.5,5332.5,4425
2026-03-25 09:30:00+05:30,5332.5,5352.0,5324.5,5328.0,2749
2026-03-25 09:45:00+05:30,5332.0,5336.5,5322.0,5322.0,1362
2026-03-25 10:00:00+05:30,5325.0,5385.5,5325.0,5377.0,4130
2026-03-25 10:15:00+05:30,5380.0,5388.0,5376.0,5380.0,1840
2026-03-25 10:30:00+05:30,5380.5,5390.5,5379.0,5390.5,1125
2026-03-25 10:45:00+05:30,5392.0,5397.0,5384.5,5389.5,1095
2026-03-25 11:00:00+05:30,5392.5,5423.5,5392.5,5419.5,3163
2026-03-25 11:15:00+05:30,5420.5,5430.0,5418.5,5424.0,2651
2026-03-25 11:30:00+05:30,5424.5,5443.5,5417.5,5440.0,5218
2026-03-25 11:45:00+05:30,5442.5,5449.5,5439.5,5444.5,1535
2026-03-25 12:00:00+05:30,5444.5,5452.0,5443.5,5450.5,1035
2026-03-25 12:15:00+05:30,5450.5,5453.5,5439.5,5453.0,1393
2026-03-25 12:30:00+05:30,5453.0,5463.0,5451.0,5463.0,820
2026-03-25 12:45:00+05:30,5463.0,5464.0,5430.5,5439.0,1720
2026-03-25 13:00:00+05:30,5443.5,5448.5,5438.5,5438.5,870
2026-03-25 13:15:00+05:30,5441.0,5441.0,5433.5,5441.0,759
2026-03-25 13:30:00+05:30,5441.0,5457.0,5439.5,5455.0,1197
2026-03-25 13:45:00+05:30,5455.5,5463.0,5448.0,5450.5,1686
2026-03-25 14:00:00+05:30,5451.0,5457.5,5447.0,5455.0,1545
2026-03-25 14:15:00+05:30,5455.0,5455.5,5436.5,5443.5,886
2026-03-25 14:30:00+05:30,5443.5,5443.5,5413.0,5434.0,4328
2026-03-25 14:45:00+05:30,5434.5,5438.0,5425.5,5438.0,4969
2026-03-25 15:00:00+05:30,5437.5,5440.0,5418.5,5436.0,3492
2026-03-25 15:15:00+05:30,5436.0,5445.0,5421.5,5434.5,7289
